reference,group,supply,nominal_nF,mpn,footprint,numeric_effective_capacitance_verified
C28,decoupling_core,VCCINT_1V0,470,GRT155R71A474KE01D,CoreSupport:Murata_GRT15_0402_Recommended,False
C29,decoupling_core,VCCINT_1V0,470,GRT155R71A474KE01D,CoreSupport:Murata_GRT15_0402_Recommended,False
C30,decoupling_core,VCCINT_1V0,470,GRT155R71A474KE01D,CoreSupport:Murata_GRT15_0402_Recommended,False
C31,decoupling_core,VCCINT_1V0,470,GRT155R71A474KE01D,CoreSupport:Murata_GRT15_0402_Recommended,False
C32,decoupling_core,VCCINT_1V0,470,GRT155R71A474KE01D,CoreSupport:Murata_GRT15_0402_Recommended,False
C33,decoupling_core,VCCINT_1V0,470,GRT155R71A474KE01D,CoreSupport:Murata_GRT15_0402_Recommended,False
C34,decoupling_core,VCCINT_1V0,470,GRT155R71A474KE01D,CoreSupport:Murata_GRT15_0402_Recommended,False
C35,decoupling_core,VCCINT_1V0,470,GRT155R71A474KE01D,CoreSupport:Murata_GRT15_0402_Recommended,False
C36,decoupling_bram,VCCINT_1V0,470,GRT155R71A474KE01D,CoreSupport:Murata_GRT15_0402_Recommended,False
C37,decoupling_bram,VCCINT_1V0,470,GRT155R71A474KE01D,CoreSupport:Murata_GRT15_0402_Recommended,False
C43,decoupling_aux,VCCAUX_1V8,470,GRT155R71A474KE01D,CoreSupport:Murata_GRT15_0402_Recommended,False
C44,decoupling_aux,VCCAUX_1V8,470,GRT155R71A474KE01D,CoreSupport:Murata_GRT15_0402_Recommended,False
C45,decoupling_aux,VCCAUX_1V8,470,GRT155R71A474KE01D,CoreSupport:Murata_GRT15_0402_Recommended,False
C46,decoupling_aux,VCCAUX_1V8,470,GRT155R71A474KE01D,CoreSupport:Murata_GRT15_0402_Recommended,False
C53,decoupling_bank14,VCCAUX_1V8,470,GRT155R71A474KE01D,CoreSupport:Murata_GRT15_0402_Recommended,False
C54,decoupling_bank14,VCCAUX_1V8,470,GRT155R71A474KE01D,CoreSupport:Murata_GRT15_0402_Recommended,False
C55,decoupling_bank14,VCCAUX_1V8,470,GRT155R71A474KE01D,CoreSupport:Murata_GRT15_0402_Recommended,False
C56,decoupling_bank14,VCCAUX_1V8,470,GRT155R71A474KE01D,CoreSupport:Murata_GRT15_0402_Recommended,False
C59,decoupling_bank16,VCC_LINK_2V5,470,GRT155R71A474KE01D,CoreSupport:Murata_GRT15_0402_Recommended,False
C60,decoupling_bank16,VCC_LINK_2V5,470,GRT155R71A474KE01D,CoreSupport:Murata_GRT15_0402_Recommended,False
C61,decoupling_bank16,VCC_LINK_2V5,470,GRT155R71A474KE01D,CoreSupport:Murata_GRT15_0402_Recommended,False
C62,decoupling_bank16,VCC_LINK_2V5,470,GRT155R71A474KE01D,CoreSupport:Murata_GRT15_0402_Recommended,False
C66,decoupling_bank15,VCC_ASIC_1V5,470,GRT155R71A474KE01D,CoreSupport:Murata_GRT15_0402_Recommended,False
C67,decoupling_bank15,VCC_ASIC_1V5,470,GRT155R71A474KE01D,CoreSupport:Murata_GRT15_0402_Recommended,False
C68,decoupling_bank15,VCC_ASIC_1V5,470,GRT155R71A474KE01D,CoreSupport:Murata_GRT15_0402_Recommended,False
C69,decoupling_bank15,VCC_ASIC_1V5,470,GRT155R71A474KE01D,CoreSupport:Murata_GRT15_0402_Recommended,False
C72,decoupling_bank34,VCC_ASIC_1V5,470,GRT155R71A474KE01D,CoreSupport:Murata_GRT15_0402_Recommended,False
C73,decoupling_bank34,VCC_ASIC_1V5,470,GRT155R71A474KE01D,CoreSupport:Murata_GRT15_0402_Recommended,False
C74,decoupling_bank34,VCC_ASIC_1V5,470,GRT155R71A474KE01D,CoreSupport:Murata_GRT15_0402_Recommended,False
C75,decoupling_bank34,VCC_ASIC_1V5,470,GRT155R71A474KE01D,CoreSupport:Murata_GRT15_0402_Recommended,False
C78,decoupling_bank35,VCC_ASIC_1V5,470,GRT155R71A474KE01D,CoreSupport:Murata_GRT15_0402_Recommended,False
C79,decoupling_bank35,VCC_ASIC_1V5,470,GRT155R71A474KE01D,CoreSupport:Murata_GRT15_0402_Recommended,False
C80,decoupling_bank35,VCC_ASIC_1V5,470,GRT155R71A474KE01D,CoreSupport:Murata_GRT15_0402_Recommended,False
C81,decoupling_bank35,VCC_ASIC_1V5,470,GRT155R71A474KE01D,CoreSupport:Murata_GRT15_0402_Recommended,False
C90,decoupling_xadc,VCCAUX_1V8,100,GRT155R71C104KE01D,CoreSupport:Murata_GRT15_0402_Recommended,False
