Reference,Value,MPN,Manufacturer,Footprint,Group,Tolerance,Voltage rating,Power rating,Temperature,Status,Qualification,Datasheet,DNP,Purchasable design item,X mm,Y mm,Side
U1,XC7A200T-1SBG484C,XC7A200T-1SBG484C,TBD,Howard:Xilinx_SBG484__U1,FPGA physical pins,TBD,TBD,TBD,TBD,XC7A200T device selection confirmed by user on 2026-09-21; 484 physical pins verified; bank/application plan incomplete,"Review component ratings, pin map and circuit function before release.",https://docs.amd.com/v/u/en-US/ug475_7Series_Pkg_Pinout,False,True,16.4,14.6,Top
U2,S25FL256SAGMFI000,S25FL256SAGMFI000,TBD,Howard:SOIC-16W_7.5x10.3mm_P1.27mm__U2,Boot flash and JTAG,TBD,TBD,TBD,TBD,PROPOSED,Exact model 00: RESET and VIO are not brought out. RFU and DNU left unconnected by design. Do not substitute a G/R model without review.,https://www.infineon.com/assets/row/public/documents/10/49/infineon-s25fl128s-s25fl256s-128-mb-16-mb-256-mb-32-mb-fl-s-flash-spi-multi-io-3-v-datasheet-en.pdf,False,True,6.5,18.100001,Bottom
J4,JTAG_CUSTOM_2x3_1.27mm,TBD,TBD,Howard:PinHeader_2x03_P1.27mm_Vertical__J4,Boot flash and JTAG,TBD,TBD,TBD,TBD,PROPOSED,Custom pin map: requires documented adapter to external programmer. VTREF senses target 3.3 V; not a power input. No direct Digilent/ARM pinout compatibility claimed.,,False,True,2.664999,28.63,Top
SW1,PROGRAM_B_RESET,TBD,TBD,Howard:SW_SPST_TL3305A__SW1,Boot flash and JTAG,TBD,TBD,TBD,TBD,PROPOSED,Candidate footprint; exact switch order code must be checked against mechanical drawing.,,False,True,7.825001,28.796001,Bottom
R101,4.7kOhm,CRCW02014K70FKED,Vishay,Howard:R_0201_0603Metric__R101,Boot flash and JTAG,1%,30 V limiting voltage,0.05 W at 70 C; derate above,-55 to +155 C,PROPOSED_POPULATE,0201 assembly process and solder inspection required; series resistor tuning after SI review.,https://www.vishay.com/doc/?20052=,False,True,12.475,19.625,Bottom
R102,4.7kOhm,CRCW02014K70FKED,Vishay,Howard:R_0201_0603Metric__R102,Boot flash and JTAG,1%,30 V limiting voltage,0.05 W at 70 C; derate above,-55 to +155 C,PROPOSED_POPULATE,0201 assembly process and solder inspection required; series resistor tuning after SI review.,https://www.vishay.com/doc/?20052=,False,True,8.325,11.575,Bottom
R103,10kOhm,CRCW020110K0FKED,Vishay,Howard:R_0201_0603Metric__R103,Boot flash and JTAG,1%,30 V limiting voltage,0.05 W at 70 C; derate above,-55 to +155 C,PROPOSED_POPULATE,0201 assembly process and solder inspection required; series resistor tuning after SI review.,https://www.vishay.com/doc/?20052=,False,True,1.875,18.425,Top
R104,4.7kOhm,CRCW02014K70FKED,Vishay,Howard:R_0201_0603Metric__R104,Boot flash and JTAG,1%,30 V limiting voltage,0.05 W at 70 C; derate above,-55 to +155 C,PROPOSED_POPULATE,0201 assembly process and solder inspection required; series resistor tuning after SI review.,https://www.vishay.com/doc/?20052=,False,True,3.325,24.575,Bottom
R105,4.7kOhm,CRCW02014K70FKED,Vishay,Howard:R_0201_0603Metric__R105,Boot flash and JTAG,1%,30 V limiting voltage,0.05 W at 70 C; derate above,-55 to +155 C,PROPOSED_POPULATE,0201 assembly process and solder inspection required; series resistor tuning after SI review.,https://www.vishay.com/doc/?20052=,False,True,1.875,20.025,Top
R106,4.7kOhm,CRCW02014K70FKED,Vishay,Howard:R_0201_0603Metric__R106,Boot flash and JTAG,1%,30 V limiting voltage,0.05 W at 70 C; derate above,-55 to +155 C,PROPOSED_POPULATE,0201 assembly process and solder inspection required; series resistor tuning after SI review.,https://www.vishay.com/doc/?20052=,False,True,2.725,22.275,Top
R107,1kOhm,CRCW02011K00FKED,Vishay,Howard:R_0201_0603Metric__R107,Boot flash and JTAG,1%,30 V limiting voltage,0.05 W at 70 C; derate above,-55 to +155 C,PROPOSED_POPULATE,0201 assembly process and solder inspection required; series resistor tuning after SI review.,https://www.vishay.com/doc/?20052=,False,True,0.875,18.425,Top
R108,1kOhm,CRCW02011K00FKED,Vishay,Howard:R_0201_0603Metric__R108,Boot flash and JTAG,1%,30 V limiting voltage,0.05 W at 70 C; derate above,-55 to +155 C,PROPOSED_POPULATE,0201 assembly process and solder inspection required; series resistor tuning after SI review.,https://www.vishay.com/doc/?20052=,False,True,3.325,25.475,Bottom
R109,1kOhm,CRCW02011K00FKED,Vishay,Howard:R_0201_0603Metric__R109,Boot flash and JTAG,1%,30 V limiting voltage,0.05 W at 70 C; derate above,-55 to +155 C,PROPOSED_POPULATE,0201 assembly process and solder inspection required; series resistor tuning after SI review.,https://www.vishay.com/doc/?20052=,False,True,0.775,16.725,Top
R110,1kOhm,CRCW02011K00FKED,Vishay,Howard:R_0201_0603Metric__R110,Boot flash and JTAG,1%,30 V limiting voltage,0.05 W at 70 C; derate above,-55 to +155 C,PROPOSED_POPULATE,0201 assembly process and solder inspection required; series resistor tuning after SI review.,https://www.vishay.com/doc/?20052=,False,True,1.725,24.575,Bottom
R111,22Ohm,CRCW020122R0FNED,Vishay,Howard:R_0201_0603Metric__R111,Boot flash and JTAG,1%,30 V limiting voltage,0.05 W at 70 C; derate above,-55 to +155 C,PROPOSED_POPULATE,0201 assembly process and solder inspection required; series resistor tuning after SI review.,https://www.vishay.com/doc/?20052=,False,True,1.525,21.275,Top
R112,0Ohm,CRCW02010000Z0ED,Vishay,Howard:R_0201_0603Metric__R112,Boot flash and JTAG,jumper <=50mOhm,30 V limiting voltage,0.05 W at 70 C; derate above,-55 to +155 C,PROPOSED_POPULATE,0201 assembly process and solder inspection required; series resistor tuning after SI review.,https://www.vishay.com/doc/?20052=,False,True,0.875,20.025,Top
R113,0Ohm,CRCW02010000Z0ED,Vishay,Howard:R_0201_0603Metric__R113,Boot flash and JTAG,jumper <=50mOhm,30 V limiting voltage,0.05 W at 70 C; derate above,-55 to +155 C,PROPOSED_POPULATE,0201 assembly process and solder inspection required; series resistor tuning after SI review.,https://www.vishay.com/doc/?20052=,False,True,2.725,23.175,Top
R114,0Ohm,CRCW02010000Z0ED,Vishay,Howard:R_0201_0603Metric__R114,Boot flash and JTAG,jumper <=50mOhm,30 V limiting voltage,0.05 W at 70 C; derate above,-55 to +155 C,PROPOSED_POPULATE,0201 assembly process and solder inspection required; series resistor tuning after SI review.,https://www.vishay.com/doc/?20052=,False,True,4.925,24.275,Top
R115,0Ohm,CRCW02010000Z0ED,Vishay,Howard:R_0201_0603Metric__R115,Boot flash and JTAG,jumper <=50mOhm,30 V limiting voltage,0.05 W at 70 C; derate above,-55 to +155 C,PROPOSED_POPULATE,0201 assembly process and solder inspection required; series resistor tuning after SI review.,https://www.vishay.com/doc/?20052=,False,True,0.775,15.125,Top
C101,100nF,C1005X7R1C104K050BC,TDK,Howard:C_0402_1005Metric__C101,Boot flash and JTAG,10%,16 V,TBD,-55 to +125 C; X7R,PROPOSED,Local flash bypass candidate; verify DC bias.,https://product.tdk.com/en/search/capacitor/ceramic/mlcc/info?part_no=C1005X7R1C104K050BC,False,True,12.585,15.635,Bottom
C102,1uF,C1005X5R1V105K050BC,TDK,Howard:C_0402_1005Metric__C102,Boot flash and JTAG,10%,35 V,TBD,-55 to +85 C; X5R,PROPOSED,Local flash bulk candidate; verify DC bias and temperature.,https://product.tdk.com/en/search/capacitor/ceramic/mlcc/info?part_no=C1005X5R1V105K050BC,False,True,6.535,11.485,Bottom
Y1,Oscillator frequency / MPN TBD,TBD,TBD,Howard:Oscillator_SMD_Abracon_ASE-4Pin_3.2x2.5mm__Y1,Clock and startup,TBD,TBD,TBD,TBD,RESERVATION_ONLY / ELECTRICAL REQUIREMENTS TBD,"Review component ratings, pin map and circuit function before release.",,False,True,30.0,2.8,Top
R120,TBD clock series resistor,TBD,TBD,Howard:R_0402_1005Metric__R120,Clock and startup,TBD,TBD,TBD,TBD,RESERVATION_ONLY / ELECTRICAL REQUIREMENTS TBD,"Review component ratings, pin map and circuit function before release.",,False,True,27.795,5.655,Top
R121,TBD oscillator control resistor,TBD,TBD,Howard:R_0402_1005Metric__R121,Clock and startup,TBD,TBD,TBD,TBD,RESERVATION_ONLY / ELECTRICAL REQUIREMENTS TBD,"Review component ratings, pin map and circuit function before release.",,False,True,34.955,1.295,Top
C120,TBD oscillator bypass,TBD,TBD,Howard:C_0603_1608Metric__C120,Clock and startup,TBD,TBD,TBD,TBD,RESERVATION_ONLY / ELECTRICAL REQUIREMENTS TBD,"Review component ratings, pin map and circuit function before release.",,False,True,30.005,5.455,Top
R130,0R / DNP,TBD,TBD,Howard:R_0402_1005Metric__R130,Bank voltage options,TBD,TBD,TBD,TBD,DNP voltage-option proposal; do not populate before bank/interface review,"Review component ratings, pin map and circuit function before release.",,True,True,29.955,4.695,Bottom
R131,0R / DNP,TBD,TBD,Howard:R_0402_1005Metric__R131,Bank voltage options,TBD,TBD,TBD,TBD,DNP voltage-option proposal; do not populate before bank/interface review,"Review component ratings, pin map and circuit function before release.",,True,True,29.955,1.295,Bottom
R132,0R / DNP,TBD,TBD,Howard:R_0402_1005Metric__R132,Bank voltage options,TBD,TBD,TBD,TBD,DNP voltage-option proposal; do not populate before bank/interface review,"Review component ratings, pin map and circuit function before release.",,True,True,27.755,1.795,Bottom
R133,0R / DNP,TBD,TBD,Howard:R_0402_1005Metric__R133,Bank voltage options,TBD,TBD,TBD,TBD,DNP voltage-option proposal; do not populate before bank/interface review,"Review component ratings, pin map and circuit function before release.",,True,True,32.055,4.695,Bottom
R134,0R / DNP,TBD,TBD,Howard:R_0402_1005Metric__R134,Bank voltage options,TBD,TBD,TBD,TBD,DNP voltage-option proposal; do not populate before bank/interface review,"Review component ratings, pin map and circuit function before release.",,True,True,32.055,1.295,Bottom
U4,ADP5052ACPZ-R7,ADP5052ACPZ-R7,TBD,Howard:ADP5052_CP48_13_DRAFT__U4,Power conversion,TBD,TBD,TBD,TBD,pin_map_verified_design_proposed; land pattern/paste/thermal-via geometry not released,"Review component ratings, pin map and circuit function before release.",https://www.analog.com/media/en/technical-documentation/data-sheets/ADP5052.PDF,False,True,22.0,23.4,Bottom
Q1,Si7232DN-T1-GE3 - ONE dual NFET package,Si7232DN-T1-GE3,TBD,Howard:Vishay_PowerPAK_1212-8_Dual__Q1,Power conversion,TBD,TBD,TBD,TBD,pin_map_verified_candidate,"Review component ratings, pin map and circuit function before release.",https://www.vishay.com/docs/68986/si7232dn.pdf,False,True,14.8,23.4,Bottom
L1,3.3 uH proposed,XAL6030-332MEC,TBD,Howard:L_Coilcraft_XAL6030-XXX__L1,Power conversion,TBD,TBD,TBD,TBD,calculated_inductance_candidate_mpn,"Review component ratings, pin map and circuit function before release.",https://www.coilcraft.com/en-us/products/power/shielded-inductors/molded-inductor/xal/,False,True,27.75,30.37,Top
R301,2.49k 0.1%,TBD,TBD,Howard:R_0402_1005Metric__R301,Power conversion,TBD,TBD,TBD,TBD,proposed,"Review component ratings, pin map and circuit function before release.",,False,True,21.955,18.695,Bottom
R302,10k 0.1%,TBD,TBD,Howard:R_0402_1005Metric__R302,Power conversion,TBD,TBD,TBD,TBD,proposed,"Review component ratings, pin map and circuit function before release.",,False,True,26.695,26.855,Bottom
C301,100nF 16V X7R,TBD,TBD,Howard:C_0402_1005Metric__C301,Power conversion,TBD,TBD,TBD,TBD,proposed,"Review component ratings, pin map and circuit function before release.",,False,True,11.435,24.685,Bottom
C305,10uF 25V X5R/X7R,TBD,TBD,Howard:C_1206_3216Metric__C305,Power conversion,TBD,TBD,TBD,TBD,proposed,"Review component ratings, pin map and circuit function before release.",,False,True,21.425,26.475,Top
R309,TBD compensation R,TBD,TBD,Howard:R_0402_1005Metric__R309,Power conversion,TBD,TBD,TBD,TBD,TBD_NOT_RELEASED,"Review component ratings, pin map and circuit function before release.",,False,True,21.955,17.495,Bottom
C311,TBD compensation C,TBD,TBD,Howard:C_0402_1005Metric__C311,Power conversion,TBD,TBD,TBD,TBD,TBD_NOT_RELEASED,"Review component ratings, pin map and circuit function before release.",,False,True,30.885,31.635,Bottom
C315,DNP optional compensation pole C,TBD,TBD,Howard:C_0402_1005Metric__C315,Power conversion,TBD,TBD,TBD,TBD,OPTIONAL_TBD,"Review component ratings, pin map and circuit function before release.",,True,True,12.885,29.635,Top
L2,4.7 uH proposed,XAL6060-472MEC,TBD,Howard:L_Coilcraft_XAL6060-XXX__L2,Power conversion,TBD,TBD,TBD,TBD,calculated_inductance_candidate_mpn,"Review component ratings, pin map and circuit function before release.",https://www.coilcraft.com/en-us/products/power/shielded-inductors/molded-inductor/xal/,False,True,26.7,15.0,Bottom
R303,12.7k 0.1%,TBD,TBD,Howard:R_0402_1005Metric__R303,Power conversion,TBD,TBD,TBD,TBD,proposed,"Review component ratings, pin map and circuit function before release.",,False,True,24.855,25.795,Top
R304,10.2k 0.1%,TBD,TBD,Howard:R_0402_1005Metric__R304,Power conversion,TBD,TBD,TBD,TBD,proposed,"Review component ratings, pin map and circuit function before release.",,False,True,27.795,26.855,Bottom
C302,100nF 16V X7R,TBD,TBD,Howard:C_0402_1005Metric__C302,Power conversion,TBD,TBD,TBD,TBD,proposed,"Review component ratings, pin map and circuit function before release.",,False,True,34.585,23.435,Bottom
C306,10uF 25V X5R/X7R,TBD,TBD,Howard:C_1206_3216Metric__C306,Power conversion,TBD,TBD,TBD,TBD,proposed,"Review component ratings, pin map and circuit function before release.",,False,True,15.425,20.175,Bottom
R310,TBD compensation R,TBD,TBD,Howard:R_0402_1005Metric__R310,Power conversion,TBD,TBD,TBD,TBD,TBD_NOT_RELEASED,"Review component ratings, pin map and circuit function before release.",,False,True,18.495,26.255,Top
C312,TBD compensation C,TBD,TBD,Howard:C_0402_1005Metric__C312,Power conversion,TBD,TBD,TBD,TBD,TBD_NOT_RELEASED,"Review component ratings, pin map and circuit function before release.",,False,True,16.535,34.785,Bottom
C316,DNP optional compensation pole C,TBD,TBD,Howard:C_0402_1005Metric__C316,Power conversion,TBD,TBD,TBD,TBD,OPTIONAL_TBD,"Review component ratings, pin map and circuit function before release.",,True,True,13.735,31.285,Top
L3,10 uH proposed,XAL4040-103MEC,TBD,Howard:L_Coilcraft_XAL4040-XXX__L3,Power conversion,TBD,TBD,TBD,TBD,calculated_inductance_candidate_mpn,"Review component ratings, pin map and circuit function before release.",https://www.coilcraft.com/en-us/products/power/shielded-inductors/molded-inductor/xal/,False,True,17.0,31.7,Bottom
R305,8.87k 0.1%,TBD,TBD,Howard:R_0402_1005Metric__R305,Power conversion,TBD,TBD,TBD,TBD,proposed,"Review component ratings, pin map and circuit function before release.",,False,True,21.955,16.295,Bottom
R306,10.2k 0.1%,TBD,TBD,Howard:R_0402_1005Metric__R306,Power conversion,TBD,TBD,TBD,TBD,proposed,"Review component ratings, pin map and circuit function before release.",,False,True,28.895,26.855,Bottom
C303,100nF 16V X7R,TBD,TBD,Howard:C_0402_1005Metric__C303,Power conversion,TBD,TBD,TBD,TBD,proposed,"Review component ratings, pin map and circuit function before release.",,False,True,24.035,35.985,Bottom
C307,10uF 25V X5R/X7R,TBD,TBD,Howard:C_1206_3216Metric__C307,Power conversion,TBD,TBD,TBD,TBD,proposed,"Review component ratings, pin map and circuit function before release.",,False,True,29.425,25.575,Top
R311,TBD compensation R,TBD,TBD,Howard:R_0402_1005Metric__R311,Power conversion,TBD,TBD,TBD,TBD,TBD_NOT_RELEASED,"Review component ratings, pin map and circuit function before release.",,False,True,21.955,15.195,Bottom
C313,TBD compensation C,TBD,TBD,Howard:C_0402_1005Metric__C313,Power conversion,TBD,TBD,TBD,TBD,TBD_NOT_RELEASED,"Review component ratings, pin map and circuit function before release.",,False,True,16.935,33.885,Top
C317,DNP optional compensation pole C,TBD,TBD,Howard:C_0402_1005Metric__C317,Power conversion,TBD,TBD,TBD,TBD,OPTIONAL_TBD,"Review component ratings, pin map and circuit function before release.",,True,True,11.685,31.135,Bottom
L4,22 uH proposed,XAL6060-223MEC,TBD,Howard:L_Coilcraft_XAL6060-XXX__L4,Power conversion,TBD,TBD,TBD,TBD,calculated_inductance_candidate_mpn,"Review component ratings, pin map and circuit function before release.",https://www.coilcraft.com/en-us/products/power/shielded-inductors/molded-inductor/xal/,False,True,26.7,31.7,Bottom
R307,31.6k 0.1%,TBD,TBD,Howard:R_0402_1005Metric__R307,Power conversion,TBD,TBD,TBD,TBD,proposed,"Review component ratings, pin map and circuit function before release.",,False,True,21.955,14.095,Bottom
R308,10.2k 0.1%,TBD,TBD,Howard:R_0402_1005Metric__R308,Power conversion,TBD,TBD,TBD,TBD,proposed,"Review component ratings, pin map and circuit function before release.",,False,True,13.895,29.755,Bottom
C304,100nF 16V X7R,TBD,TBD,Howard:C_0402_1005Metric__C304,Power conversion,TBD,TBD,TBD,TBD,proposed,"Review component ratings, pin map and circuit function before release.",,False,True,18.635,35.885,Bottom
C308,10uF 25V X5R/X7R,TBD,TBD,Howard:C_1206_3216Metric__C308,Power conversion,TBD,TBD,TBD,TBD,proposed,"Review component ratings, pin map and circuit function before release.",,False,True,11.775,27.725,Bottom
R312,TBD compensation R,TBD,TBD,Howard:R_0402_1005Metric__R312,Power conversion,TBD,TBD,TBD,TBD,TBD_NOT_RELEASED,"Review component ratings, pin map and circuit function before release.",,False,True,16.855,30.595,Top
C314,TBD compensation C,TBD,TBD,Howard:C_0402_1005Metric__C314,Power conversion,TBD,TBD,TBD,TBD,TBD_NOT_RELEASED,"Review component ratings, pin map and circuit function before release.",,False,True,31.985,31.635,Bottom
C318,DNP optional compensation pole C,TBD,TBD,Howard:C_0402_1005Metric__C318,Power conversion,TBD,TBD,TBD,TBD,OPTIONAL_TBD,"Review component ratings, pin map and circuit function before release.",,True,True,14.835,32.685,Top
C309,1uF 10V X5R/X7R,TBD,TBD,Howard:C_0402_1005Metric__C309,Power conversion,TBD,TBD,TBD,TBD,proposed,"Review component ratings, pin map and circuit function before release.",,False,True,26.035,35.985,Bottom
C310,1uF 10V X5R/X7R,TBD,TBD,Howard:C_0402_1005Metric__C310,Power conversion,TBD,TBD,TBD,TBD,proposed,"Review component ratings, pin map and circuit function before release.",,False,True,13.435,33.485,Bottom
R313,68.1k 0.1%,TBD,TBD,Howard:R_0402_1005Metric__R313,Power conversion,TBD,TBD,TBD,TBD,proposed,"Review component ratings, pin map and circuit function before release.",,False,True,21.955,12.995,Bottom
R314,22k 1%,TBD,TBD,Howard:R_0402_1005Metric__R314,Power conversion,TBD,TBD,TBD,TBD,proposed,"Review component ratings, pin map and circuit function before release.",,False,True,12.795,17.755,Bottom
R315,22k 1%,TBD,TBD,Howard:R_0402_1005Metric__R315,Power conversion,TBD,TBD,TBD,TBD,proposed,"Review component ratings, pin map and circuit function before release.",,False,True,16.855,31.695,Top
R316,10k 1%,TBD,TBD,Howard:R_0402_1005Metric__R316,Power conversion,TBD,TBD,TBD,TBD,proposed,"Review component ratings, pin map and circuit function before release.",,False,True,33.495,23.455,Bottom
R317,100k 1%,TBD,TBD,Howard:R_0402_1005Metric__R317,Power conversion,TBD,TBD,TBD,TBD,proposed,"Review component ratings, pin map and circuit function before release.",,False,True,21.955,11.895,Bottom
R318,115k 1%,TBD,TBD,Howard:R_0402_1005Metric__R318,Power conversion,TBD,TBD,TBD,TBD,proposed,"Review component ratings, pin map and circuit function before release.",,False,True,13.995,29.655,Top
R319,10k 1%,TBD,TBD,Howard:R_0402_1005Metric__R319,Power conversion,TBD,TBD,TBD,TBD,proposed,"Review component ratings, pin map and circuit function before release.",,False,True,15.295,31.055,Top
R320,10k 1%,TBD,TBD,Howard:R_0402_1005Metric__R320,Power conversion,TBD,TBD,TBD,TBD,proposed,"Review component ratings, pin map and circuit function before release.",,False,True,13.895,31.855,Bottom
R321,10k 1%,TBD,TBD,Howard:R_0402_1005Metric__R321,Power conversion,TBD,TBD,TBD,TBD,proposed,"Review component ratings, pin map and circuit function before release.",,False,True,18.555,34.795,Bottom
R322,DNP soft-start top option,TBD,TBD,Howard:R_0402_1005Metric__R322,Power conversion,TBD,TBD,TBD,TBD,OPTIONAL_TBD,"Review component ratings, pin map and circuit function before release.",,True,True,32.395,25.355,Top
R323,0R - 8ms soft start,TBD,TBD,Howard:R_0402_1005Metric__R323,Power conversion,TBD,TBD,TBD,TBD,proposed,"Review component ratings, pin map and circuit function before release.",,False,True,16.855,32.795,Top
R324,DNP soft-start top option,TBD,TBD,Howard:R_0402_1005Metric__R324,Power conversion,TBD,TBD,TBD,TBD,OPTIONAL_TBD,"Review component ratings, pin map and circuit function before release.",,True,True,12.795,31.155,Bottom
R325,0R - 8ms soft start,TBD,TBD,Howard:R_0402_1005Metric__R325,Power conversion,TBD,TBD,TBD,TBD,proposed,"Review component ratings, pin map and circuit function before release.",,False,True,33.955,25.095,Bottom
C319,100uF 6.3V local-output PROVISIONAL,TBD,TBD,Howard:C_1210_3225Metric__C319,Power conversion,TBD,TBD,TBD,TBD,PROVISIONAL_CAPACITANCE_LEDGER_REVIEW,"Review component ratings, pin map and circuit function before release.",,False,True,27.825,23.425,Bottom
C320,100uF 6.3V local-output PROVISIONAL,TBD,TBD,Howard:C_1210_3225Metric__C320,Power conversion,TBD,TBD,TBD,TBD,PROVISIONAL_CAPACITANCE_LEDGER_REVIEW,"Review component ratings, pin map and circuit function before release.",,False,True,21.325,29.925,Bottom
C321,47uF 6.3V local-output PROVISIONAL,TBD,TBD,Howard:C_1210_3225Metric__C321,Power conversion,TBD,TBD,TBD,TBD,PROVISIONAL_CAPACITANCE_LEDGER_REVIEW,"Review component ratings, pin map and circuit function before release.",,False,True,15.425,27.025,Bottom
C322,47uF 6.3V local-output PROVISIONAL,TBD,TBD,Howard:C_1210_3225Metric__C322,Power conversion,TBD,TBD,TBD,TBD,PROVISIONAL_CAPACITANCE_LEDGER_REVIEW,"Review component ratings, pin map and circuit function before release.",,False,True,16.225,27.625,Top
C323,47uF 6.3V local-output PROVISIONAL,TBD,TBD,Howard:C_1210_3225Metric__C323,Power conversion,TBD,TBD,TBD,TBD,PROVISIONAL_CAPACITANCE_LEDGER_REVIEW,"Review component ratings, pin map and circuit function before release.",,False,True,31.225,23.425,Bottom
C324,22uF 6.3V local-output PROVISIONAL,TBD,TBD,Howard:C_1210_3225Metric__C324,Power conversion,TBD,TBD,TBD,TBD,PROVISIONAL_CAPACITANCE_LEDGER_REVIEW,"Review component ratings, pin map and circuit function before release.",,False,True,32.025,18.625,Bottom
C325,22uF 6.3V local-output PROVISIONAL,TBD,TBD,Howard:C_1210_3225Metric__C325,Power conversion,TBD,TBD,TBD,TBD,PROVISIONAL_CAPACITANCE_LEDGER_REVIEW,"Review component ratings, pin map and circuit function before release.",,False,True,32.025,28.225,Bottom
C326,22uF 6.3V local-output PROVISIONAL,TBD,TBD,Howard:C_1210_3225Metric__C326,Power conversion,TBD,TBD,TBD,TBD,PROVISIONAL_CAPACITANCE_LEDGER_REVIEW,"Review component ratings, pin map and circuit function before release.",,False,True,21.325,34.725,Bottom
C327,22uF 6.3V local-output PROVISIONAL,TBD,TBD,Howard:C_1210_3225Metric__C327,Power conversion,TBD,TBD,TBD,TBD,PROVISIONAL_CAPACITANCE_LEDGER_REVIEW,"Review component ratings, pin map and circuit function before release.",,False,True,12.125,26.925,Top
U3,Recording RAM / exact part TBD,TBD,TBD,Howard:Micron_FBGA-96_8x14mm_Layout9x16_P0.8mm__U3,Recording memory reservation,TBD,TBD,TBD,TBD,RESERVATION_ONLY / ELECTRICAL REQUIREMENTS TBD,"Review component ratings, pin map and circuit function before release.",,False,True,33.0,16.2,Top
J1,Routing 80-contact / proxy,TBD,TBD,Howard:Hirose_DF40C-80DS-0.4V_2x40_P0.4mm__J1,Routing board reservation,TBD,TBD,TBD,TBD,RESERVATION_ONLY / ELECTRICAL REQUIREMENTS TBD,"Review component ratings, pin map and circuit function before release.",,False,True,10.65,8.3,Bottom
J2,Routing 80-contact / proxy,TBD,TBD,Howard:Hirose_DF40C-80DS-0.4V_2x40_P0.4mm__J2,Routing board reservation,TBD,TBD,TBD,TBD,RESERVATION_ONLY / ELECTRICAL REQUIREMENTS TBD,"Review component ratings, pin map and circuit function before release.",,False,True,31.350001,8.3,Bottom
J3,Micro-HDMI / custom-link pinout TBD,TBD,TBD,Howard:HDMI_Micro-D_Molex_46765-1xxx__J3,micro-HDMI reservation,TBD,TBD,TBD,TBD,RESERVATION_ONLY / ELECTRICAL REQUIREMENTS TBD,"Review component ratings, pin map and circuit function before release.",,False,True,39.6,29.8,Top
J5,DC INPUT / 12V proposal,TBD,TBD,Howard:JST_PH_B2B-PH-K_1x02_P2.00mm_Vertical__J5,Power input and test,TBD,TBD,TBD,TBD,"Connector/input proposal; exact connector MPN, current, polarity and external supply limits TBD","Review component ratings, pin map and circuit function before release.",,False,True,9.5,35.650001,Top
F1,FUSE / rating TBD,TBD,TBD,Howard:Fuse_1206_3216Metric__F1,Power input and test,TBD,TBD,TBD,TBD,Input-protection type/current/rating TBD; no reverse-polarity or surge design is implied,"Review component ratings, pin map and circuit function before release.",,False,True,9.300001,30.5,Top
C1,680uF,TBD,TBD,Howard:CP_EIA-7343-43_Kemet-X__C1,FPGA decoupling,TBD,TBD,TBD,TBD,UG483 capacitor ledger proposal; ratings/MPN/effective capacitance and placement review pending,"Review component ratings, pin map and circuit function before release.",https://docs.amd.com/v/u/en-US/ug483_7Series_PCB,False,True,20.500001,32.600001,Top
C2,4.7uF,C1005X5R1A475K050BC,TDK,Howard:C_0402_1005Metric__C2,FPGA decoupling,10%,10 V,TBD,-55 to +85 C; X5R,UG483 capacitor ledger proposal; ratings/MPN/effective capacitance and placement review pending,"Do not release until DC bias, temperature and FPGA PDN checks pass.",https://product.tdk.com/en/search/capacitor/ceramic/mlcc/info?part_no=C1005X5R1A475K050BC,False,True,12.785,13.635,Bottom
C3,4.7uF,C1005X5R1A475K050BC,TDK,Howard:C_0402_1005Metric__C3,FPGA decoupling,10%,10 V,TBD,-55 to +85 C; X5R,UG483 capacitor ledger proposal; ratings/MPN/effective capacitance and placement review pending,"Do not release until DC bias, temperature and FPGA PDN checks pass.",https://product.tdk.com/en/search/capacitor/ceramic/mlcc/info?part_no=C1005X5R1A475K050BC,False,True,12.335,11.485,Bottom
C4,4.7uF,C1005X5R1A475K050BC,TDK,Howard:C_0402_1005Metric__C4,FPGA decoupling,10%,10 V,TBD,-55 to +85 C; X5R,UG483 capacitor ledger proposal; ratings/MPN/effective capacitance and placement review pending,"Do not release until DC bias, temperature and FPGA PDN checks pass.",https://product.tdk.com/en/search/capacitor/ceramic/mlcc/info?part_no=C1005X5R1A475K050BC,False,True,10.335,11.485,Bottom
C5,4.7uF,C1005X5R1A475K050BC,TDK,Howard:C_0402_1005Metric__C5,FPGA decoupling,10%,10 V,TBD,-55 to +85 C; X5R,UG483 capacitor ledger proposal; ratings/MPN/effective capacitance and placement review pending,"Do not release until DC bias, temperature and FPGA PDN checks pass.",https://product.tdk.com/en/search/capacitor/ceramic/mlcc/info?part_no=C1005X5R1A475K050BC,False,True,4.535,11.485,Bottom
C6,4.7uF,C1005X5R1A475K050BC,TDK,Howard:C_0402_1005Metric__C6,FPGA decoupling,10%,10 V,TBD,-55 to +85 C; X5R,UG483 capacitor ledger proposal; ratings/MPN/effective capacitance and placement review pending,"Do not release until DC bias, temperature and FPGA PDN checks pass.",https://product.tdk.com/en/search/capacitor/ceramic/mlcc/info?part_no=C1005X5R1A475K050BC,False,True,19.835,3.385,Top
C7,4.7uF,C1005X5R1A475K050BC,TDK,Howard:C_0402_1005Metric__C7,FPGA decoupling,10%,10 V,TBD,-55 to +85 C; X5R,UG483 capacitor ledger proposal; ratings/MPN/effective capacitance and placement review pending,"Do not release until DC bias, temperature and FPGA PDN checks pass.",https://product.tdk.com/en/search/capacitor/ceramic/mlcc/info?part_no=C1005X5R1A475K050BC,False,True,19.435,1.785,Bottom
C8,4.7uF,C1005X5R1A475K050BC,TDK,Howard:C_0402_1005Metric__C8,FPGA decoupling,10%,10 V,TBD,-55 to +85 C; X5R,UG483 capacitor ledger proposal; ratings/MPN/effective capacitance and placement review pending,"Do not release until DC bias, temperature and FPGA PDN checks pass.",https://product.tdk.com/en/search/capacitor/ceramic/mlcc/info?part_no=C1005X5R1A475K050BC,False,True,13.235,1.785,Bottom
C9,4.7uF,C1005X5R1A475K050BC,TDK,Howard:C_0402_1005Metric__C9,FPGA decoupling,10%,10 V,TBD,-55 to +85 C; X5R,UG483 capacitor ledger proposal; ratings/MPN/effective capacitance and placement review pending,"Do not release until DC bias, temperature and FPGA PDN checks pass.",https://product.tdk.com/en/search/capacitor/ceramic/mlcc/info?part_no=C1005X5R1A475K050BC,False,True,16.435,0.985,Bottom
C10,4.7uF,C1005X5R1A475K050BC,TDK,Howard:C_0402_1005Metric__C10,FPGA decoupling,10%,10 V,TBD,-55 to +85 C; X5R,UG483 capacitor ledger proposal; ratings/MPN/effective capacitance and placement review pending,"Do not release until DC bias, temperature and FPGA PDN checks pass.",https://product.tdk.com/en/search/capacitor/ceramic/mlcc/info?part_no=C1005X5R1A475K050BC,False,True,21.435,1.785,Bottom
C11,4.7uF,C1005X5R1A475K050BC,TDK,Howard:C_0402_1005Metric__C11,FPGA decoupling,10%,10 V,TBD,-55 to +85 C; X5R,UG483 capacitor ledger proposal; ratings/MPN/effective capacitance and placement review pending,"Do not release until DC bias, temperature and FPGA PDN checks pass.",https://product.tdk.com/en/search/capacitor/ceramic/mlcc/info?part_no=C1005X5R1A475K050BC,False,True,11.235,1.785,Bottom
C12,4.7uF,C1005X5R1A475K050BC,TDK,Howard:C_0402_1005Metric__C12,FPGA decoupling,10%,10 V,TBD,-55 to +85 C; X5R,UG483 capacitor ledger proposal; ratings/MPN/effective capacitance and placement review pending,"Do not release until DC bias, temperature and FPGA PDN checks pass.",https://product.tdk.com/en/search/capacitor/ceramic/mlcc/info?part_no=C1005X5R1A475K050BC,False,True,19.835,2.285,Top
C13,4.7uF,C1005X5R1A475K050BC,TDK,Howard:C_0402_1005Metric__C13,FPGA decoupling,10%,10 V,TBD,-55 to +85 C; X5R,UG483 capacitor ledger proposal; ratings/MPN/effective capacitance and placement review pending,"Do not release until DC bias, temperature and FPGA PDN checks pass.",https://product.tdk.com/en/search/capacitor/ceramic/mlcc/info?part_no=C1005X5R1A475K050BC,False,True,2.535,11.485,Bottom
C14,0.47uF,C0603X5R1A474M030BC,TDK,Howard:C_0201_0603Metric__C14,FPGA decoupling,20%,10 V,TBD,-55 to +85 C; X5R,UG483 capacitor ledger proposal; ratings/MPN/effective capacitance and placement review pending,"Do not release until DC bias, temperature and FPGA PDN checks pass.",https://product.tdk.com/en/search/capacitor/ceramic/mlcc/info?part_no=C0603X5R1A474M030BC,False,True,20.975,10.425,Bottom
C15,0.47uF,C0603X5R1A474M030BC,TDK,Howard:C_0201_0603Metric__C15,FPGA decoupling,20%,10 V,TBD,-55 to +85 C; X5R,UG483 capacitor ledger proposal; ratings/MPN/effective capacitance and placement review pending,"Do not release until DC bias, temperature and FPGA PDN checks pass.",https://product.tdk.com/en/search/capacitor/ceramic/mlcc/info?part_no=C0603X5R1A474M030BC,False,True,20.975,8.825,Bottom
C16,0.47uF,C0603X5R1A474M030BC,TDK,Howard:C_0201_0603Metric__C16,FPGA decoupling,20%,10 V,TBD,-55 to +85 C; X5R,UG483 capacitor ledger proposal; ratings/MPN/effective capacitance and placement review pending,"Do not release until DC bias, temperature and FPGA PDN checks pass.",https://product.tdk.com/en/search/capacitor/ceramic/mlcc/info?part_no=C0603X5R1A474M030BC,False,True,20.975,7.225,Bottom
C17,0.47uF,C0603X5R1A474M030BC,TDK,Howard:C_0201_0603Metric__C17,FPGA decoupling,20%,10 V,TBD,-55 to +85 C; X5R,UG483 capacitor ledger proposal; ratings/MPN/effective capacitance and placement review pending,"Do not release until DC bias, temperature and FPGA PDN checks pass.",https://product.tdk.com/en/search/capacitor/ceramic/mlcc/info?part_no=C0603X5R1A474M030BC,False,True,26.575,19.525,Bottom
C18,0.47uF,C0603X5R1A474M030BC,TDK,Howard:C_0201_0603Metric__C18,FPGA decoupling,20%,10 V,TBD,-55 to +85 C; X5R,UG483 capacitor ledger proposal; ratings/MPN/effective capacitance and placement review pending,"Do not release until DC bias, temperature and FPGA PDN checks pass.",https://product.tdk.com/en/search/capacitor/ceramic/mlcc/info?part_no=C0603X5R1A474M030BC,False,True,18.625,27.975,Bottom
C19,0.47uF,C0603X5R1A474M030BC,TDK,Howard:C_0201_0603Metric__C19,FPGA decoupling,20%,10 V,TBD,-55 to +85 C; X5R,UG483 capacitor ledger proposal; ratings/MPN/effective capacitance and placement review pending,"Do not release until DC bias, temperature and FPGA PDN checks pass.",https://product.tdk.com/en/search/capacitor/ceramic/mlcc/info?part_no=C0603X5R1A474M030BC,False,True,18.225,0.775,Bottom
C20,0.47uF,C0603X5R1A474M030BC,TDK,Howard:C_0201_0603Metric__C20,FPGA decoupling,20%,10 V,TBD,-55 to +85 C; X5R,UG483 capacitor ledger proposal; ratings/MPN/effective capacitance and placement review pending,"Do not release until DC bias, temperature and FPGA PDN checks pass.",https://product.tdk.com/en/search/capacitor/ceramic/mlcc/info?part_no=C0603X5R1A474M030BC,False,True,14.525,0.775,Bottom
C21,0.47uF,C0603X5R1A474M030BC,TDK,Howard:C_0201_0603Metric__C21,FPGA decoupling,20%,10 V,TBD,-55 to +85 C; X5R,UG483 capacitor ledger proposal; ratings/MPN/effective capacitance and placement review pending,"Do not release until DC bias, temperature and FPGA PDN checks pass.",https://product.tdk.com/en/search/capacitor/ceramic/mlcc/info?part_no=C0603X5R1A474M030BC,False,True,19.825,0.775,Bottom
C22,0.47uF,C0603X5R1A474M030BC,TDK,Howard:C_0201_0603Metric__C22,FPGA decoupling,20%,10 V,TBD,-55 to +85 C; X5R,UG483 capacitor ledger proposal; ratings/MPN/effective capacitance and placement review pending,"Do not release until DC bias, temperature and FPGA PDN checks pass.",https://product.tdk.com/en/search/capacitor/ceramic/mlcc/info?part_no=C0603X5R1A474M030BC,False,True,12.925,0.775,Bottom
C23,0.47uF,C0603X5R1A474M030BC,TDK,Howard:C_0201_0603Metric__C23,FPGA decoupling,20%,10 V,TBD,-55 to +85 C; X5R,UG483 capacitor ledger proposal; ratings/MPN/effective capacitance and placement review pending,"Do not release until DC bias, temperature and FPGA PDN checks pass.",https://product.tdk.com/en/search/capacitor/ceramic/mlcc/info?part_no=C0603X5R1A474M030BC,False,True,21.425,0.775,Bottom
C24,0.47uF,C0603X5R1A474M030BC,TDK,Howard:C_0201_0603Metric__C24,FPGA decoupling,20%,10 V,TBD,-55 to +85 C; X5R,UG483 capacitor ledger proposal; ratings/MPN/effective capacitance and placement review pending,"Do not release until DC bias, temperature and FPGA PDN checks pass.",https://product.tdk.com/en/search/capacitor/ceramic/mlcc/info?part_no=C0603X5R1A474M030BC,False,True,11.325,0.775,Bottom
C25,0.47uF,C0603X5R1A474M030BC,TDK,Howard:C_0201_0603Metric__C25,FPGA decoupling,20%,10 V,TBD,-55 to +85 C; X5R,UG483 capacitor ledger proposal; ratings/MPN/effective capacitance and placement review pending,"Do not release until DC bias, temperature and FPGA PDN checks pass.",https://product.tdk.com/en/search/capacitor/ceramic/mlcc/info?part_no=C0603X5R1A474M030BC,False,True,23.025,0.775,Bottom
C26,0.47uF,C0603X5R1A474M030BC,TDK,Howard:C_0201_0603Metric__C26,FPGA decoupling,20%,10 V,TBD,-55 to +85 C; X5R,UG483 capacitor ledger proposal; ratings/MPN/effective capacitance and placement review pending,"Do not release until DC bias, temperature and FPGA PDN checks pass.",https://product.tdk.com/en/search/capacitor/ceramic/mlcc/info?part_no=C0603X5R1A474M030BC,False,True,6.925,25.675,Top
C27,0.47uF,C0603X5R1A474M030BC,TDK,Howard:C_0201_0603Metric__C27,FPGA decoupling,20%,10 V,TBD,-55 to +85 C; X5R,UG483 capacitor ledger proposal; ratings/MPN/effective capacitance and placement review pending,"Do not release until DC bias, temperature and FPGA PDN checks pass.",https://product.tdk.com/en/search/capacitor/ceramic/mlcc/info?part_no=C0603X5R1A474M030BC,False,True,6.425,3.475,Top
C28,100uF,TBD,TBD,Howard:C_1210_3225Metric__C28,FPGA decoupling,TBD,TBD,TBD,TBD,UG483 capacitor ledger proposal; ratings/MPN/effective capacitance and placement review pending,"Review component ratings, pin map and circuit function before release.",https://docs.amd.com/v/u/en-US/ug483_7Series_PCB,False,True,20.825,4.025,Bottom
C29,0.47uF,C0603X5R1A474M030BC,TDK,Howard:C_0201_0603Metric__C29,FPGA decoupling,20%,10 V,TBD,-55 to +85 C; X5R,UG483 capacitor ledger proposal; ratings/MPN/effective capacitance and placement review pending,"Do not release until DC bias, temperature and FPGA PDN checks pass.",https://product.tdk.com/en/search/capacitor/ceramic/mlcc/info?part_no=C0603X5R1A474M030BC,False,True,1.875,10.825,Top
C30,0.47uF,C0603X5R1A474M030BC,TDK,Howard:C_0201_0603Metric__C30,FPGA decoupling,20%,10 V,TBD,-55 to +85 C; X5R,UG483 capacitor ledger proposal; ratings/MPN/effective capacitance and placement review pending,"Do not release until DC bias, temperature and FPGA PDN checks pass.",https://product.tdk.com/en/search/capacitor/ceramic/mlcc/info?part_no=C0603X5R1A474M030BC,False,True,24.625,0.775,Bottom
C31,0.47uF,C0603X5R1A474M030BC,TDK,Howard:C_0201_0603Metric__C31,FPGA decoupling,20%,10 V,TBD,-55 to +85 C; X5R,UG483 capacitor ledger proposal; ratings/MPN/effective capacitance and placement review pending,"Do not release until DC bias, temperature and FPGA PDN checks pass.",https://product.tdk.com/en/search/capacitor/ceramic/mlcc/info?part_no=C0603X5R1A474M030BC,False,True,26.375,26.025,Top
C32,47uF,TBD,TBD,Howard:C_1210_3225Metric__C32,FPGA decoupling,TBD,TBD,TBD,TBD,UG483 capacitor ledger proposal; ratings/MPN/effective capacitance and placement review pending,"Review component ratings, pin map and circuit function before release.",https://docs.amd.com/v/u/en-US/ug483_7Series_PCB,False,True,11.825,4.025,Bottom
C33,4.7uF,C1005X5R1A475K050BC,TDK,Howard:C_0402_1005Metric__C33,FPGA decoupling,10%,10 V,TBD,-55 to +85 C; X5R,UG483 capacitor ledger proposal; ratings/MPN/effective capacitance and placement review pending,"Do not release until DC bias, temperature and FPGA PDN checks pass.",https://product.tdk.com/en/search/capacitor/ceramic/mlcc/info?part_no=C1005X5R1A475K050BC,False,True,23.435,1.785,Bottom
C34,4.7uF,C1005X5R1A475K050BC,TDK,Howard:C_0402_1005Metric__C34,FPGA decoupling,10%,10 V,TBD,-55 to +85 C; X5R,UG483 capacitor ledger proposal; ratings/MPN/effective capacitance and placement review pending,"Do not release until DC bias, temperature and FPGA PDN checks pass.",https://product.tdk.com/en/search/capacitor/ceramic/mlcc/info?part_no=C1005X5R1A475K050BC,False,True,8.735,25.785,Top
C35,4.7uF,C1005X5R1A475K050BC,TDK,Howard:C_0402_1005Metric__C35,FPGA decoupling,10%,10 V,TBD,-55 to +85 C; X5R,UG483 capacitor ledger proposal; ratings/MPN/effective capacitance and placement review pending,"Do not release until DC bias, temperature and FPGA PDN checks pass.",https://product.tdk.com/en/search/capacitor/ceramic/mlcc/info?part_no=C1005X5R1A475K050BC,False,True,19.835,1.185,Top
C36,0.47uF,C0603X5R1A474M030BC,TDK,Howard:C_0201_0603Metric__C36,FPGA decoupling,20%,10 V,TBD,-55 to +85 C; X5R,UG483 capacitor ledger proposal; ratings/MPN/effective capacitance and placement review pending,"Do not release until DC bias, temperature and FPGA PDN checks pass.",https://product.tdk.com/en/search/capacitor/ceramic/mlcc/info?part_no=C0603X5R1A474M030BC,False,True,8.925,27.875,Top
C37,0.47uF,C0603X5R1A474M030BC,TDK,Howard:C_0201_0603Metric__C37,FPGA decoupling,20%,10 V,TBD,-55 to +85 C; X5R,UG483 capacitor ledger proposal; ratings/MPN/effective capacitance and placement review pending,"Do not release until DC bias, temperature and FPGA PDN checks pass.",https://product.tdk.com/en/search/capacitor/ceramic/mlcc/info?part_no=C0603X5R1A474M030BC,False,True,7.275,26.925,Top
C38,0.47uF,C0603X5R1A474M030BC,TDK,Howard:C_0201_0603Metric__C38,FPGA decoupling,20%,10 V,TBD,-55 to +85 C; X5R,UG483 capacitor ledger proposal; ratings/MPN/effective capacitance and placement review pending,"Do not release until DC bias, temperature and FPGA PDN checks pass.",https://product.tdk.com/en/search/capacitor/ceramic/mlcc/info?part_no=C0603X5R1A474M030BC,False,True,3.275,6.525,Top
C39,0.47uF,C0603X5R1A474M030BC,TDK,Howard:C_0201_0603Metric__C39,FPGA decoupling,20%,10 V,TBD,-55 to +85 C; X5R,UG483 capacitor ledger proposal; ratings/MPN/effective capacitance and placement review pending,"Do not release until DC bias, temperature and FPGA PDN checks pass.",https://product.tdk.com/en/search/capacitor/ceramic/mlcc/info?part_no=C0603X5R1A474M030BC,False,True,1.875,9.225,Top
C40,0.47uF,C0603X5R1A474M030BC,TDK,Howard:C_0201_0603Metric__C40,FPGA decoupling,20%,10 V,TBD,-55 to +85 C; X5R,UG483 capacitor ledger proposal; ratings/MPN/effective capacitance and placement review pending,"Do not release until DC bias, temperature and FPGA PDN checks pass.",https://product.tdk.com/en/search/capacitor/ceramic/mlcc/info?part_no=C0603X5R1A474M030BC,False,True,8.425,1.275,Top
C41,47uF,TBD,TBD,Howard:C_1210_3225Metric__C41,FPGA decoupling,TBD,TBD,TBD,TBD,UG483 capacitor ledger proposal; ratings/MPN/effective capacitance and placement review pending,"Review component ratings, pin map and circuit function before release.",https://docs.amd.com/v/u/en-US/ug483_7Series_PCB,False,True,4.025,14.625,Top
C42,4.7uF,C1005X5R1A475K050BC,TDK,Howard:C_0402_1005Metric__C42,FPGA decoupling,10%,10 V,TBD,-55 to +85 C; X5R,UG483 capacitor ledger proposal; ratings/MPN/effective capacitance and placement review pending,"Do not release until DC bias, temperature and FPGA PDN checks pass.",https://product.tdk.com/en/search/capacitor/ceramic/mlcc/info?part_no=C1005X5R1A475K050BC,False,True,8.235,3.385,Top
C43,4.7uF,C1005X5R1A475K050BC,TDK,Howard:C_0402_1005Metric__C43,FPGA decoupling,10%,10 V,TBD,-55 to +85 C; X5R,UG483 capacitor ledger proposal; ratings/MPN/effective capacitance and placement review pending,"Do not release until DC bias, temperature and FPGA PDN checks pass.",https://product.tdk.com/en/search/capacitor/ceramic/mlcc/info?part_no=C1005X5R1A475K050BC,False,True,5.185,22.835,Top
C44,0.47uF,C0603X5R1A474M030BC,TDK,Howard:C_0201_0603Metric__C44,FPGA decoupling,20%,10 V,TBD,-55 to +85 C; X5R,UG483 capacitor ledger proposal; ratings/MPN/effective capacitance and placement review pending,"Do not release until DC bias, temperature and FPGA PDN checks pass.",https://product.tdk.com/en/search/capacitor/ceramic/mlcc/info?part_no=C0603X5R1A474M030BC,False,True,4.925,25.175,Top
C45,0.47uF,C0603X5R1A474M030BC,TDK,Howard:C_0201_0603Metric__C45,FPGA decoupling,20%,10 V,TBD,-55 to +85 C; X5R,UG483 capacitor ledger proposal; ratings/MPN/effective capacitance and placement review pending,"Do not release until DC bias, temperature and FPGA PDN checks pass.",https://product.tdk.com/en/search/capacitor/ceramic/mlcc/info?part_no=C0603X5R1A474M030BC,False,True,6.425,2.575,Top
C46,0.47uF,C0603X5R1A474M030BC,TDK,Howard:C_0201_0603Metric__C46,FPGA decoupling,20%,10 V,TBD,-55 to +85 C; X5R,UG483 capacitor ledger proposal; ratings/MPN/effective capacitance and placement review pending,"Do not release until DC bias, temperature and FPGA PDN checks pass.",https://product.tdk.com/en/search/capacitor/ceramic/mlcc/info?part_no=C0603X5R1A474M030BC,False,True,0.775,13.525,Top
C47,0.47uF,C0603X5R1A474M030BC,TDK,Howard:C_0201_0603Metric__C47,FPGA decoupling,20%,10 V,TBD,-55 to +85 C; X5R,UG483 capacitor ledger proposal; ratings/MPN/effective capacitance and placement review pending,"Do not release until DC bias, temperature and FPGA PDN checks pass.",https://product.tdk.com/en/search/capacitor/ceramic/mlcc/info?part_no=C0603X5R1A474M030BC,False,True,0.775,11.925,Top
C48,47uF,TBD,TBD,Howard:C_1210_3225Metric__C48,FPGA decoupling,TBD,TBD,TBD,TBD,UG483 capacitor ledger proposal; ratings/MPN/effective capacitance and placement review pending,"Review component ratings, pin map and circuit function before release.",https://docs.amd.com/v/u/en-US/ug483_7Series_PCB,False,True,16.425,2.225,Top
C49,4.7uF,C1005X5R1A475K050BC,TDK,Howard:C_0402_1005Metric__C49,FPGA decoupling,10%,10 V,TBD,-55 to +85 C; X5R,UG483 capacitor ledger proposal; ratings/MPN/effective capacitance and placement review pending,"Do not release until DC bias, temperature and FPGA PDN checks pass.",https://product.tdk.com/en/search/capacitor/ceramic/mlcc/info?part_no=C1005X5R1A475K050BC,False,True,4.735,6.785,Top
C50,4.7uF,C1005X5R1A475K050BC,TDK,Howard:C_0402_1005Metric__C50,FPGA decoupling,10%,10 V,TBD,-55 to +85 C; X5R,UG483 capacitor ledger proposal; ratings/MPN/effective capacitance and placement review pending,"Do not release until DC bias, temperature and FPGA PDN checks pass.",https://product.tdk.com/en/search/capacitor/ceramic/mlcc/info?part_no=C1005X5R1A475K050BC,False,True,21.835,1.185,Top
C51,0.47uF,C0603X5R1A474M030BC,TDK,Howard:C_0201_0603Metric__C51,FPGA decoupling,20%,10 V,TBD,-55 to +85 C; X5R,UG483 capacitor ledger proposal; ratings/MPN/effective capacitance and placement review pending,"Do not release until DC bias, temperature and FPGA PDN checks pass.",https://product.tdk.com/en/search/capacitor/ceramic/mlcc/info?part_no=C0603X5R1A474M030BC,False,True,4.425,26.575,Bottom
C52,0.47uF,C0603X5R1A474M030BC,TDK,Howard:C_0201_0603Metric__C52,FPGA decoupling,20%,10 V,TBD,-55 to +85 C; X5R,UG483 capacitor ledger proposal; ratings/MPN/effective capacitance and placement review pending,"Do not release until DC bias, temperature and FPGA PDN checks pass.",https://product.tdk.com/en/search/capacitor/ceramic/mlcc/info?part_no=C0603X5R1A474M030BC,False,True,8.925,28.775,Top
C53,0.47uF,C0603X5R1A474M030BC,TDK,Howard:C_0201_0603Metric__C53,FPGA decoupling,20%,10 V,TBD,-55 to +85 C; X5R,UG483 capacitor ledger proposal; ratings/MPN/effective capacitance and placement review pending,"Do not release until DC bias, temperature and FPGA PDN checks pass.",https://product.tdk.com/en/search/capacitor/ceramic/mlcc/info?part_no=C0603X5R1A474M030BC,False,True,0.875,10.325,Top
C54,0.47uF,C0603X5R1A474M030BC,TDK,Howard:C_0201_0603Metric__C54,FPGA decoupling,20%,10 V,TBD,-55 to +85 C; X5R,UG483 capacitor ledger proposal; ratings/MPN/effective capacitance and placement review pending,"Do not release until DC bias, temperature and FPGA PDN checks pass.",https://product.tdk.com/en/search/capacitor/ceramic/mlcc/info?part_no=C0603X5R1A474M030BC,False,True,1.875,7.625,Top
C55,47uF,TBD,TBD,Howard:C_1210_3225Metric__C55,FPGA decoupling,TBD,TBD,TBD,TBD,UG483 capacitor ledger proposal; ratings/MPN/effective capacitance and placement review pending,"Review component ratings, pin map and circuit function before release.",https://docs.amd.com/v/u/en-US/ug483_7Series_PCB,False,True,25.625,4.025,Bottom
C56,4.7uF,C1005X5R1A475K050BC,TDK,Howard:C_0402_1005Metric__C56,FPGA decoupling,10%,10 V,TBD,-55 to +85 C; X5R,UG483 capacitor ledger proposal; ratings/MPN/effective capacitance and placement review pending,"Do not release until DC bias, temperature and FPGA PDN checks pass.",https://product.tdk.com/en/search/capacitor/ceramic/mlcc/info?part_no=C1005X5R1A475K050BC,False,True,8.735,26.885,Top
C57,4.7uF,C1005X5R1A475K050BC,TDK,Howard:C_0402_1005Metric__C57,FPGA decoupling,10%,10 V,TBD,-55 to +85 C; X5R,UG483 capacitor ledger proposal; ratings/MPN/effective capacitance and placement review pending,"Do not release until DC bias, temperature and FPGA PDN checks pass.",https://product.tdk.com/en/search/capacitor/ceramic/mlcc/info?part_no=C1005X5R1A475K050BC,False,True,1.785,14.635,Top
C58,0.47uF,C0603X5R1A474M030BC,TDK,Howard:C_0201_0603Metric__C58,FPGA decoupling,20%,10 V,TBD,-55 to +85 C; X5R,UG483 capacitor ledger proposal; ratings/MPN/effective capacitance and placement review pending,"Do not release until DC bias, temperature and FPGA PDN checks pass.",https://product.tdk.com/en/search/capacitor/ceramic/mlcc/info?part_no=C0603X5R1A474M030BC,False,True,3.675,24.625,Top
C59,0.47uF,C0603X5R1A474M030BC,TDK,Howard:C_0201_0603Metric__C59,FPGA decoupling,20%,10 V,TBD,-55 to +85 C; X5R,UG483 capacitor ledger proposal; ratings/MPN/effective capacitance and placement review pending,"Do not release until DC bias, temperature and FPGA PDN checks pass.",https://product.tdk.com/en/search/capacitor/ceramic/mlcc/info?part_no=C0603X5R1A474M030BC,False,True,6.425,1.675,Top
C60,0.47uF,C0603X5R1A474M030BC,TDK,Howard:C_0201_0603Metric__C60,FPGA decoupling,20%,10 V,TBD,-55 to +85 C; X5R,UG483 capacitor ledger proposal; ratings/MPN/effective capacitance and placement review pending,"Do not release until DC bias, temperature and FPGA PDN checks pass.",https://product.tdk.com/en/search/capacitor/ceramic/mlcc/info?part_no=C0603X5R1A474M030BC,False,True,7.325,28.175,Top
C61,0.47uF,C0603X5R1A474M030BC,TDK,Howard:C_0201_0603Metric__C61,FPGA decoupling,20%,10 V,TBD,-55 to +85 C; X5R,UG483 capacitor ledger proposal; ratings/MPN/effective capacitance and placement review pending,"Do not release until DC bias, temperature and FPGA PDN checks pass.",https://product.tdk.com/en/search/capacitor/ceramic/mlcc/info?part_no=C0603X5R1A474M030BC,False,True,2.025,6.375,Top
C62,47uF,TBD,TBD,Howard:C_1210_3225Metric__C62,FPGA decoupling,TBD,TBD,TBD,TBD,UG483 capacitor ledger proposal; ratings/MPN/effective capacitance and placement review pending,"Review component ratings, pin map and circuit function before release.",https://docs.amd.com/v/u/en-US/ug483_7Series_PCB,False,True,7.725,3.325,Bottom
C63,4.7uF,C1005X5R1A475K050BC,TDK,Howard:C_0402_1005Metric__C63,FPGA decoupling,10%,10 V,TBD,-55 to +85 C; X5R,UG483 capacitor ledger proposal; ratings/MPN/effective capacitance and placement review pending,"Do not release until DC bias, temperature and FPGA PDN checks pass.",https://product.tdk.com/en/search/capacitor/ceramic/mlcc/info?part_no=C1005X5R1A475K050BC,False,True,25.435,1.785,Bottom
C64,4.7uF,C1005X5R1A475K050BC,TDK,Howard:C_0402_1005Metric__C64,FPGA decoupling,10%,10 V,TBD,-55 to +85 C; X5R,UG483 capacitor ledger proposal; ratings/MPN/effective capacitance and placement review pending,"Do not release until DC bias, temperature and FPGA PDN checks pass.",https://product.tdk.com/en/search/capacitor/ceramic/mlcc/info?part_no=C1005X5R1A475K050BC,False,True,1.785,12.635,Top
C65,0.47uF,C0603X5R1A474M030BC,TDK,Howard:C_0201_0603Metric__C65,FPGA decoupling,20%,10 V,TBD,-55 to +85 C; X5R,UG483 capacitor ledger proposal; ratings/MPN/effective capacitance and placement review pending,"Do not release until DC bias, temperature and FPGA PDN checks pass.",https://product.tdk.com/en/search/capacitor/ceramic/mlcc/info?part_no=C0603X5R1A474M030BC,False,True,0.875,8.725,Top
C66,0.47uF,C0603X5R1A474M030BC,TDK,Howard:C_0201_0603Metric__C66,FPGA decoupling,20%,10 V,TBD,-55 to +85 C; X5R,UG483 capacitor ledger proposal; ratings/MPN/effective capacitance and placement review pending,"Do not release until DC bias, temperature and FPGA PDN checks pass.",https://product.tdk.com/en/search/capacitor/ceramic/mlcc/info?part_no=C0603X5R1A474M030BC,False,True,2.775,24.425,Top
C67,0.47uF,C0603X5R1A474M030BC,TDK,Howard:C_0201_0603Metric__C67,FPGA decoupling,20%,10 V,TBD,-55 to +85 C; X5R,UG483 capacitor ledger proposal; ratings/MPN/effective capacitance and placement review pending,"Do not release until DC bias, temperature and FPGA PDN checks pass.",https://product.tdk.com/en/search/capacitor/ceramic/mlcc/info?part_no=C0603X5R1A474M030BC,False,True,1.375,22.525,Top
C68,0.47uF,C0603X5R1A474M030BC,TDK,Howard:C_0201_0603Metric__C68,FPGA decoupling,20%,10 V,TBD,-55 to +85 C; X5R,UG483 capacitor ledger proposal; ratings/MPN/effective capacitance and placement review pending,"Do not release until DC bias, temperature and FPGA PDN checks pass.",https://product.tdk.com/en/search/capacitor/ceramic/mlcc/info?part_no=C0603X5R1A474M030BC,False,True,3.075,26.725,Bottom
C69,47uF,TBD,TBD,Howard:C_1210_3225Metric__C69,FPGA decoupling,TBD,TBD,TBD,TBD,UG483 capacitor ledger proposal; ratings/MPN/effective capacitance and placement review pending,"Review component ratings, pin map and circuit function before release.",https://docs.amd.com/v/u/en-US/ug483_7Series_PCB,False,True,4.025,9.825,Top
C70,4.7uF,C1005X5R1A475K050BC,TDK,Howard:C_0402_1005Metric__C70,FPGA decoupling,10%,10 V,TBD,-55 to +85 C; X5R,UG483 capacitor ledger proposal; ratings/MPN/effective capacitance and placement review pending,"Do not release until DC bias, temperature and FPGA PDN checks pass.",https://product.tdk.com/en/search/capacitor/ceramic/mlcc/info?part_no=C1005X5R1A475K050BC,False,True,1.785,16.635,Top
C71,4.7uF,C1005X5R1A475K050BC,TDK,Howard:C_0402_1005Metric__C71,FPGA decoupling,10%,10 V,TBD,-55 to +85 C; X5R,UG483 capacitor ledger proposal; ratings/MPN/effective capacitance and placement review pending,"Do not release until DC bias, temperature and FPGA PDN checks pass.",https://product.tdk.com/en/search/capacitor/ceramic/mlcc/info?part_no=C1005X5R1A475K050BC,False,True,4.685,25.135,Bottom
C72,0.47uF,C0603X5R1A474M030BC,TDK,Howard:C_0201_0603Metric__C72,FPGA decoupling,20%,10 V,TBD,-55 to +85 C; X5R,UG483 capacitor ledger proposal; ratings/MPN/effective capacitance and placement review pending,"Do not release until DC bias, temperature and FPGA PDN checks pass.",https://product.tdk.com/en/search/capacitor/ceramic/mlcc/info?part_no=C0603X5R1A474M030BC,False,True,29.875,26.625,Bottom
C73,0.47uF,C0603X5R1A474M030BC,TDK,Howard:C_0201_0603Metric__C73,FPGA decoupling,20%,10 V,TBD,-55 to +85 C; X5R,UG483 capacitor ledger proposal; ratings/MPN/effective capacitance and placement review pending,"Do not release until DC bias, temperature and FPGA PDN checks pass.",https://product.tdk.com/en/search/capacitor/ceramic/mlcc/info?part_no=C0603X5R1A474M030BC,False,True,12.275,31.425,Top
C74,0.47uF,C0603X5R1A474M030BC,TDK,Howard:C_0201_0603Metric__C74,FPGA decoupling,20%,10 V,TBD,-55 to +85 C; X5R,UG483 capacitor ledger proposal; ratings/MPN/effective capacitance and placement review pending,"Do not release until DC bias, temperature and FPGA PDN checks pass.",https://product.tdk.com/en/search/capacitor/ceramic/mlcc/info?part_no=C0603X5R1A474M030BC,False,True,2.075,25.825,Bottom
C75,0.47uF,C0603X5R1A474M030BC,TDK,Howard:C_0201_0603Metric__C75,FPGA decoupling,20%,10 V,TBD,-55 to +85 C; X5R,UG483 capacitor ledger proposal; ratings/MPN/effective capacitance and placement review pending,"Do not release until DC bias, temperature and FPGA PDN checks pass.",https://product.tdk.com/en/search/capacitor/ceramic/mlcc/info?part_no=C0603X5R1A474M030BC,False,True,1.875,24.425,Top
C76,47uF,TBD,TBD,Howard:C_1210_3225Metric__C76,FPGA decoupling,TBD,TBD,TBD,TBD,UG483 capacitor ledger proposal; ratings/MPN/effective capacitance and placement review pending,"Review component ratings, pin map and circuit function before release.",https://docs.amd.com/v/u/en-US/ug483_7Series_PCB,False,True,11.625,2.225,Top
C77,4.7uF,C1005X5R1A475K050BC,TDK,Howard:C_0402_1005Metric__C77,FPGA decoupling,10%,10 V,TBD,-55 to +85 C; X5R,UG483 capacitor ledger proposal; ratings/MPN/effective capacitance and placement review pending,"Do not release until DC bias, temperature and FPGA PDN checks pass.",https://product.tdk.com/en/search/capacitor/ceramic/mlcc/info?part_no=C1005X5R1A475K050BC,False,True,8.235,2.285,Top
C78,4.7uF,C1005X5R1A475K050BC,TDK,Howard:C_0402_1005Metric__C78,FPGA decoupling,10%,10 V,TBD,-55 to +85 C; X5R,UG483 capacitor ledger proposal; ratings/MPN/effective capacitance and placement review pending,"Do not release until DC bias, temperature and FPGA PDN checks pass.",https://product.tdk.com/en/search/capacitor/ceramic/mlcc/info?part_no=C1005X5R1A475K050BC,False,True,4.085,22.835,Top
C79,0.47uF,C0603X5R1A474M030BC,TDK,Howard:C_0201_0603Metric__C79,FPGA decoupling,20%,10 V,TBD,-55 to +85 C; X5R,UG483 capacitor ledger proposal; ratings/MPN/effective capacitance and placement review pending,"Do not release until DC bias, temperature and FPGA PDN checks pass.",https://product.tdk.com/en/search/capacitor/ceramic/mlcc/info?part_no=C0603X5R1A474M030BC,False,True,11.425,32.575,Bottom
C80,0.47uF,C0603X5R1A474M030BC,TDK,Howard:C_0201_0603Metric__C80,FPGA decoupling,20%,10 V,TBD,-55 to +85 C; X5R,UG483 capacitor ledger proposal; ratings/MPN/effective capacitance and placement review pending,"Do not release until DC bias, temperature and FPGA PDN checks pass.",https://product.tdk.com/en/search/capacitor/ceramic/mlcc/info?part_no=C0603X5R1A474M030BC,False,True,2.425,25.675,Top
C81,0.47uF,C0603X5R1A474M030BC,TDK,Howard:C_0201_0603Metric__C81,FPGA decoupling,20%,10 V,TBD,-55 to +85 C; X5R,UG483 capacitor ledger proposal; ratings/MPN/effective capacitance and placement review pending,"Do not release until DC bias, temperature and FPGA PDN checks pass.",https://product.tdk.com/en/search/capacitor/ceramic/mlcc/info?part_no=C0603X5R1A474M030BC,False,True,1.175,25.825,Bottom
C82,0.47uF,C0603X5R1A474M030BC,TDK,Howard:C_0201_0603Metric__C82,FPGA decoupling,20%,10 V,TBD,-55 to +85 C; X5R,UG483 capacitor ledger proposal; ratings/MPN/effective capacitance and placement review pending,"Do not release until DC bias, temperature and FPGA PDN checks pass.",https://product.tdk.com/en/search/capacitor/ceramic/mlcc/info?part_no=C0603X5R1A474M030BC,False,True,0.875,24.125,Top
C83,47uF,TBD,TBD,Howard:C_1210_3225Metric__C83,FPGA decoupling,TBD,TBD,TBD,TBD,UG483 capacitor ledger proposal; ratings/MPN/effective capacitance and placement review pending,"Review component ratings, pin map and circuit function before release.",https://docs.amd.com/v/u/en-US/ug483_7Series_PCB,False,True,4.025,19.425,Top
TP1,GND,PCB copper test pad,TBD,Howard:TestPoint_Pad_D1.0mm__TP1,Power input and test,TBD,TBD,TBD,TBD,Probe-access position; placement and clearances pending,"Review component ratings, pin map and circuit function before release.",,False,False,35.025,3.025,Top
TP2,VIN_PROTECTED,PCB copper test pad,TBD,Howard:TestPoint_Pad_D1.0mm__TP2,Power input and test,TBD,TBD,TBD,TBD,Probe-access position; placement and clearances pending,"Review component ratings, pin map and circuit function before release.",,False,False,34.425,5.725,Top
TP3,+1V0,PCB copper test pad,TBD,Howard:TestPoint_Pad_D1.0mm__TP3,Power input and test,TBD,TBD,TBD,TBD,Probe-access position; placement and clearances pending,"Review component ratings, pin map and circuit function before release.",,False,False,30.025,3.025,Bottom
TP4,+1V8,PCB copper test pad,TBD,Howard:TestPoint_Pad_D1.0mm__TP4,Power input and test,TBD,TBD,TBD,TBD,Probe-access position; placement and clearances pending,"Review component ratings, pin map and circuit function before release.",,False,False,32.225,3.025,Bottom
TP5,+1V5,PCB copper test pad,TBD,Howard:TestPoint_Pad_D1.0mm__TP5,Power input and test,TBD,TBD,TBD,TBD,Probe-access position; placement and clearances pending,"Review component ratings, pin map and circuit function before release.",,False,False,34.425,3.025,Bottom
TP6,+3V3,PCB copper test pad,TBD,Howard:TestPoint_Pad_D1.0mm__TP6,Power input and test,TBD,TBD,TBD,TBD,Probe-access position; placement and clearances pending,"Review component ratings, pin map and circuit function before release.",,False,False,36.625,6.625,Top
TP7,PROGRAM_B,PCB copper test pad,TBD,Howard:TestPoint_Pad_D1.0mm__TP7,Power input and test,TBD,TBD,TBD,TBD,Probe-access position; placement and clearances pending,"Review component ratings, pin map and circuit function before release.",,False,False,22.125,2.825,Top
TP8,DONE,PCB copper test pad,TBD,Howard:TestPoint_Pad_D1.0mm__TP8,Power input and test,TBD,TBD,TBD,TBD,Probe-access position; placement and clearances pending,"Review component ratings, pin map and circuit function before release.",,False,False,38.825,6.625,Top
H1,M2 mounting,Non-plated PCB mounting hole,TBD,Howard:MountingHole_2.2mm_M2__H1,Mechanical,TBD,TBD,TBD,TBD,Mechanical proposal,"Review component ratings, pin map and circuit function before release.",,False,False,3.0,3.0,Top
H2,M2 mounting,Non-plated PCB mounting hole,TBD,Howard:MountingHole_2.2mm_M2__H2,Mechanical,TBD,TBD,TBD,TBD,Mechanical proposal,"Review component ratings, pin map and circuit function before release.",,False,False,39.0,3.0,Top
H3,M2 mounting,Non-plated PCB mounting hole,TBD,Howard:MountingHole_2.2mm_M2__H3,Mechanical,TBD,TBD,TBD,TBD,Mechanical proposal,"Review component ratings, pin map and circuit function before release.",,False,False,3.0,37.0,Top
H4,M2 mounting,Non-plated PCB mounting hole,TBD,Howard:MountingHole_2.2mm_M2__H4,Mechanical,TBD,TBD,TBD,TBD,Mechanical proposal,"Review component ratings, pin map and circuit function before release.",,False,False,39.0,37.0,Top
U5,RAM VREF/VTT device TBD,TBD,TBD,Howard:VSON-10-1EP_3x3mm_P0.5mm_EP1.2x2mm__U5,Recording memory reservation,TBD,TBD,TBD,TBD,UNRESOLVED SPACE RESERVATION; not an approved circuit or purchasing item,"Review component ratings, pin map and circuit function before release.",,False,True,25.555,2.175,Top
C1011,RAM support value TBD,TBD,TBD,Howard:C_0603_1608Metric__C1011,Recording memory reservation,TBD,TBD,TBD,TBD,UNRESOLVED SPACE RESERVATION; not an approved circuit or purchasing item,"Review component ratings, pin map and circuit function before release.",,False,True,33.005,15.255,Bottom
C1012,RAM support value TBD,TBD,TBD,Howard:C_0603_1608Metric__C1012,Recording memory reservation,TBD,TBD,TBD,TBD,UNRESOLVED SPACE RESERVATION; not an approved circuit or purchasing item,"Review component ratings, pin map and circuit function before release.",,False,True,38.955,16.205,Top
C1013,RAM support value TBD,TBD,TBD,Howard:C_0603_1608Metric__C1013,Recording memory reservation,TBD,TBD,TBD,TBD,UNRESOLVED SPACE RESERVATION; not an approved circuit or purchasing item,"Review component ratings, pin map and circuit function before release.",,False,True,33.005,13.555,Bottom
C1014,RAM support value TBD,TBD,TBD,Howard:C_0603_1608Metric__C1014,Recording memory reservation,TBD,TBD,TBD,TBD,UNRESOLVED SPACE RESERVATION; not an approved circuit or purchasing item,"Review component ratings, pin map and circuit function before release.",,False,True,38.955,13.005,Top
C1015,RAM support value TBD,TBD,TBD,Howard:C_0603_1608Metric__C1015,Recording memory reservation,TBD,TBD,TBD,TBD,UNRESOLVED SPACE RESERVATION; not an approved circuit or purchasing item,"Review component ratings, pin map and circuit function before release.",,False,True,38.955,19.405,Top
C1016,RAM support value TBD,TBD,TBD,Howard:C_0603_1608Metric__C1016,Recording memory reservation,TBD,TBD,TBD,TBD,UNRESOLVED SPACE RESERVATION; not an approved circuit or purchasing item,"Review component ratings, pin map and circuit function before release.",,False,True,35.305,19.855,Bottom
C1017,RAM support value TBD,TBD,TBD,Howard:C_0603_1608Metric__C1017,Recording memory reservation,TBD,TBD,TBD,TBD,UNRESOLVED SPACE RESERVATION; not an approved circuit or purchasing item,"Review component ratings, pin map and circuit function before release.",,False,True,33.005,11.855,Bottom
C1018,RAM support value TBD,TBD,TBD,Howard:C_0603_1608Metric__C1018,Recording memory reservation,TBD,TBD,TBD,TBD,UNRESOLVED SPACE RESERVATION; not an approved circuit or purchasing item,"Review component ratings, pin map and circuit function before release.",,False,True,40.655,16.205,Top
C1019,RAM support value TBD,TBD,TBD,Howard:C_0603_1608Metric__C1019,Recording memory reservation,TBD,TBD,TBD,TBD,UNRESOLVED SPACE RESERVATION; not an approved circuit or purchasing item,"Review component ratings, pin map and circuit function before release.",,False,True,28.705,19.555,Bottom
C1020,RAM support value TBD,TBD,TBD,Howard:C_0603_1608Metric__C1020,Recording memory reservation,TBD,TBD,TBD,TBD,UNRESOLVED SPACE RESERVATION; not an approved circuit or purchasing item,"Review component ratings, pin map and circuit function before release.",,False,True,35.305,21.555,Bottom
C1021,RAM support value TBD,TBD,TBD,Howard:C_0603_1608Metric__C1021,Recording memory reservation,TBD,TBD,TBD,TBD,UNRESOLVED SPACE RESERVATION; not an approved circuit or purchasing item,"Review component ratings, pin map and circuit function before release.",,False,True,40.655,13.005,Top
C1022,RAM support value TBD,TBD,TBD,Howard:C_0603_1608Metric__C1022,Recording memory reservation,TBD,TBD,TBD,TBD,UNRESOLVED SPACE RESERVATION; not an approved circuit or purchasing item,"Review component ratings, pin map and circuit function before release.",,False,True,40.655,19.405,Top
R926,RAM support value TBD,TBD,TBD,Howard:R_0402_1005Metric__R926,Recording memory reservation,TBD,TBD,TBD,TBD,UNRESOLVED SPACE RESERVATION; not an approved circuit or purchasing item,"Review component ratings, pin map and circuit function before release.",,False,True,34.295,17.155,Bottom
R927,RAM support value TBD,TBD,TBD,Howard:R_0402_1005Metric__R927,Recording memory reservation,TBD,TBD,TBD,TBD,UNRESOLVED SPACE RESERVATION; not an approved circuit or purchasing item,"Review component ratings, pin map and circuit function before release.",,False,True,30.895,15.055,Bottom
R928,RAM support value TBD,TBD,TBD,Howard:R_0402_1005Metric__R928,Recording memory reservation,TBD,TBD,TBD,TBD,UNRESOLVED SPACE RESERVATION; not an approved circuit or purchasing item,"Review component ratings, pin map and circuit function before release.",,False,True,30.895,12.955,Bottom
R929,RAM support value TBD,TBD,TBD,Howard:R_0402_1005Metric__R929,Recording memory reservation,TBD,TBD,TBD,TBD,UNRESOLVED SPACE RESERVATION; not an approved circuit or purchasing item,"Review component ratings, pin map and circuit function before release.",,False,True,37.495,20.055,Bottom
R930,RAM support value TBD,TBD,TBD,Howard:R_0402_1005Metric__R930,Recording memory reservation,TBD,TBD,TBD,TBD,UNRESOLVED SPACE RESERVATION; not an approved circuit or purchasing item,"Review component ratings, pin map and circuit function before release.",,False,True,39.155,10.895,Top
R931,RAM support value TBD,TBD,TBD,Howard:R_0402_1005Metric__R931,Recording memory reservation,TBD,TBD,TBD,TBD,UNRESOLVED SPACE RESERVATION; not an approved circuit or purchasing item,"Review component ratings, pin map and circuit function before release.",,False,True,38.695,22.055,Top
R932,RAM support value TBD,TBD,TBD,Howard:R_0402_1005Metric__R932,Recording memory reservation,TBD,TBD,TBD,TBD,UNRESOLVED SPACE RESERVATION; not an approved circuit or purchasing item,"Review component ratings, pin map and circuit function before release.",,False,True,38.595,20.055,Bottom
R933,RAM support value TBD,TBD,TBD,Howard:R_0402_1005Metric__R933,Recording memory reservation,TBD,TBD,TBD,TBD,UNRESOLVED SPACE RESERVATION; not an approved circuit or purchasing item,"Review component ratings, pin map and circuit function before release.",,False,True,34.355,7.495,Top
C1101,Interface/filter capacitance TBD,TBD,TBD,Howard:C_0603_1608Metric__C1101,Interface support reservation,TBD,TBD,TBD,TBD,UNRESOLVED SPACE RESERVATION,"Review component ratings, pin map and circuit function before release.",,False,True,33.055,3.005,Top
C1102,Interface/filter capacitance TBD,TBD,TBD,Howard:C_0603_1608Metric__C1102,Interface support reservation,TBD,TBD,TBD,TBD,UNRESOLVED SPACE RESERVATION,"Review component ratings, pin map and circuit function before release.",,False,True,32.455,6.205,Top
C1103,Interface/filter capacitance TBD,TBD,TBD,Howard:C_0603_1608Metric__C1103,Interface support reservation,TBD,TBD,TBD,TBD,UNRESOLVED SPACE RESERVATION,"Review component ratings, pin map and circuit function before release.",,False,True,30.005,7.155,Top
C84,100nF,C1005X7R1C104K050BC,TDK,Howard:C_0402_1005Metric__C84,FPGA XADC local bypass,10%,16 V,TBD,-55 to +125 C; X7R,PROPOSED basic-monitoring shared VCCAUX supply; local bypass required,"Verify effective capacitance/DC bias, final local loop, analog noise and precision filtering. Exact existing TDK 0402 candidate reused.",https://product.tdk.com/en/search/capacitor/ceramic/mlcc/info?part_no=C1005X7R1C104K050BC,False,True,14.8,14.3,Bottom
