Reference,Pin,Pin name,Group,Disposition,Owner/status
U1,N9,DXN_0,FPGA physical pins,UNRESOLVED,XC7A200T device selection confirmed by user on 2026-09-21; 484 physical pins verified; bank/application plan incomplete
U1,N10,DXP_0,FPGA physical pins,UNRESOLVED,XC7A200T device selection confirmed by user on 2026-09-21; 484 physical pins verified; bank/application plan incomplete
U1,L9,VREFN_0,FPGA physical pins,UNRESOLVED,XC7A200T device selection confirmed by user on 2026-09-21; 484 physical pins verified; bank/application plan incomplete
U1,M10,VREFP_0,FPGA physical pins,UNRESOLVED,XC7A200T device selection confirmed by user on 2026-09-21; 484 physical pins verified; bank/application plan incomplete
U1,L10,VP_0,FPGA physical pins,UNRESOLVED,XC7A200T device selection confirmed by user on 2026-09-21; 484 physical pins verified; bank/application plan incomplete
U1,M9,VN_0,FPGA physical pins,UNRESOLVED,XC7A200T device selection confirmed by user on 2026-09-21; 484 physical pins verified; bank/application plan incomplete
U1,E12,VCCBATT_0,FPGA physical pins,UNRESOLVED,XC7A200T device selection confirmed by user on 2026-09-21; 484 physical pins verified; bank/application plan incomplete
U1,Y17,IO_0_13,FPGA physical pins,UNRESOLVED,XC7A200T device selection confirmed by user on 2026-09-21; 484 physical pins verified; bank/application plan incomplete
U1,Y16,IO_L1P_T0_13,FPGA physical pins,UNRESOLVED,XC7A200T device selection confirmed by user on 2026-09-21; 484 physical pins verified; bank/application plan incomplete
U1,AA16,IO_L1N_T0_13,FPGA physical pins,UNRESOLVED,XC7A200T device selection confirmed by user on 2026-09-21; 484 physical pins verified; bank/application plan incomplete
U1,AB16,IO_L2P_T0_13,FPGA physical pins,UNRESOLVED,XC7A200T device selection confirmed by user on 2026-09-21; 484 physical pins verified; bank/application plan incomplete
U1,AB17,IO_L2N_T0_13,FPGA physical pins,UNRESOLVED,XC7A200T device selection confirmed by user on 2026-09-21; 484 physical pins verified; bank/application plan incomplete
U1,AA13,IO_L3P_T0_DQS_13,FPGA physical pins,UNRESOLVED,XC7A200T device selection confirmed by user on 2026-09-21; 484 physical pins verified; bank/application plan incomplete
U1,AB13,IO_L3N_T0_DQS_13,FPGA physical pins,UNRESOLVED,XC7A200T device selection confirmed by user on 2026-09-21; 484 physical pins verified; bank/application plan incomplete
U1,AA15,IO_L4P_T0_13,FPGA physical pins,UNRESOLVED,XC7A200T device selection confirmed by user on 2026-09-21; 484 physical pins verified; bank/application plan incomplete
U1,AB15,IO_L4N_T0_13,FPGA physical pins,UNRESOLVED,XC7A200T device selection confirmed by user on 2026-09-21; 484 physical pins verified; bank/application plan incomplete
U1,Y13,IO_L5P_T0_13,FPGA physical pins,UNRESOLVED,XC7A200T device selection confirmed by user on 2026-09-21; 484 physical pins verified; bank/application plan incomplete
U1,AA14,IO_L5N_T0_13,FPGA physical pins,UNRESOLVED,XC7A200T device selection confirmed by user on 2026-09-21; 484 physical pins verified; bank/application plan incomplete
U1,W14,IO_L6P_T0_13,FPGA physical pins,UNRESOLVED,XC7A200T device selection confirmed by user on 2026-09-21; 484 physical pins verified; bank/application plan incomplete
U1,Y14,IO_L6N_T0_VREF_13,FPGA physical pins,UNRESOLVED,XC7A200T device selection confirmed by user on 2026-09-21; 484 physical pins verified; bank/application plan incomplete
U1,AB11,IO_L7P_T1_13,FPGA physical pins,UNRESOLVED,XC7A200T device selection confirmed by user on 2026-09-21; 484 physical pins verified; bank/application plan incomplete
U1,AB12,IO_L7N_T1_13,FPGA physical pins,UNRESOLVED,XC7A200T device selection confirmed by user on 2026-09-21; 484 physical pins verified; bank/application plan incomplete
U1,AA9,IO_L8P_T1_13,FPGA physical pins,UNRESOLVED,XC7A200T device selection confirmed by user on 2026-09-21; 484 physical pins verified; bank/application plan incomplete
U1,AB10,IO_L8N_T1_13,FPGA physical pins,UNRESOLVED,XC7A200T device selection confirmed by user on 2026-09-21; 484 physical pins verified; bank/application plan incomplete
U1,AA10,IO_L9P_T1_DQS_13,FPGA physical pins,UNRESOLVED,XC7A200T device selection confirmed by user on 2026-09-21; 484 physical pins verified; bank/application plan incomplete
U1,AA11,IO_L9N_T1_DQS_13,FPGA physical pins,UNRESOLVED,XC7A200T device selection confirmed by user on 2026-09-21; 484 physical pins verified; bank/application plan incomplete
U1,V10,IO_L10P_T1_13,FPGA physical pins,UNRESOLVED,XC7A200T device selection confirmed by user on 2026-09-21; 484 physical pins verified; bank/application plan incomplete
U1,W10,IO_L10N_T1_13,FPGA physical pins,UNRESOLVED,XC7A200T device selection confirmed by user on 2026-09-21; 484 physical pins verified; bank/application plan incomplete
U1,Y11,IO_L11P_T1_SRCC_13,FPGA physical pins,UNRESOLVED,XC7A200T device selection confirmed by user on 2026-09-21; 484 physical pins verified; bank/application plan incomplete
U1,Y12,IO_L11N_T1_SRCC_13,FPGA physical pins,UNRESOLVED,XC7A200T device selection confirmed by user on 2026-09-21; 484 physical pins verified; bank/application plan incomplete
U1,W11,IO_L12P_T1_MRCC_13,FPGA physical pins,UNRESOLVED,XC7A200T device selection confirmed by user on 2026-09-21; 484 physical pins verified; bank/application plan incomplete
U1,W12,IO_L12N_T1_MRCC_13,FPGA physical pins,UNRESOLVED,XC7A200T device selection confirmed by user on 2026-09-21; 484 physical pins verified; bank/application plan incomplete
U1,V13,IO_L13P_T2_MRCC_13,FPGA physical pins,UNRESOLVED,XC7A200T device selection confirmed by user on 2026-09-21; 484 physical pins verified; bank/application plan incomplete
U1,V14,IO_L13N_T2_MRCC_13,FPGA physical pins,UNRESOLVED,XC7A200T device selection confirmed by user on 2026-09-21; 484 physical pins verified; bank/application plan incomplete
U1,U15,IO_L14P_T2_SRCC_13,FPGA physical pins,UNRESOLVED,XC7A200T device selection confirmed by user on 2026-09-21; 484 physical pins verified; bank/application plan incomplete
U1,V15,IO_L14N_T2_SRCC_13,FPGA physical pins,UNRESOLVED,XC7A200T device selection confirmed by user on 2026-09-21; 484 physical pins verified; bank/application plan incomplete
U1,T14,IO_L15P_T2_DQS_13,FPGA physical pins,UNRESOLVED,XC7A200T device selection confirmed by user on 2026-09-21; 484 physical pins verified; bank/application plan incomplete
U1,T15,IO_L15N_T2_DQS_13,FPGA physical pins,UNRESOLVED,XC7A200T device selection confirmed by user on 2026-09-21; 484 physical pins verified; bank/application plan incomplete
U1,W15,IO_L16P_T2_13,FPGA physical pins,UNRESOLVED,XC7A200T device selection confirmed by user on 2026-09-21; 484 physical pins verified; bank/application plan incomplete
U1,W16,IO_L16N_T2_13,FPGA physical pins,UNRESOLVED,XC7A200T device selection confirmed by user on 2026-09-21; 484 physical pins verified; bank/application plan incomplete
U1,T16,IO_L17P_T2_13,FPGA physical pins,UNRESOLVED,XC7A200T device selection confirmed by user on 2026-09-21; 484 physical pins verified; bank/application plan incomplete
U1,U16,IO_L17N_T2_13,FPGA physical pins,UNRESOLVED,XC7A200T device selection confirmed by user on 2026-09-21; 484 physical pins verified; bank/application plan incomplete
U1,P20,IO_0_14,FPGA physical pins,UNRESOLVED,XC7A200T device selection confirmed by user on 2026-09-21; 484 physical pins verified; bank/application plan incomplete
U1,V22,IO_L3N_T0_DQS_EMCCLK_14,FPGA physical pins,UNRESOLVED,XC7A200T device selection confirmed by user on 2026-09-21; 484 physical pins verified; bank/application plan incomplete
U1,T21,IO_L4P_T0_D04_14,FPGA physical pins,UNRESOLVED,XC7A200T device selection confirmed by user on 2026-09-21; 484 physical pins verified; bank/application plan incomplete
U1,U21,IO_L4N_T0_D05_14,FPGA physical pins,UNRESOLVED,XC7A200T device selection confirmed by user on 2026-09-21; 484 physical pins verified; bank/application plan incomplete
U1,P19,IO_L5P_T0_D06_14,FPGA physical pins,UNRESOLVED,XC7A200T device selection confirmed by user on 2026-09-21; 484 physical pins verified; bank/application plan incomplete
U1,R19,IO_L5N_T0_D07_14,FPGA physical pins,UNRESOLVED,XC7A200T device selection confirmed by user on 2026-09-21; 484 physical pins verified; bank/application plan incomplete
U1,T20,IO_L6N_T0_D08_VREF_14,FPGA physical pins,UNRESOLVED,XC7A200T device selection confirmed by user on 2026-09-21; 484 physical pins verified; bank/application plan incomplete
U1,W21,IO_L7P_T1_D09_14,FPGA physical pins,UNRESOLVED,XC7A200T device selection confirmed by user on 2026-09-21; 484 physical pins verified; bank/application plan incomplete
U1,W22,IO_L7N_T1_D10_14,FPGA physical pins,UNRESOLVED,XC7A200T device selection confirmed by user on 2026-09-21; 484 physical pins verified; bank/application plan incomplete
U1,AA20,IO_L8P_T1_D11_14,FPGA physical pins,UNRESOLVED,XC7A200T device selection confirmed by user on 2026-09-21; 484 physical pins verified; bank/application plan incomplete
U1,AA21,IO_L8N_T1_D12_14,FPGA physical pins,UNRESOLVED,XC7A200T device selection confirmed by user on 2026-09-21; 484 physical pins verified; bank/application plan incomplete
U1,Y21,IO_L9P_T1_DQS_14,FPGA physical pins,UNRESOLVED,XC7A200T device selection confirmed by user on 2026-09-21; 484 physical pins verified; bank/application plan incomplete
U1,Y22,IO_L9N_T1_DQS_D13_14,FPGA physical pins,UNRESOLVED,XC7A200T device selection confirmed by user on 2026-09-21; 484 physical pins verified; bank/application plan incomplete
U1,AB21,IO_L10P_T1_D14_14,FPGA physical pins,UNRESOLVED,XC7A200T device selection confirmed by user on 2026-09-21; 484 physical pins verified; bank/application plan incomplete
U1,AB22,IO_L10N_T1_D15_14,FPGA physical pins,UNRESOLVED,XC7A200T device selection confirmed by user on 2026-09-21; 484 physical pins verified; bank/application plan incomplete
U1,U20,IO_L11P_T1_SRCC_14,FPGA physical pins,UNRESOLVED,XC7A200T device selection confirmed by user on 2026-09-21; 484 physical pins verified; bank/application plan incomplete
U1,V20,IO_L11N_T1_SRCC_14,FPGA physical pins,UNRESOLVED,XC7A200T device selection confirmed by user on 2026-09-21; 484 physical pins verified; bank/application plan incomplete
U1,W19,IO_L12P_T1_MRCC_14,FPGA physical pins,UNRESOLVED,XC7A200T device selection confirmed by user on 2026-09-21; 484 physical pins verified; bank/application plan incomplete
U1,W20,IO_L12N_T1_MRCC_14,FPGA physical pins,UNRESOLVED,XC7A200T device selection confirmed by user on 2026-09-21; 484 physical pins verified; bank/application plan incomplete
U1,Y18,IO_L13P_T2_MRCC_14,FPGA physical pins,UNRESOLVED,XC7A200T device selection confirmed by user on 2026-09-21; 484 physical pins verified; bank/application plan incomplete
U1,Y19,IO_L13N_T2_MRCC_14,FPGA physical pins,UNRESOLVED,XC7A200T device selection confirmed by user on 2026-09-21; 484 physical pins verified; bank/application plan incomplete
U1,V18,IO_L14P_T2_SRCC_14,FPGA physical pins,UNRESOLVED,XC7A200T device selection confirmed by user on 2026-09-21; 484 physical pins verified; bank/application plan incomplete
U1,V19,IO_L14N_T2_SRCC_14,FPGA physical pins,UNRESOLVED,XC7A200T device selection confirmed by user on 2026-09-21; 484 physical pins verified; bank/application plan incomplete
U1,AA19,IO_L15P_T2_DQS_RDWR_B_14,FPGA physical pins,UNRESOLVED,XC7A200T device selection confirmed by user on 2026-09-21; 484 physical pins verified; bank/application plan incomplete
U1,AB20,IO_L15N_T2_DQS_DOUT_CSO_B_14,FPGA physical pins,UNRESOLVED,XC7A200T device selection confirmed by user on 2026-09-21; 484 physical pins verified; bank/application plan incomplete
U1,V17,IO_L16P_T2_CSI_B_14,FPGA physical pins,UNRESOLVED,XC7A200T device selection confirmed by user on 2026-09-21; 484 physical pins verified; bank/application plan incomplete
U1,W17,IO_L16N_T2_A15_D31_14,FPGA physical pins,UNRESOLVED,XC7A200T device selection confirmed by user on 2026-09-21; 484 physical pins verified; bank/application plan incomplete
U1,AA18,IO_L17P_T2_A14_D30_14,FPGA physical pins,UNRESOLVED,XC7A200T device selection confirmed by user on 2026-09-21; 484 physical pins verified; bank/application plan incomplete
U1,AB18,IO_L17N_T2_A13_D29_14,FPGA physical pins,UNRESOLVED,XC7A200T device selection confirmed by user on 2026-09-21; 484 physical pins verified; bank/application plan incomplete
U1,U17,IO_L18P_T2_A12_D28_14,FPGA physical pins,UNRESOLVED,XC7A200T device selection confirmed by user on 2026-09-21; 484 physical pins verified; bank/application plan incomplete
U1,U18,IO_L18N_T2_A11_D27_14,FPGA physical pins,UNRESOLVED,XC7A200T device selection confirmed by user on 2026-09-21; 484 physical pins verified; bank/application plan incomplete
U1,P14,IO_L19P_T3_A10_D26_14,FPGA physical pins,UNRESOLVED,XC7A200T device selection confirmed by user on 2026-09-21; 484 physical pins verified; bank/application plan incomplete
U1,R14,IO_L19N_T3_A09_D25_VREF_14,FPGA physical pins,UNRESOLVED,XC7A200T device selection confirmed by user on 2026-09-21; 484 physical pins verified; bank/application plan incomplete
U1,R18,IO_L20P_T3_A08_D24_14,FPGA physical pins,UNRESOLVED,XC7A200T device selection confirmed by user on 2026-09-21; 484 physical pins verified; bank/application plan incomplete
U1,T18,IO_L20N_T3_A07_D23_14,FPGA physical pins,UNRESOLVED,XC7A200T device selection confirmed by user on 2026-09-21; 484 physical pins verified; bank/application plan incomplete
U1,N17,IO_L21P_T3_DQS_14,FPGA physical pins,UNRESOLVED,XC7A200T device selection confirmed by user on 2026-09-21; 484 physical pins verified; bank/application plan incomplete
U1,P17,IO_L21N_T3_DQS_A06_D22_14,FPGA physical pins,UNRESOLVED,XC7A200T device selection confirmed by user on 2026-09-21; 484 physical pins verified; bank/application plan incomplete
U1,P15,IO_L22P_T3_A05_D21_14,FPGA physical pins,UNRESOLVED,XC7A200T device selection confirmed by user on 2026-09-21; 484 physical pins verified; bank/application plan incomplete
U1,R16,IO_L22N_T3_A04_D20_14,FPGA physical pins,UNRESOLVED,XC7A200T device selection confirmed by user on 2026-09-21; 484 physical pins verified; bank/application plan incomplete
U1,N13,IO_L23P_T3_A03_D19_14,FPGA physical pins,UNRESOLVED,XC7A200T device selection confirmed by user on 2026-09-21; 484 physical pins verified; bank/application plan incomplete
U1,N14,IO_L23N_T3_A02_D18_14,FPGA physical pins,UNRESOLVED,XC7A200T device selection confirmed by user on 2026-09-21; 484 physical pins verified; bank/application plan incomplete
U1,P16,IO_L24P_T3_A01_D17_14,FPGA physical pins,UNRESOLVED,XC7A200T device selection confirmed by user on 2026-09-21; 484 physical pins verified; bank/application plan incomplete
U1,R17,IO_L24N_T3_A00_D16_14,FPGA physical pins,UNRESOLVED,XC7A200T device selection confirmed by user on 2026-09-21; 484 physical pins verified; bank/application plan incomplete
U1,N15,IO_25_14,FPGA physical pins,UNRESOLVED,XC7A200T device selection confirmed by user on 2026-09-21; 484 physical pins verified; bank/application plan incomplete
U1,J16,IO_0_15,FPGA physical pins,UNRESOLVED,XC7A200T device selection confirmed by user on 2026-09-21; 484 physical pins verified; bank/application plan incomplete
U1,H13,IO_L1P_T0_AD0P_15,FPGA physical pins,UNRESOLVED,XC7A200T device selection confirmed by user on 2026-09-21; 484 physical pins verified; bank/application plan incomplete
U1,G13,IO_L1N_T0_AD0N_15,FPGA physical pins,UNRESOLVED,XC7A200T device selection confirmed by user on 2026-09-21; 484 physical pins verified; bank/application plan incomplete
U1,G15,IO_L2P_T0_AD8P_15,FPGA physical pins,UNRESOLVED,XC7A200T device selection confirmed by user on 2026-09-21; 484 physical pins verified; bank/application plan incomplete
U1,G16,IO_L2N_T0_AD8N_15,FPGA physical pins,UNRESOLVED,XC7A200T device selection confirmed by user on 2026-09-21; 484 physical pins verified; bank/application plan incomplete
U1,J14,IO_L3P_T0_DQS_AD1P_15,FPGA physical pins,UNRESOLVED,XC7A200T device selection confirmed by user on 2026-09-21; 484 physical pins verified; bank/application plan incomplete
U1,H14,IO_L3N_T0_DQS_AD1N_15,FPGA physical pins,UNRESOLVED,XC7A200T device selection confirmed by user on 2026-09-21; 484 physical pins verified; bank/application plan incomplete
U1,G17,IO_L4P_T0_15,FPGA physical pins,UNRESOLVED,XC7A200T device selection confirmed by user on 2026-09-21; 484 physical pins verified; bank/application plan incomplete
U1,G18,IO_L4N_T0_15,FPGA physical pins,UNRESOLVED,XC7A200T device selection confirmed by user on 2026-09-21; 484 physical pins verified; bank/application plan incomplete
U1,J15,IO_L5P_T0_AD9P_15,FPGA physical pins,UNRESOLVED,XC7A200T device selection confirmed by user on 2026-09-21; 484 physical pins verified; bank/application plan incomplete
U1,H15,IO_L5N_T0_AD9N_15,FPGA physical pins,UNRESOLVED,XC7A200T device selection confirmed by user on 2026-09-21; 484 physical pins verified; bank/application plan incomplete
U1,H17,IO_L6P_T0_15,FPGA physical pins,UNRESOLVED,XC7A200T device selection confirmed by user on 2026-09-21; 484 physical pins verified; bank/application plan incomplete
U1,H18,IO_L6N_T0_VREF_15,FPGA physical pins,UNRESOLVED,XC7A200T device selection confirmed by user on 2026-09-21; 484 physical pins verified; bank/application plan incomplete
U1,J22,IO_L7P_T1_AD2P_15,FPGA physical pins,UNRESOLVED,XC7A200T device selection confirmed by user on 2026-09-21; 484 physical pins verified; bank/application plan incomplete
U1,H22,IO_L7N_T1_AD2N_15,FPGA physical pins,UNRESOLVED,XC7A200T device selection confirmed by user on 2026-09-21; 484 physical pins verified; bank/application plan incomplete
U1,H20,IO_L8P_T1_AD10P_15,FPGA physical pins,UNRESOLVED,XC7A200T device selection confirmed by user on 2026-09-21; 484 physical pins verified; bank/application plan incomplete
U1,G20,IO_L8N_T1_AD10N_15,FPGA physical pins,UNRESOLVED,XC7A200T device selection confirmed by user on 2026-09-21; 484 physical pins verified; bank/application plan incomplete
U1,K21,IO_L9P_T1_DQS_AD3P_15,FPGA physical pins,UNRESOLVED,XC7A200T device selection confirmed by user on 2026-09-21; 484 physical pins verified; bank/application plan incomplete
U1,K22,IO_L9N_T1_DQS_AD3N_15,FPGA physical pins,UNRESOLVED,XC7A200T device selection confirmed by user on 2026-09-21; 484 physical pins verified; bank/application plan incomplete
U1,M21,IO_L10P_T1_AD11P_15,FPGA physical pins,UNRESOLVED,XC7A200T device selection confirmed by user on 2026-09-21; 484 physical pins verified; bank/application plan incomplete
U1,L21,IO_L10N_T1_AD11N_15,FPGA physical pins,UNRESOLVED,XC7A200T device selection confirmed by user on 2026-09-21; 484 physical pins verified; bank/application plan incomplete
U1,J20,IO_L11P_T1_SRCC_15,FPGA physical pins,UNRESOLVED,XC7A200T device selection confirmed by user on 2026-09-21; 484 physical pins verified; bank/application plan incomplete
U1,J21,IO_L11N_T1_SRCC_15,FPGA physical pins,UNRESOLVED,XC7A200T device selection confirmed by user on 2026-09-21; 484 physical pins verified; bank/application plan incomplete
U1,J19,IO_L12P_T1_MRCC_15,FPGA physical pins,UNRESOLVED,XC7A200T device selection confirmed by user on 2026-09-21; 484 physical pins verified; bank/application plan incomplete
U1,H19,IO_L12N_T1_MRCC_15,FPGA physical pins,UNRESOLVED,XC7A200T device selection confirmed by user on 2026-09-21; 484 physical pins verified; bank/application plan incomplete
U1,K18,IO_L13P_T2_MRCC_15,FPGA physical pins,UNRESOLVED,XC7A200T device selection confirmed by user on 2026-09-21; 484 physical pins verified; bank/application plan incomplete
U1,K19,IO_L13N_T2_MRCC_15,FPGA physical pins,UNRESOLVED,XC7A200T device selection confirmed by user on 2026-09-21; 484 physical pins verified; bank/application plan incomplete
U1,L19,IO_L14P_T2_SRCC_15,FPGA physical pins,UNRESOLVED,XC7A200T device selection confirmed by user on 2026-09-21; 484 physical pins verified; bank/application plan incomplete
U1,L20,IO_L14N_T2_SRCC_15,FPGA physical pins,UNRESOLVED,XC7A200T device selection confirmed by user on 2026-09-21; 484 physical pins verified; bank/application plan incomplete
U1,N22,IO_L15P_T2_DQS_15,FPGA physical pins,UNRESOLVED,XC7A200T device selection confirmed by user on 2026-09-21; 484 physical pins verified; bank/application plan incomplete
U1,M22,IO_L15N_T2_DQS_ADV_B_15,FPGA physical pins,UNRESOLVED,XC7A200T device selection confirmed by user on 2026-09-21; 484 physical pins verified; bank/application plan incomplete
U1,M18,IO_L16P_T2_A28_15,FPGA physical pins,UNRESOLVED,XC7A200T device selection confirmed by user on 2026-09-21; 484 physical pins verified; bank/application plan incomplete
U1,L18,IO_L16N_T2_A27_15,FPGA physical pins,UNRESOLVED,XC7A200T device selection confirmed by user on 2026-09-21; 484 physical pins verified; bank/application plan incomplete
U1,N18,IO_L17P_T2_A26_15,FPGA physical pins,UNRESOLVED,XC7A200T device selection confirmed by user on 2026-09-21; 484 physical pins verified; bank/application plan incomplete
U1,N19,IO_L17N_T2_A25_15,FPGA physical pins,UNRESOLVED,XC7A200T device selection confirmed by user on 2026-09-21; 484 physical pins verified; bank/application plan incomplete
U1,N20,IO_L18P_T2_A24_15,FPGA physical pins,UNRESOLVED,XC7A200T device selection confirmed by user on 2026-09-21; 484 physical pins verified; bank/application plan incomplete
U1,M20,IO_L18N_T2_A23_15,FPGA physical pins,UNRESOLVED,XC7A200T device selection confirmed by user on 2026-09-21; 484 physical pins verified; bank/application plan incomplete
U1,K13,IO_L19P_T3_A22_15,FPGA physical pins,UNRESOLVED,XC7A200T device selection confirmed by user on 2026-09-21; 484 physical pins verified; bank/application plan incomplete
U1,K14,IO_L19N_T3_A21_VREF_15,FPGA physical pins,UNRESOLVED,XC7A200T device selection confirmed by user on 2026-09-21; 484 physical pins verified; bank/application plan incomplete
U1,M13,IO_L20P_T3_A20_15,FPGA physical pins,UNRESOLVED,XC7A200T device selection confirmed by user on 2026-09-21; 484 physical pins verified; bank/application plan incomplete
U1,L13,IO_L20N_T3_A19_15,FPGA physical pins,UNRESOLVED,XC7A200T device selection confirmed by user on 2026-09-21; 484 physical pins verified; bank/application plan incomplete
U1,K17,IO_L21P_T3_DQS_15,FPGA physical pins,UNRESOLVED,XC7A200T device selection confirmed by user on 2026-09-21; 484 physical pins verified; bank/application plan incomplete
U1,J17,IO_L21N_T3_DQS_A18_15,FPGA physical pins,UNRESOLVED,XC7A200T device selection confirmed by user on 2026-09-21; 484 physical pins verified; bank/application plan incomplete
U1,L14,IO_L22P_T3_A17_15,FPGA physical pins,UNRESOLVED,XC7A200T device selection confirmed by user on 2026-09-21; 484 physical pins verified; bank/application plan incomplete
U1,L15,IO_L22N_T3_A16_15,FPGA physical pins,UNRESOLVED,XC7A200T device selection confirmed by user on 2026-09-21; 484 physical pins verified; bank/application plan incomplete
U1,L16,IO_L23P_T3_FOE_B_15,FPGA physical pins,UNRESOLVED,XC7A200T device selection confirmed by user on 2026-09-21; 484 physical pins verified; bank/application plan incomplete
U1,K16,IO_L23N_T3_FWE_B_15,FPGA physical pins,UNRESOLVED,XC7A200T device selection confirmed by user on 2026-09-21; 484 physical pins verified; bank/application plan incomplete
U1,M15,IO_L24P_T3_RS1_15,FPGA physical pins,UNRESOLVED,XC7A200T device selection confirmed by user on 2026-09-21; 484 physical pins verified; bank/application plan incomplete
U1,M16,IO_L24N_T3_RS0_15,FPGA physical pins,UNRESOLVED,XC7A200T device selection confirmed by user on 2026-09-21; 484 physical pins verified; bank/application plan incomplete
U1,M17,IO_25_15,FPGA physical pins,UNRESOLVED,XC7A200T device selection confirmed by user on 2026-09-21; 484 physical pins verified; bank/application plan incomplete
U1,F15,IO_0_16,FPGA physical pins,UNRESOLVED,XC7A200T device selection confirmed by user on 2026-09-21; 484 physical pins verified; bank/application plan incomplete
U1,F13,IO_L1P_T0_16,FPGA physical pins,UNRESOLVED,XC7A200T device selection confirmed by user on 2026-09-21; 484 physical pins verified; bank/application plan incomplete
U1,F14,IO_L1N_T0_16,FPGA physical pins,UNRESOLVED,XC7A200T device selection confirmed by user on 2026-09-21; 484 physical pins verified; bank/application plan incomplete
U1,F16,IO_L2P_T0_16,FPGA physical pins,UNRESOLVED,XC7A200T device selection confirmed by user on 2026-09-21; 484 physical pins verified; bank/application plan incomplete
U1,E17,IO_L2N_T0_16,FPGA physical pins,UNRESOLVED,XC7A200T device selection confirmed by user on 2026-09-21; 484 physical pins verified; bank/application plan incomplete
U1,C14,IO_L3P_T0_DQS_16,FPGA physical pins,UNRESOLVED,XC7A200T device selection confirmed by user on 2026-09-21; 484 physical pins verified; bank/application plan incomplete
U1,C15,IO_L3N_T0_DQS_16,FPGA physical pins,UNRESOLVED,XC7A200T device selection confirmed by user on 2026-09-21; 484 physical pins verified; bank/application plan incomplete
U1,E13,IO_L4P_T0_16,FPGA physical pins,UNRESOLVED,XC7A200T device selection confirmed by user on 2026-09-21; 484 physical pins verified; bank/application plan incomplete
U1,E14,IO_L4N_T0_16,FPGA physical pins,UNRESOLVED,XC7A200T device selection confirmed by user on 2026-09-21; 484 physical pins verified; bank/application plan incomplete
U1,E16,IO_L5P_T0_16,FPGA physical pins,UNRESOLVED,XC7A200T device selection confirmed by user on 2026-09-21; 484 physical pins verified; bank/application plan incomplete
U1,D16,IO_L5N_T0_16,FPGA physical pins,UNRESOLVED,XC7A200T device selection confirmed by user on 2026-09-21; 484 physical pins verified; bank/application plan incomplete
U1,D14,IO_L6P_T0_16,FPGA physical pins,UNRESOLVED,XC7A200T device selection confirmed by user on 2026-09-21; 484 physical pins verified; bank/application plan incomplete
U1,D15,IO_L6N_T0_VREF_16,FPGA physical pins,UNRESOLVED,XC7A200T device selection confirmed by user on 2026-09-21; 484 physical pins verified; bank/application plan incomplete
U1,B15,IO_L7P_T1_16,FPGA physical pins,UNRESOLVED,XC7A200T device selection confirmed by user on 2026-09-21; 484 physical pins verified; bank/application plan incomplete
U1,B16,IO_L7N_T1_16,FPGA physical pins,UNRESOLVED,XC7A200T device selection confirmed by user on 2026-09-21; 484 physical pins verified; bank/application plan incomplete
U1,C13,IO_L8P_T1_16,FPGA physical pins,UNRESOLVED,XC7A200T device selection confirmed by user on 2026-09-21; 484 physical pins verified; bank/application plan incomplete
U1,B13,IO_L8N_T1_16,FPGA physical pins,UNRESOLVED,XC7A200T device selection confirmed by user on 2026-09-21; 484 physical pins verified; bank/application plan incomplete
U1,A15,IO_L9P_T1_DQS_16,FPGA physical pins,UNRESOLVED,XC7A200T device selection confirmed by user on 2026-09-21; 484 physical pins verified; bank/application plan incomplete
U1,A16,IO_L9N_T1_DQS_16,FPGA physical pins,UNRESOLVED,XC7A200T device selection confirmed by user on 2026-09-21; 484 physical pins verified; bank/application plan incomplete
U1,A13,IO_L10P_T1_16,FPGA physical pins,UNRESOLVED,XC7A200T device selection confirmed by user on 2026-09-21; 484 physical pins verified; bank/application plan incomplete
U1,A14,IO_L10N_T1_16,FPGA physical pins,UNRESOLVED,XC7A200T device selection confirmed by user on 2026-09-21; 484 physical pins verified; bank/application plan incomplete
U1,B17,IO_L11P_T1_SRCC_16,FPGA physical pins,UNRESOLVED,XC7A200T device selection confirmed by user on 2026-09-21; 484 physical pins verified; bank/application plan incomplete
U1,B18,IO_L11N_T1_SRCC_16,FPGA physical pins,UNRESOLVED,XC7A200T device selection confirmed by user on 2026-09-21; 484 physical pins verified; bank/application plan incomplete
U1,D17,IO_L12P_T1_MRCC_16,FPGA physical pins,UNRESOLVED,XC7A200T device selection confirmed by user on 2026-09-21; 484 physical pins verified; bank/application plan incomplete
U1,C17,IO_L12N_T1_MRCC_16,FPGA physical pins,UNRESOLVED,XC7A200T device selection confirmed by user on 2026-09-21; 484 physical pins verified; bank/application plan incomplete
U1,C18,IO_L13P_T2_MRCC_16,FPGA physical pins,UNRESOLVED,XC7A200T device selection confirmed by user on 2026-09-21; 484 physical pins verified; bank/application plan incomplete
U1,C19,IO_L13N_T2_MRCC_16,FPGA physical pins,UNRESOLVED,XC7A200T device selection confirmed by user on 2026-09-21; 484 physical pins verified; bank/application plan incomplete
U1,E19,IO_L14P_T2_SRCC_16,FPGA physical pins,UNRESOLVED,XC7A200T device selection confirmed by user on 2026-09-21; 484 physical pins verified; bank/application plan incomplete
U1,D19,IO_L14N_T2_SRCC_16,FPGA physical pins,UNRESOLVED,XC7A200T device selection confirmed by user on 2026-09-21; 484 physical pins verified; bank/application plan incomplete
U1,F18,IO_L15P_T2_DQS_16,FPGA physical pins,UNRESOLVED,XC7A200T device selection confirmed by user on 2026-09-21; 484 physical pins verified; bank/application plan incomplete
U1,E18,IO_L15N_T2_DQS_16,FPGA physical pins,UNRESOLVED,XC7A200T device selection confirmed by user on 2026-09-21; 484 physical pins verified; bank/application plan incomplete
U1,B20,IO_L16P_T2_16,FPGA physical pins,UNRESOLVED,XC7A200T device selection confirmed by user on 2026-09-21; 484 physical pins verified; bank/application plan incomplete
U1,A20,IO_L16N_T2_16,FPGA physical pins,UNRESOLVED,XC7A200T device selection confirmed by user on 2026-09-21; 484 physical pins verified; bank/application plan incomplete
U1,A18,IO_L17P_T2_16,FPGA physical pins,UNRESOLVED,XC7A200T device selection confirmed by user on 2026-09-21; 484 physical pins verified; bank/application plan incomplete
U1,A19,IO_L17N_T2_16,FPGA physical pins,UNRESOLVED,XC7A200T device selection confirmed by user on 2026-09-21; 484 physical pins verified; bank/application plan incomplete
U1,F19,IO_L18P_T2_16,FPGA physical pins,UNRESOLVED,XC7A200T device selection confirmed by user on 2026-09-21; 484 physical pins verified; bank/application plan incomplete
U1,F20,IO_L18N_T2_16,FPGA physical pins,UNRESOLVED,XC7A200T device selection confirmed by user on 2026-09-21; 484 physical pins verified; bank/application plan incomplete
U1,D20,IO_L19P_T3_16,FPGA physical pins,UNRESOLVED,XC7A200T device selection confirmed by user on 2026-09-21; 484 physical pins verified; bank/application plan incomplete
U1,C20,IO_L19N_T3_VREF_16,FPGA physical pins,UNRESOLVED,XC7A200T device selection confirmed by user on 2026-09-21; 484 physical pins verified; bank/application plan incomplete
U1,C22,IO_L20P_T3_16,FPGA physical pins,UNRESOLVED,XC7A200T device selection confirmed by user on 2026-09-21; 484 physical pins verified; bank/application plan incomplete
U1,B22,IO_L20N_T3_16,FPGA physical pins,UNRESOLVED,XC7A200T device selection confirmed by user on 2026-09-21; 484 physical pins verified; bank/application plan incomplete
U1,B21,IO_L21P_T3_DQS_16,FPGA physical pins,UNRESOLVED,XC7A200T device selection confirmed by user on 2026-09-21; 484 physical pins verified; bank/application plan incomplete
U1,A21,IO_L21N_T3_DQS_16,FPGA physical pins,UNRESOLVED,XC7A200T device selection confirmed by user on 2026-09-21; 484 physical pins verified; bank/application plan incomplete
U1,E22,IO_L22P_T3_16,FPGA physical pins,UNRESOLVED,XC7A200T device selection confirmed by user on 2026-09-21; 484 physical pins verified; bank/application plan incomplete
U1,D22,IO_L22N_T3_16,FPGA physical pins,UNRESOLVED,XC7A200T device selection confirmed by user on 2026-09-21; 484 physical pins verified; bank/application plan incomplete
U1,E21,IO_L23P_T3_16,FPGA physical pins,UNRESOLVED,XC7A200T device selection confirmed by user on 2026-09-21; 484 physical pins verified; bank/application plan incomplete
U1,D21,IO_L23N_T3_16,FPGA physical pins,UNRESOLVED,XC7A200T device selection confirmed by user on 2026-09-21; 484 physical pins verified; bank/application plan incomplete
U1,G21,IO_L24P_T3_16,FPGA physical pins,UNRESOLVED,XC7A200T device selection confirmed by user on 2026-09-21; 484 physical pins verified; bank/application plan incomplete
U1,G22,IO_L24N_T3_16,FPGA physical pins,UNRESOLVED,XC7A200T device selection confirmed by user on 2026-09-21; 484 physical pins verified; bank/application plan incomplete
U1,F21,IO_25_16,FPGA physical pins,UNRESOLVED,XC7A200T device selection confirmed by user on 2026-09-21; 484 physical pins verified; bank/application plan incomplete
U1,T3,IO_0_34,FPGA physical pins,UNRESOLVED,XC7A200T device selection confirmed by user on 2026-09-21; 484 physical pins verified; bank/application plan incomplete
U1,T1,IO_L1P_T0_34,FPGA physical pins,UNRESOLVED,XC7A200T device selection confirmed by user on 2026-09-21; 484 physical pins verified; bank/application plan incomplete
U1,U1,IO_L1N_T0_34,FPGA physical pins,UNRESOLVED,XC7A200T device selection confirmed by user on 2026-09-21; 484 physical pins verified; bank/application plan incomplete
U1,U2,IO_L2P_T0_34,FPGA physical pins,UNRESOLVED,XC7A200T device selection confirmed by user on 2026-09-21; 484 physical pins verified; bank/application plan incomplete
U1,V2,IO_L2N_T0_34,FPGA physical pins,UNRESOLVED,XC7A200T device selection confirmed by user on 2026-09-21; 484 physical pins verified; bank/application plan incomplete
U1,R3,IO_L3P_T0_DQS_34,FPGA physical pins,UNRESOLVED,XC7A200T device selection confirmed by user on 2026-09-21; 484 physical pins verified; bank/application plan incomplete
U1,R2,IO_L3N_T0_DQS_34,FPGA physical pins,UNRESOLVED,XC7A200T device selection confirmed by user on 2026-09-21; 484 physical pins verified; bank/application plan incomplete
U1,W2,IO_L4P_T0_34,FPGA physical pins,UNRESOLVED,XC7A200T device selection confirmed by user on 2026-09-21; 484 physical pins verified; bank/application plan incomplete
U1,Y2,IO_L4N_T0_34,FPGA physical pins,UNRESOLVED,XC7A200T device selection confirmed by user on 2026-09-21; 484 physical pins verified; bank/application plan incomplete
U1,W1,IO_L5P_T0_34,FPGA physical pins,UNRESOLVED,XC7A200T device selection confirmed by user on 2026-09-21; 484 physical pins verified; bank/application plan incomplete
U1,Y1,IO_L5N_T0_34,FPGA physical pins,UNRESOLVED,XC7A200T device selection confirmed by user on 2026-09-21; 484 physical pins verified; bank/application plan incomplete
U1,U3,IO_L6P_T0_34,FPGA physical pins,UNRESOLVED,XC7A200T device selection confirmed by user on 2026-09-21; 484 physical pins verified; bank/application plan incomplete
U1,V3,IO_L6N_T0_VREF_34,FPGA physical pins,UNRESOLVED,XC7A200T device selection confirmed by user on 2026-09-21; 484 physical pins verified; bank/application plan incomplete
U1,AA1,IO_L7P_T1_34,FPGA physical pins,UNRESOLVED,XC7A200T device selection confirmed by user on 2026-09-21; 484 physical pins verified; bank/application plan incomplete
U1,AB1,IO_L7N_T1_34,FPGA physical pins,UNRESOLVED,XC7A200T device selection confirmed by user on 2026-09-21; 484 physical pins verified; bank/application plan incomplete
U1,AB3,IO_L8P_T1_34,FPGA physical pins,UNRESOLVED,XC7A200T device selection confirmed by user on 2026-09-21; 484 physical pins verified; bank/application plan incomplete
U1,AB2,IO_L8N_T1_34,FPGA physical pins,UNRESOLVED,XC7A200T device selection confirmed by user on 2026-09-21; 484 physical pins verified; bank/application plan incomplete
U1,Y3,IO_L9P_T1_DQS_34,FPGA physical pins,UNRESOLVED,XC7A200T device selection confirmed by user on 2026-09-21; 484 physical pins verified; bank/application plan incomplete
U1,AA3,IO_L9N_T1_DQS_34,FPGA physical pins,UNRESOLVED,XC7A200T device selection confirmed by user on 2026-09-21; 484 physical pins verified; bank/application plan incomplete
U1,AA5,IO_L10P_T1_34,FPGA physical pins,UNRESOLVED,XC7A200T device selection confirmed by user on 2026-09-21; 484 physical pins verified; bank/application plan incomplete
U1,AB5,IO_L10N_T1_34,FPGA physical pins,UNRESOLVED,XC7A200T device selection confirmed by user on 2026-09-21; 484 physical pins verified; bank/application plan incomplete
U1,Y4,IO_L11P_T1_SRCC_34,FPGA physical pins,UNRESOLVED,XC7A200T device selection confirmed by user on 2026-09-21; 484 physical pins verified; bank/application plan incomplete
U1,AA4,IO_L11N_T1_SRCC_34,FPGA physical pins,UNRESOLVED,XC7A200T device selection confirmed by user on 2026-09-21; 484 physical pins verified; bank/application plan incomplete
U1,V4,IO_L12P_T1_MRCC_34,FPGA physical pins,UNRESOLVED,XC7A200T device selection confirmed by user on 2026-09-21; 484 physical pins verified; bank/application plan incomplete
U1,W4,IO_L12N_T1_MRCC_34,FPGA physical pins,UNRESOLVED,XC7A200T device selection confirmed by user on 2026-09-21; 484 physical pins verified; bank/application plan incomplete
U1,R4,IO_L13P_T2_MRCC_34,FPGA physical pins,UNRESOLVED,XC7A200T device selection confirmed by user on 2026-09-21; 484 physical pins verified; bank/application plan incomplete
U1,T4,IO_L13N_T2_MRCC_34,FPGA physical pins,UNRESOLVED,XC7A200T device selection confirmed by user on 2026-09-21; 484 physical pins verified; bank/application plan incomplete
U1,T5,IO_L14P_T2_SRCC_34,FPGA physical pins,UNRESOLVED,XC7A200T device selection confirmed by user on 2026-09-21; 484 physical pins verified; bank/application plan incomplete
U1,U5,IO_L14N_T2_SRCC_34,FPGA physical pins,UNRESOLVED,XC7A200T device selection confirmed by user on 2026-09-21; 484 physical pins verified; bank/application plan incomplete
U1,W6,IO_L15P_T2_DQS_34,FPGA physical pins,UNRESOLVED,XC7A200T device selection confirmed by user on 2026-09-21; 484 physical pins verified; bank/application plan incomplete
U1,W5,IO_L15N_T2_DQS_34,FPGA physical pins,UNRESOLVED,XC7A200T device selection confirmed by user on 2026-09-21; 484 physical pins verified; bank/application plan incomplete
U1,U6,IO_L16P_T2_34,FPGA physical pins,UNRESOLVED,XC7A200T device selection confirmed by user on 2026-09-21; 484 physical pins verified; bank/application plan incomplete
U1,V5,IO_L16N_T2_34,FPGA physical pins,UNRESOLVED,XC7A200T device selection confirmed by user on 2026-09-21; 484 physical pins verified; bank/application plan incomplete
U1,R6,IO_L17P_T2_34,FPGA physical pins,UNRESOLVED,XC7A200T device selection confirmed by user on 2026-09-21; 484 physical pins verified; bank/application plan incomplete
U1,T6,IO_L17N_T2_34,FPGA physical pins,UNRESOLVED,XC7A200T device selection confirmed by user on 2026-09-21; 484 physical pins verified; bank/application plan incomplete
U1,Y6,IO_L18P_T2_34,FPGA physical pins,UNRESOLVED,XC7A200T device selection confirmed by user on 2026-09-21; 484 physical pins verified; bank/application plan incomplete
U1,AA6,IO_L18N_T2_34,FPGA physical pins,UNRESOLVED,XC7A200T device selection confirmed by user on 2026-09-21; 484 physical pins verified; bank/application plan incomplete
U1,V7,IO_L19P_T3_34,FPGA physical pins,UNRESOLVED,XC7A200T device selection confirmed by user on 2026-09-21; 484 physical pins verified; bank/application plan incomplete
U1,W7,IO_L19N_T3_VREF_34,FPGA physical pins,UNRESOLVED,XC7A200T device selection confirmed by user on 2026-09-21; 484 physical pins verified; bank/application plan incomplete
U1,AB7,IO_L20P_T3_34,FPGA physical pins,UNRESOLVED,XC7A200T device selection confirmed by user on 2026-09-21; 484 physical pins verified; bank/application plan incomplete
U1,AB6,IO_L20N_T3_34,FPGA physical pins,UNRESOLVED,XC7A200T device selection confirmed by user on 2026-09-21; 484 physical pins verified; bank/application plan incomplete
U1,V9,IO_L21P_T3_DQS_34,FPGA physical pins,UNRESOLVED,XC7A200T device selection confirmed by user on 2026-09-21; 484 physical pins verified; bank/application plan incomplete
U1,V8,IO_L21N_T3_DQS_34,FPGA physical pins,UNRESOLVED,XC7A200T device selection confirmed by user on 2026-09-21; 484 physical pins verified; bank/application plan incomplete
U1,AA8,IO_L22P_T3_34,FPGA physical pins,UNRESOLVED,XC7A200T device selection confirmed by user on 2026-09-21; 484 physical pins verified; bank/application plan incomplete
U1,AB8,IO_L22N_T3_34,FPGA physical pins,UNRESOLVED,XC7A200T device selection confirmed by user on 2026-09-21; 484 physical pins verified; bank/application plan incomplete
U1,Y8,IO_L23P_T3_34,FPGA physical pins,UNRESOLVED,XC7A200T device selection confirmed by user on 2026-09-21; 484 physical pins verified; bank/application plan incomplete
U1,Y7,IO_L23N_T3_34,FPGA physical pins,UNRESOLVED,XC7A200T device selection confirmed by user on 2026-09-21; 484 physical pins verified; bank/application plan incomplete
U1,W9,IO_L24P_T3_34,FPGA physical pins,UNRESOLVED,XC7A200T device selection confirmed by user on 2026-09-21; 484 physical pins verified; bank/application plan incomplete
U1,Y9,IO_L24N_T3_34,FPGA physical pins,UNRESOLVED,XC7A200T device selection confirmed by user on 2026-09-21; 484 physical pins verified; bank/application plan incomplete
U1,U7,IO_25_34,FPGA physical pins,UNRESOLVED,XC7A200T device selection confirmed by user on 2026-09-21; 484 physical pins verified; bank/application plan incomplete
U1,F4,IO_0_35,FPGA physical pins,UNRESOLVED,XC7A200T device selection confirmed by user on 2026-09-21; 484 physical pins verified; bank/application plan incomplete
U1,B1,IO_L1P_T0_AD4P_35,FPGA physical pins,UNRESOLVED,XC7A200T device selection confirmed by user on 2026-09-21; 484 physical pins verified; bank/application plan incomplete
U1,A1,IO_L1N_T0_AD4N_35,FPGA physical pins,UNRESOLVED,XC7A200T device selection confirmed by user on 2026-09-21; 484 physical pins verified; bank/application plan incomplete
U1,C2,IO_L2P_T0_AD12P_35,FPGA physical pins,UNRESOLVED,XC7A200T device selection confirmed by user on 2026-09-21; 484 physical pins verified; bank/application plan incomplete
U1,B2,IO_L2N_T0_AD12N_35,FPGA physical pins,UNRESOLVED,XC7A200T device selection confirmed by user on 2026-09-21; 484 physical pins verified; bank/application plan incomplete
U1,E1,IO_L3P_T0_DQS_AD5P_35,FPGA physical pins,UNRESOLVED,XC7A200T device selection confirmed by user on 2026-09-21; 484 physical pins verified; bank/application plan incomplete
U1,D1,IO_L3N_T0_DQS_AD5N_35,FPGA physical pins,UNRESOLVED,XC7A200T device selection confirmed by user on 2026-09-21; 484 physical pins verified; bank/application plan incomplete
U1,E2,IO_L4P_T0_35,FPGA physical pins,UNRESOLVED,XC7A200T device selection confirmed by user on 2026-09-21; 484 physical pins verified; bank/application plan incomplete
U1,D2,IO_L4N_T0_35,FPGA physical pins,UNRESOLVED,XC7A200T device selection confirmed by user on 2026-09-21; 484 physical pins verified; bank/application plan incomplete
U1,G1,IO_L5P_T0_AD13P_35,FPGA physical pins,UNRESOLVED,XC7A200T device selection confirmed by user on 2026-09-21; 484 physical pins verified; bank/application plan incomplete
U1,F1,IO_L5N_T0_AD13N_35,FPGA physical pins,UNRESOLVED,XC7A200T device selection confirmed by user on 2026-09-21; 484 physical pins verified; bank/application plan incomplete
U1,F3,IO_L6P_T0_35,FPGA physical pins,UNRESOLVED,XC7A200T device selection confirmed by user on 2026-09-21; 484 physical pins verified; bank/application plan incomplete
U1,E3,IO_L6N_T0_VREF_35,FPGA physical pins,UNRESOLVED,XC7A200T device selection confirmed by user on 2026-09-21; 484 physical pins verified; bank/application plan incomplete
U1,K1,IO_L7P_T1_AD6P_35,FPGA physical pins,UNRESOLVED,XC7A200T device selection confirmed by user on 2026-09-21; 484 physical pins verified; bank/application plan incomplete
U1,J1,IO_L7N_T1_AD6N_35,FPGA physical pins,UNRESOLVED,XC7A200T device selection confirmed by user on 2026-09-21; 484 physical pins verified; bank/application plan incomplete
U1,H2,IO_L8P_T1_AD14P_35,FPGA physical pins,UNRESOLVED,XC7A200T device selection confirmed by user on 2026-09-21; 484 physical pins verified; bank/application plan incomplete
U1,G2,IO_L8N_T1_AD14N_35,FPGA physical pins,UNRESOLVED,XC7A200T device selection confirmed by user on 2026-09-21; 484 physical pins verified; bank/application plan incomplete
U1,K2,IO_L9P_T1_DQS_AD7P_35,FPGA physical pins,UNRESOLVED,XC7A200T device selection confirmed by user on 2026-09-21; 484 physical pins verified; bank/application plan incomplete
U1,J2,IO_L9N_T1_DQS_AD7N_35,FPGA physical pins,UNRESOLVED,XC7A200T device selection confirmed by user on 2026-09-21; 484 physical pins verified; bank/application plan incomplete
U1,J5,IO_L10P_T1_AD15P_35,FPGA physical pins,UNRESOLVED,XC7A200T device selection confirmed by user on 2026-09-21; 484 physical pins verified; bank/application plan incomplete
U1,H5,IO_L10N_T1_AD15N_35,FPGA physical pins,UNRESOLVED,XC7A200T device selection confirmed by user on 2026-09-21; 484 physical pins verified; bank/application plan incomplete
U1,H3,IO_L11P_T1_SRCC_35,FPGA physical pins,UNRESOLVED,XC7A200T device selection confirmed by user on 2026-09-21; 484 physical pins verified; bank/application plan incomplete
U1,G3,IO_L11N_T1_SRCC_35,FPGA physical pins,UNRESOLVED,XC7A200T device selection confirmed by user on 2026-09-21; 484 physical pins verified; bank/application plan incomplete
U1,H4,IO_L12P_T1_MRCC_35,FPGA physical pins,UNRESOLVED,XC7A200T device selection confirmed by user on 2026-09-21; 484 physical pins verified; bank/application plan incomplete
U1,G4,IO_L12N_T1_MRCC_35,FPGA physical pins,UNRESOLVED,XC7A200T device selection confirmed by user on 2026-09-21; 484 physical pins verified; bank/application plan incomplete
U1,K4,IO_L13P_T2_MRCC_35,FPGA physical pins,UNRESOLVED,XC7A200T device selection confirmed by user on 2026-09-21; 484 physical pins verified; bank/application plan incomplete
U1,J4,IO_L13N_T2_MRCC_35,FPGA physical pins,UNRESOLVED,XC7A200T device selection confirmed by user on 2026-09-21; 484 physical pins verified; bank/application plan incomplete
U1,L3,IO_L14P_T2_SRCC_35,FPGA physical pins,UNRESOLVED,XC7A200T device selection confirmed by user on 2026-09-21; 484 physical pins verified; bank/application plan incomplete
U1,K3,IO_L14N_T2_SRCC_35,FPGA physical pins,UNRESOLVED,XC7A200T device selection confirmed by user on 2026-09-21; 484 physical pins verified; bank/application plan incomplete
U1,M1,IO_L15P_T2_DQS_35,FPGA physical pins,UNRESOLVED,XC7A200T device selection confirmed by user on 2026-09-21; 484 physical pins verified; bank/application plan incomplete
U1,L1,IO_L15N_T2_DQS_35,FPGA physical pins,UNRESOLVED,XC7A200T device selection confirmed by user on 2026-09-21; 484 physical pins verified; bank/application plan incomplete
U1,M3,IO_L16P_T2_35,FPGA physical pins,UNRESOLVED,XC7A200T device selection confirmed by user on 2026-09-21; 484 physical pins verified; bank/application plan incomplete
U1,M2,IO_L16N_T2_35,FPGA physical pins,UNRESOLVED,XC7A200T device selection confirmed by user on 2026-09-21; 484 physical pins verified; bank/application plan incomplete
U1,K6,IO_L17P_T2_35,FPGA physical pins,UNRESOLVED,XC7A200T device selection confirmed by user on 2026-09-21; 484 physical pins verified; bank/application plan incomplete
U1,J6,IO_L17N_T2_35,FPGA physical pins,UNRESOLVED,XC7A200T device selection confirmed by user on 2026-09-21; 484 physical pins verified; bank/application plan incomplete
U1,L5,IO_L18P_T2_35,FPGA physical pins,UNRESOLVED,XC7A200T device selection confirmed by user on 2026-09-21; 484 physical pins verified; bank/application plan incomplete
U1,L4,IO_L18N_T2_35,FPGA physical pins,UNRESOLVED,XC7A200T device selection confirmed by user on 2026-09-21; 484 physical pins verified; bank/application plan incomplete
U1,N4,IO_L19P_T3_35,FPGA physical pins,UNRESOLVED,XC7A200T device selection confirmed by user on 2026-09-21; 484 physical pins verified; bank/application plan incomplete
U1,N3,IO_L19N_T3_VREF_35,FPGA physical pins,UNRESOLVED,XC7A200T device selection confirmed by user on 2026-09-21; 484 physical pins verified; bank/application plan incomplete
U1,R1,IO_L20P_T3_35,FPGA physical pins,UNRESOLVED,XC7A200T device selection confirmed by user on 2026-09-21; 484 physical pins verified; bank/application plan incomplete
U1,P1,IO_L20N_T3_35,FPGA physical pins,UNRESOLVED,XC7A200T device selection confirmed by user on 2026-09-21; 484 physical pins verified; bank/application plan incomplete
U1,P5,IO_L21P_T3_DQS_35,FPGA physical pins,UNRESOLVED,XC7A200T device selection confirmed by user on 2026-09-21; 484 physical pins verified; bank/application plan incomplete
U1,P4,IO_L21N_T3_DQS_35,FPGA physical pins,UNRESOLVED,XC7A200T device selection confirmed by user on 2026-09-21; 484 physical pins verified; bank/application plan incomplete
U1,P2,IO_L22P_T3_35,FPGA physical pins,UNRESOLVED,XC7A200T device selection confirmed by user on 2026-09-21; 484 physical pins verified; bank/application plan incomplete
U1,N2,IO_L22N_T3_35,FPGA physical pins,UNRESOLVED,XC7A200T device selection confirmed by user on 2026-09-21; 484 physical pins verified; bank/application plan incomplete
U1,M6,IO_L23P_T3_35,FPGA physical pins,UNRESOLVED,XC7A200T device selection confirmed by user on 2026-09-21; 484 physical pins verified; bank/application plan incomplete
U1,M5,IO_L23N_T3_35,FPGA physical pins,UNRESOLVED,XC7A200T device selection confirmed by user on 2026-09-21; 484 physical pins verified; bank/application plan incomplete
U1,P6,IO_L24P_T3_35,FPGA physical pins,UNRESOLVED,XC7A200T device selection confirmed by user on 2026-09-21; 484 physical pins verified; bank/application plan incomplete
U1,N5,IO_L24N_T3_35,FPGA physical pins,UNRESOLVED,XC7A200T device selection confirmed by user on 2026-09-21; 484 physical pins verified; bank/application plan incomplete
U1,L6,IO_25_35,FPGA physical pins,UNRESOLVED,XC7A200T device selection confirmed by user on 2026-09-21; 484 physical pins verified; bank/application plan incomplete
U1,D7,MGTPTXP3_216,FPGA physical pins,UNRESOLVED,XC7A200T device selection confirmed by user on 2026-09-21; 484 physical pins verified; bank/application plan incomplete
U1,D9,MGTPRXP3_216,FPGA physical pins,UNRESOLVED,XC7A200T device selection confirmed by user on 2026-09-21; 484 physical pins verified; bank/application plan incomplete
U1,C7,MGTPTXN3_216,FPGA physical pins,UNRESOLVED,XC7A200T device selection confirmed by user on 2026-09-21; 484 physical pins verified; bank/application plan incomplete
U1,C9,MGTPRXN3_216,FPGA physical pins,UNRESOLVED,XC7A200T device selection confirmed by user on 2026-09-21; 484 physical pins verified; bank/application plan incomplete
U1,B6,MGTPTXP2_216,FPGA physical pins,UNRESOLVED,XC7A200T device selection confirmed by user on 2026-09-21; 484 physical pins verified; bank/application plan incomplete
U1,B10,MGTPRXP2_216,FPGA physical pins,UNRESOLVED,XC7A200T device selection confirmed by user on 2026-09-21; 484 physical pins verified; bank/application plan incomplete
U1,A6,MGTPTXN2_216,FPGA physical pins,UNRESOLVED,XC7A200T device selection confirmed by user on 2026-09-21; 484 physical pins verified; bank/application plan incomplete
U1,A10,MGTPRXN2_216,FPGA physical pins,UNRESOLVED,XC7A200T device selection confirmed by user on 2026-09-21; 484 physical pins verified; bank/application plan incomplete
U1,E6,MGTREFCLK0N_216,FPGA physical pins,UNRESOLVED,XC7A200T device selection confirmed by user on 2026-09-21; 484 physical pins verified; bank/application plan incomplete
U1,F6,MGTREFCLK0P_216,FPGA physical pins,UNRESOLVED,XC7A200T device selection confirmed by user on 2026-09-21; 484 physical pins verified; bank/application plan incomplete
U1,F8,MGTRREF_216,FPGA physical pins,UNRESOLVED,XC7A200T device selection confirmed by user on 2026-09-21; 484 physical pins verified; bank/application plan incomplete
U1,F10,MGTREFCLK1P_216,FPGA physical pins,UNRESOLVED,XC7A200T device selection confirmed by user on 2026-09-21; 484 physical pins verified; bank/application plan incomplete
U1,E10,MGTREFCLK1N_216,FPGA physical pins,UNRESOLVED,XC7A200T device selection confirmed by user on 2026-09-21; 484 physical pins verified; bank/application plan incomplete
U1,D5,MGTPTXP1_216,FPGA physical pins,UNRESOLVED,XC7A200T device selection confirmed by user on 2026-09-21; 484 physical pins verified; bank/application plan incomplete
U1,D11,MGTPRXP1_216,FPGA physical pins,UNRESOLVED,XC7A200T device selection confirmed by user on 2026-09-21; 484 physical pins verified; bank/application plan incomplete
U1,C5,MGTPTXN1_216,FPGA physical pins,UNRESOLVED,XC7A200T device selection confirmed by user on 2026-09-21; 484 physical pins verified; bank/application plan incomplete
U1,C11,MGTPRXN1_216,FPGA physical pins,UNRESOLVED,XC7A200T device selection confirmed by user on 2026-09-21; 484 physical pins verified; bank/application plan incomplete
U1,B4,MGTPTXP0_216,FPGA physical pins,UNRESOLVED,XC7A200T device selection confirmed by user on 2026-09-21; 484 physical pins verified; bank/application plan incomplete
U1,B8,MGTPRXP0_216,FPGA physical pins,UNRESOLVED,XC7A200T device selection confirmed by user on 2026-09-21; 484 physical pins verified; bank/application plan incomplete
U1,A4,MGTPTXN0_216,FPGA physical pins,UNRESOLVED,XC7A200T device selection confirmed by user on 2026-09-21; 484 physical pins verified; bank/application plan incomplete
U1,A8,MGTPRXN0_216,FPGA physical pins,UNRESOLVED,XC7A200T device selection confirmed by user on 2026-09-21; 484 physical pins verified; bank/application plan incomplete
U1,F7,MGTAVCC,FPGA physical pins,UNRESOLVED,XC7A200T device selection confirmed by user on 2026-09-21; 484 physical pins verified; bank/application plan incomplete
U1,E8,MGTAVCC,FPGA physical pins,UNRESOLVED,XC7A200T device selection confirmed by user on 2026-09-21; 484 physical pins verified; bank/application plan incomplete
U1,F9,MGTAVCC,FPGA physical pins,UNRESOLVED,XC7A200T device selection confirmed by user on 2026-09-21; 484 physical pins verified; bank/application plan incomplete
U1,D10,MGTAVCC,FPGA physical pins,UNRESOLVED,XC7A200T device selection confirmed by user on 2026-09-21; 484 physical pins verified; bank/application plan incomplete
U1,D6,MGTAVCC,FPGA physical pins,UNRESOLVED,XC7A200T device selection confirmed by user on 2026-09-21; 484 physical pins verified; bank/application plan incomplete
U1,C4,MGTAVTT,FPGA physical pins,UNRESOLVED,XC7A200T device selection confirmed by user on 2026-09-21; 484 physical pins verified; bank/application plan incomplete
U1,B11,MGTAVTT,FPGA physical pins,UNRESOLVED,XC7A200T device selection confirmed by user on 2026-09-21; 484 physical pins verified; bank/application plan incomplete
U1,B9,MGTAVTT,FPGA physical pins,UNRESOLVED,XC7A200T device selection confirmed by user on 2026-09-21; 484 physical pins verified; bank/application plan incomplete
U1,C8,MGTAVTT,FPGA physical pins,UNRESOLVED,XC7A200T device selection confirmed by user on 2026-09-21; 484 physical pins verified; bank/application plan incomplete
U1,B7,MGTAVTT,FPGA physical pins,UNRESOLVED,XC7A200T device selection confirmed by user on 2026-09-21; 484 physical pins verified; bank/application plan incomplete
U1,B5,MGTAVTT,FPGA physical pins,UNRESOLVED,XC7A200T device selection confirmed by user on 2026-09-21; 484 physical pins verified; bank/application plan incomplete
U2,3,RFU,Boot flash and JTAG,INTENTIONAL NC,PROPOSED
U2,4,DNU,Boot flash and JTAG,INTENTIONAL NC,PROPOSED
U2,5,DNU,Boot flash and JTAG,INTENTIONAL NC,PROPOSED
U2,6,RFU,Boot flash and JTAG,INTENTIONAL NC,PROPOSED
U2,11,DNU,Boot flash and JTAG,INTENTIONAL NC,PROPOSED
U2,12,DNU,Boot flash and JTAG,INTENTIONAL NC,PROPOSED
U2,13,NC,Boot flash and JTAG,INTENTIONAL NC,PROPOSED
U2,14,RFU,Boot flash and JTAG,INTENTIONAL NC,PROPOSED
Y1,1,PAD_1_TBD,Clock and startup,UNRESOLVED,RESERVATION_ONLY / ELECTRICAL REQUIREMENTS TBD
Y1,2,PAD_2_TBD,Clock and startup,UNRESOLVED,RESERVATION_ONLY / ELECTRICAL REQUIREMENTS TBD
Y1,3,PAD_3_TBD,Clock and startup,UNRESOLVED,RESERVATION_ONLY / ELECTRICAL REQUIREMENTS TBD
Y1,4,PAD_4_TBD,Clock and startup,UNRESOLVED,RESERVATION_ONLY / ELECTRICAL REQUIREMENTS TBD
R120,1,PAD_1_TBD,Clock and startup,UNRESOLVED,RESERVATION_ONLY / ELECTRICAL REQUIREMENTS TBD
R120,2,PAD_2_TBD,Clock and startup,UNRESOLVED,RESERVATION_ONLY / ELECTRICAL REQUIREMENTS TBD
R121,1,PAD_1_TBD,Clock and startup,UNRESOLVED,RESERVATION_ONLY / ELECTRICAL REQUIREMENTS TBD
R121,2,PAD_2_TBD,Clock and startup,UNRESOLVED,RESERVATION_ONLY / ELECTRICAL REQUIREMENTS TBD
C120,1,PAD_1_TBD,Clock and startup,UNRESOLVED,RESERVATION_ONLY / ELECTRICAL REQUIREMENTS TBD
C120,2,PAD_2_TBD,Clock and startup,UNRESOLVED,RESERVATION_ONLY / ELECTRICAL REQUIREMENTS TBD
U3,A1,PAD_A1_TBD,Recording memory reservation,UNRESOLVED,RESERVATION_ONLY / ELECTRICAL REQUIREMENTS TBD
U3,A2,PAD_A2_TBD,Recording memory reservation,UNRESOLVED,RESERVATION_ONLY / ELECTRICAL REQUIREMENTS TBD
U3,A3,PAD_A3_TBD,Recording memory reservation,UNRESOLVED,RESERVATION_ONLY / ELECTRICAL REQUIREMENTS TBD
U3,A7,PAD_A7_TBD,Recording memory reservation,UNRESOLVED,RESERVATION_ONLY / ELECTRICAL REQUIREMENTS TBD
U3,A8,PAD_A8_TBD,Recording memory reservation,UNRESOLVED,RESERVATION_ONLY / ELECTRICAL REQUIREMENTS TBD
U3,A9,PAD_A9_TBD,Recording memory reservation,UNRESOLVED,RESERVATION_ONLY / ELECTRICAL REQUIREMENTS TBD
U3,B1,PAD_B1_TBD,Recording memory reservation,UNRESOLVED,RESERVATION_ONLY / ELECTRICAL REQUIREMENTS TBD
U3,B2,PAD_B2_TBD,Recording memory reservation,UNRESOLVED,RESERVATION_ONLY / ELECTRICAL REQUIREMENTS TBD
U3,B3,PAD_B3_TBD,Recording memory reservation,UNRESOLVED,RESERVATION_ONLY / ELECTRICAL REQUIREMENTS TBD
U3,B7,PAD_B7_TBD,Recording memory reservation,UNRESOLVED,RESERVATION_ONLY / ELECTRICAL REQUIREMENTS TBD
U3,B8,PAD_B8_TBD,Recording memory reservation,UNRESOLVED,RESERVATION_ONLY / ELECTRICAL REQUIREMENTS TBD
U3,B9,PAD_B9_TBD,Recording memory reservation,UNRESOLVED,RESERVATION_ONLY / ELECTRICAL REQUIREMENTS TBD
U3,C1,PAD_C1_TBD,Recording memory reservation,UNRESOLVED,RESERVATION_ONLY / ELECTRICAL REQUIREMENTS TBD
U3,C2,PAD_C2_TBD,Recording memory reservation,UNRESOLVED,RESERVATION_ONLY / ELECTRICAL REQUIREMENTS TBD
U3,C3,PAD_C3_TBD,Recording memory reservation,UNRESOLVED,RESERVATION_ONLY / ELECTRICAL REQUIREMENTS TBD
U3,C7,PAD_C7_TBD,Recording memory reservation,UNRESOLVED,RESERVATION_ONLY / ELECTRICAL REQUIREMENTS TBD
U3,C8,PAD_C8_TBD,Recording memory reservation,UNRESOLVED,RESERVATION_ONLY / ELECTRICAL REQUIREMENTS TBD
U3,C9,PAD_C9_TBD,Recording memory reservation,UNRESOLVED,RESERVATION_ONLY / ELECTRICAL REQUIREMENTS TBD
U3,D1,PAD_D1_TBD,Recording memory reservation,UNRESOLVED,RESERVATION_ONLY / ELECTRICAL REQUIREMENTS TBD
U3,D2,PAD_D2_TBD,Recording memory reservation,UNRESOLVED,RESERVATION_ONLY / ELECTRICAL REQUIREMENTS TBD
U3,D3,PAD_D3_TBD,Recording memory reservation,UNRESOLVED,RESERVATION_ONLY / ELECTRICAL REQUIREMENTS TBD
U3,D7,PAD_D7_TBD,Recording memory reservation,UNRESOLVED,RESERVATION_ONLY / ELECTRICAL REQUIREMENTS TBD
U3,D8,PAD_D8_TBD,Recording memory reservation,UNRESOLVED,RESERVATION_ONLY / ELECTRICAL REQUIREMENTS TBD
U3,D9,PAD_D9_TBD,Recording memory reservation,UNRESOLVED,RESERVATION_ONLY / ELECTRICAL REQUIREMENTS TBD
U3,E1,PAD_E1_TBD,Recording memory reservation,UNRESOLVED,RESERVATION_ONLY / ELECTRICAL REQUIREMENTS TBD
U3,E2,PAD_E2_TBD,Recording memory reservation,UNRESOLVED,RESERVATION_ONLY / ELECTRICAL REQUIREMENTS TBD
U3,E3,PAD_E3_TBD,Recording memory reservation,UNRESOLVED,RESERVATION_ONLY / ELECTRICAL REQUIREMENTS TBD
U3,E7,PAD_E7_TBD,Recording memory reservation,UNRESOLVED,RESERVATION_ONLY / ELECTRICAL REQUIREMENTS TBD
U3,E8,PAD_E8_TBD,Recording memory reservation,UNRESOLVED,RESERVATION_ONLY / ELECTRICAL REQUIREMENTS TBD
U3,E9,PAD_E9_TBD,Recording memory reservation,UNRESOLVED,RESERVATION_ONLY / ELECTRICAL REQUIREMENTS TBD
U3,F1,PAD_F1_TBD,Recording memory reservation,UNRESOLVED,RESERVATION_ONLY / ELECTRICAL REQUIREMENTS TBD
U3,F2,PAD_F2_TBD,Recording memory reservation,UNRESOLVED,RESERVATION_ONLY / ELECTRICAL REQUIREMENTS TBD
U3,F3,PAD_F3_TBD,Recording memory reservation,UNRESOLVED,RESERVATION_ONLY / ELECTRICAL REQUIREMENTS TBD
U3,F7,PAD_F7_TBD,Recording memory reservation,UNRESOLVED,RESERVATION_ONLY / ELECTRICAL REQUIREMENTS TBD
U3,F8,PAD_F8_TBD,Recording memory reservation,UNRESOLVED,RESERVATION_ONLY / ELECTRICAL REQUIREMENTS TBD
U3,F9,PAD_F9_TBD,Recording memory reservation,UNRESOLVED,RESERVATION_ONLY / ELECTRICAL REQUIREMENTS TBD
U3,G1,PAD_G1_TBD,Recording memory reservation,UNRESOLVED,RESERVATION_ONLY / ELECTRICAL REQUIREMENTS TBD
U3,G2,PAD_G2_TBD,Recording memory reservation,UNRESOLVED,RESERVATION_ONLY / ELECTRICAL REQUIREMENTS TBD
U3,G3,PAD_G3_TBD,Recording memory reservation,UNRESOLVED,RESERVATION_ONLY / ELECTRICAL REQUIREMENTS TBD
U3,G7,PAD_G7_TBD,Recording memory reservation,UNRESOLVED,RESERVATION_ONLY / ELECTRICAL REQUIREMENTS TBD
U3,G8,PAD_G8_TBD,Recording memory reservation,UNRESOLVED,RESERVATION_ONLY / ELECTRICAL REQUIREMENTS TBD
U3,G9,PAD_G9_TBD,Recording memory reservation,UNRESOLVED,RESERVATION_ONLY / ELECTRICAL REQUIREMENTS TBD
U3,H1,PAD_H1_TBD,Recording memory reservation,UNRESOLVED,RESERVATION_ONLY / ELECTRICAL REQUIREMENTS TBD
U3,H2,PAD_H2_TBD,Recording memory reservation,UNRESOLVED,RESERVATION_ONLY / ELECTRICAL REQUIREMENTS TBD
U3,H3,PAD_H3_TBD,Recording memory reservation,UNRESOLVED,RESERVATION_ONLY / ELECTRICAL REQUIREMENTS TBD
U3,H7,PAD_H7_TBD,Recording memory reservation,UNRESOLVED,RESERVATION_ONLY / ELECTRICAL REQUIREMENTS TBD
U3,H8,PAD_H8_TBD,Recording memory reservation,UNRESOLVED,RESERVATION_ONLY / ELECTRICAL REQUIREMENTS TBD
U3,H9,PAD_H9_TBD,Recording memory reservation,UNRESOLVED,RESERVATION_ONLY / ELECTRICAL REQUIREMENTS TBD
U3,J1,PAD_J1_TBD,Recording memory reservation,UNRESOLVED,RESERVATION_ONLY / ELECTRICAL REQUIREMENTS TBD
U3,J2,PAD_J2_TBD,Recording memory reservation,UNRESOLVED,RESERVATION_ONLY / ELECTRICAL REQUIREMENTS TBD
U3,J3,PAD_J3_TBD,Recording memory reservation,UNRESOLVED,RESERVATION_ONLY / ELECTRICAL REQUIREMENTS TBD
U3,J7,PAD_J7_TBD,Recording memory reservation,UNRESOLVED,RESERVATION_ONLY / ELECTRICAL REQUIREMENTS TBD
U3,J8,PAD_J8_TBD,Recording memory reservation,UNRESOLVED,RESERVATION_ONLY / ELECTRICAL REQUIREMENTS TBD
U3,J9,PAD_J9_TBD,Recording memory reservation,UNRESOLVED,RESERVATION_ONLY / ELECTRICAL REQUIREMENTS TBD
U3,K1,PAD_K1_TBD,Recording memory reservation,UNRESOLVED,RESERVATION_ONLY / ELECTRICAL REQUIREMENTS TBD
U3,K2,PAD_K2_TBD,Recording memory reservation,UNRESOLVED,RESERVATION_ONLY / ELECTRICAL REQUIREMENTS TBD
U3,K3,PAD_K3_TBD,Recording memory reservation,UNRESOLVED,RESERVATION_ONLY / ELECTRICAL REQUIREMENTS TBD
U3,K7,PAD_K7_TBD,Recording memory reservation,UNRESOLVED,RESERVATION_ONLY / ELECTRICAL REQUIREMENTS TBD
U3,K8,PAD_K8_TBD,Recording memory reservation,UNRESOLVED,RESERVATION_ONLY / ELECTRICAL REQUIREMENTS TBD
U3,K9,PAD_K9_TBD,Recording memory reservation,UNRESOLVED,RESERVATION_ONLY / ELECTRICAL REQUIREMENTS TBD
U3,L1,PAD_L1_TBD,Recording memory reservation,UNRESOLVED,RESERVATION_ONLY / ELECTRICAL REQUIREMENTS TBD
U3,L2,PAD_L2_TBD,Recording memory reservation,UNRESOLVED,RESERVATION_ONLY / ELECTRICAL REQUIREMENTS TBD
U3,L3,PAD_L3_TBD,Recording memory reservation,UNRESOLVED,RESERVATION_ONLY / ELECTRICAL REQUIREMENTS TBD
U3,L7,PAD_L7_TBD,Recording memory reservation,UNRESOLVED,RESERVATION_ONLY / ELECTRICAL REQUIREMENTS TBD
U3,L8,PAD_L8_TBD,Recording memory reservation,UNRESOLVED,RESERVATION_ONLY / ELECTRICAL REQUIREMENTS TBD
U3,L9,PAD_L9_TBD,Recording memory reservation,UNRESOLVED,RESERVATION_ONLY / ELECTRICAL REQUIREMENTS TBD
U3,M1,PAD_M1_TBD,Recording memory reservation,UNRESOLVED,RESERVATION_ONLY / ELECTRICAL REQUIREMENTS TBD
U3,M2,PAD_M2_TBD,Recording memory reservation,UNRESOLVED,RESERVATION_ONLY / ELECTRICAL REQUIREMENTS TBD
U3,M3,PAD_M3_TBD,Recording memory reservation,UNRESOLVED,RESERVATION_ONLY / ELECTRICAL REQUIREMENTS TBD
U3,M7,PAD_M7_TBD,Recording memory reservation,UNRESOLVED,RESERVATION_ONLY / ELECTRICAL REQUIREMENTS TBD
U3,M8,PAD_M8_TBD,Recording memory reservation,UNRESOLVED,RESERVATION_ONLY / ELECTRICAL REQUIREMENTS TBD
U3,M9,PAD_M9_TBD,Recording memory reservation,UNRESOLVED,RESERVATION_ONLY / ELECTRICAL REQUIREMENTS TBD
U3,N1,PAD_N1_TBD,Recording memory reservation,UNRESOLVED,RESERVATION_ONLY / ELECTRICAL REQUIREMENTS TBD
U3,N2,PAD_N2_TBD,Recording memory reservation,UNRESOLVED,RESERVATION_ONLY / ELECTRICAL REQUIREMENTS TBD
U3,N3,PAD_N3_TBD,Recording memory reservation,UNRESOLVED,RESERVATION_ONLY / ELECTRICAL REQUIREMENTS TBD
U3,N7,PAD_N7_TBD,Recording memory reservation,UNRESOLVED,RESERVATION_ONLY / ELECTRICAL REQUIREMENTS TBD
U3,N8,PAD_N8_TBD,Recording memory reservation,UNRESOLVED,RESERVATION_ONLY / ELECTRICAL REQUIREMENTS TBD
U3,N9,PAD_N9_TBD,Recording memory reservation,UNRESOLVED,RESERVATION_ONLY / ELECTRICAL REQUIREMENTS TBD
U3,P1,PAD_P1_TBD,Recording memory reservation,UNRESOLVED,RESERVATION_ONLY / ELECTRICAL REQUIREMENTS TBD
U3,P2,PAD_P2_TBD,Recording memory reservation,UNRESOLVED,RESERVATION_ONLY / ELECTRICAL REQUIREMENTS TBD
U3,P3,PAD_P3_TBD,Recording memory reservation,UNRESOLVED,RESERVATION_ONLY / ELECTRICAL REQUIREMENTS TBD
U3,P7,PAD_P7_TBD,Recording memory reservation,UNRESOLVED,RESERVATION_ONLY / ELECTRICAL REQUIREMENTS TBD
U3,P8,PAD_P8_TBD,Recording memory reservation,UNRESOLVED,RESERVATION_ONLY / ELECTRICAL REQUIREMENTS TBD
U3,P9,PAD_P9_TBD,Recording memory reservation,UNRESOLVED,RESERVATION_ONLY / ELECTRICAL REQUIREMENTS TBD
U3,R1,PAD_R1_TBD,Recording memory reservation,UNRESOLVED,RESERVATION_ONLY / ELECTRICAL REQUIREMENTS TBD
U3,R2,PAD_R2_TBD,Recording memory reservation,UNRESOLVED,RESERVATION_ONLY / ELECTRICAL REQUIREMENTS TBD
U3,R3,PAD_R3_TBD,Recording memory reservation,UNRESOLVED,RESERVATION_ONLY / ELECTRICAL REQUIREMENTS TBD
U3,R7,PAD_R7_TBD,Recording memory reservation,UNRESOLVED,RESERVATION_ONLY / ELECTRICAL REQUIREMENTS TBD
U3,R8,PAD_R8_TBD,Recording memory reservation,UNRESOLVED,RESERVATION_ONLY / ELECTRICAL REQUIREMENTS TBD
U3,R9,PAD_R9_TBD,Recording memory reservation,UNRESOLVED,RESERVATION_ONLY / ELECTRICAL REQUIREMENTS TBD
U3,T1,PAD_T1_TBD,Recording memory reservation,UNRESOLVED,RESERVATION_ONLY / ELECTRICAL REQUIREMENTS TBD
U3,T2,PAD_T2_TBD,Recording memory reservation,UNRESOLVED,RESERVATION_ONLY / ELECTRICAL REQUIREMENTS TBD
U3,T3,PAD_T3_TBD,Recording memory reservation,UNRESOLVED,RESERVATION_ONLY / ELECTRICAL REQUIREMENTS TBD
U3,T7,PAD_T7_TBD,Recording memory reservation,UNRESOLVED,RESERVATION_ONLY / ELECTRICAL REQUIREMENTS TBD
U3,T8,PAD_T8_TBD,Recording memory reservation,UNRESOLVED,RESERVATION_ONLY / ELECTRICAL REQUIREMENTS TBD
U3,T9,PAD_T9_TBD,Recording memory reservation,UNRESOLVED,RESERVATION_ONLY / ELECTRICAL REQUIREMENTS TBD
J1,1,PAD_1_TBD,Routing board reservation,UNRESOLVED,RESERVATION_ONLY / ELECTRICAL REQUIREMENTS TBD
J1,2,PAD_2_TBD,Routing board reservation,UNRESOLVED,RESERVATION_ONLY / ELECTRICAL REQUIREMENTS TBD
J1,3,PAD_3_TBD,Routing board reservation,UNRESOLVED,RESERVATION_ONLY / ELECTRICAL REQUIREMENTS TBD
J1,4,PAD_4_TBD,Routing board reservation,UNRESOLVED,RESERVATION_ONLY / ELECTRICAL REQUIREMENTS TBD
J1,5,PAD_5_TBD,Routing board reservation,UNRESOLVED,RESERVATION_ONLY / ELECTRICAL REQUIREMENTS TBD
J1,6,PAD_6_TBD,Routing board reservation,UNRESOLVED,RESERVATION_ONLY / ELECTRICAL REQUIREMENTS TBD
J1,7,PAD_7_TBD,Routing board reservation,UNRESOLVED,RESERVATION_ONLY / ELECTRICAL REQUIREMENTS TBD
J1,8,PAD_8_TBD,Routing board reservation,UNRESOLVED,RESERVATION_ONLY / ELECTRICAL REQUIREMENTS TBD
J1,9,PAD_9_TBD,Routing board reservation,UNRESOLVED,RESERVATION_ONLY / ELECTRICAL REQUIREMENTS TBD
J1,10,PAD_10_TBD,Routing board reservation,UNRESOLVED,RESERVATION_ONLY / ELECTRICAL REQUIREMENTS TBD
J1,11,PAD_11_TBD,Routing board reservation,UNRESOLVED,RESERVATION_ONLY / ELECTRICAL REQUIREMENTS TBD
J1,12,PAD_12_TBD,Routing board reservation,UNRESOLVED,RESERVATION_ONLY / ELECTRICAL REQUIREMENTS TBD
J1,13,PAD_13_TBD,Routing board reservation,UNRESOLVED,RESERVATION_ONLY / ELECTRICAL REQUIREMENTS TBD
J1,14,PAD_14_TBD,Routing board reservation,UNRESOLVED,RESERVATION_ONLY / ELECTRICAL REQUIREMENTS TBD
J1,15,PAD_15_TBD,Routing board reservation,UNRESOLVED,RESERVATION_ONLY / ELECTRICAL REQUIREMENTS TBD
J1,16,PAD_16_TBD,Routing board reservation,UNRESOLVED,RESERVATION_ONLY / ELECTRICAL REQUIREMENTS TBD
J1,17,PAD_17_TBD,Routing board reservation,UNRESOLVED,RESERVATION_ONLY / ELECTRICAL REQUIREMENTS TBD
J1,18,PAD_18_TBD,Routing board reservation,UNRESOLVED,RESERVATION_ONLY / ELECTRICAL REQUIREMENTS TBD
J1,19,PAD_19_TBD,Routing board reservation,UNRESOLVED,RESERVATION_ONLY / ELECTRICAL REQUIREMENTS TBD
J1,20,PAD_20_TBD,Routing board reservation,UNRESOLVED,RESERVATION_ONLY / ELECTRICAL REQUIREMENTS TBD
J1,21,PAD_21_TBD,Routing board reservation,UNRESOLVED,RESERVATION_ONLY / ELECTRICAL REQUIREMENTS TBD
J1,22,PAD_22_TBD,Routing board reservation,UNRESOLVED,RESERVATION_ONLY / ELECTRICAL REQUIREMENTS TBD
J1,23,PAD_23_TBD,Routing board reservation,UNRESOLVED,RESERVATION_ONLY / ELECTRICAL REQUIREMENTS TBD
J1,24,PAD_24_TBD,Routing board reservation,UNRESOLVED,RESERVATION_ONLY / ELECTRICAL REQUIREMENTS TBD
J1,25,PAD_25_TBD,Routing board reservation,UNRESOLVED,RESERVATION_ONLY / ELECTRICAL REQUIREMENTS TBD
J1,26,PAD_26_TBD,Routing board reservation,UNRESOLVED,RESERVATION_ONLY / ELECTRICAL REQUIREMENTS TBD
J1,27,PAD_27_TBD,Routing board reservation,UNRESOLVED,RESERVATION_ONLY / ELECTRICAL REQUIREMENTS TBD
J1,28,PAD_28_TBD,Routing board reservation,UNRESOLVED,RESERVATION_ONLY / ELECTRICAL REQUIREMENTS TBD
J1,29,PAD_29_TBD,Routing board reservation,UNRESOLVED,RESERVATION_ONLY / ELECTRICAL REQUIREMENTS TBD
J1,30,PAD_30_TBD,Routing board reservation,UNRESOLVED,RESERVATION_ONLY / ELECTRICAL REQUIREMENTS TBD
J1,31,PAD_31_TBD,Routing board reservation,UNRESOLVED,RESERVATION_ONLY / ELECTRICAL REQUIREMENTS TBD
J1,32,PAD_32_TBD,Routing board reservation,UNRESOLVED,RESERVATION_ONLY / ELECTRICAL REQUIREMENTS TBD
J1,33,PAD_33_TBD,Routing board reservation,UNRESOLVED,RESERVATION_ONLY / ELECTRICAL REQUIREMENTS TBD
J1,34,PAD_34_TBD,Routing board reservation,UNRESOLVED,RESERVATION_ONLY / ELECTRICAL REQUIREMENTS TBD
J1,35,PAD_35_TBD,Routing board reservation,UNRESOLVED,RESERVATION_ONLY / ELECTRICAL REQUIREMENTS TBD
J1,36,PAD_36_TBD,Routing board reservation,UNRESOLVED,RESERVATION_ONLY / ELECTRICAL REQUIREMENTS TBD
J1,37,PAD_37_TBD,Routing board reservation,UNRESOLVED,RESERVATION_ONLY / ELECTRICAL REQUIREMENTS TBD
J1,38,PAD_38_TBD,Routing board reservation,UNRESOLVED,RESERVATION_ONLY / ELECTRICAL REQUIREMENTS TBD
J1,39,PAD_39_TBD,Routing board reservation,UNRESOLVED,RESERVATION_ONLY / ELECTRICAL REQUIREMENTS TBD
J1,40,PAD_40_TBD,Routing board reservation,UNRESOLVED,RESERVATION_ONLY / ELECTRICAL REQUIREMENTS TBD
J1,41,PAD_41_TBD,Routing board reservation,UNRESOLVED,RESERVATION_ONLY / ELECTRICAL REQUIREMENTS TBD
J1,42,PAD_42_TBD,Routing board reservation,UNRESOLVED,RESERVATION_ONLY / ELECTRICAL REQUIREMENTS TBD
J1,43,PAD_43_TBD,Routing board reservation,UNRESOLVED,RESERVATION_ONLY / ELECTRICAL REQUIREMENTS TBD
J1,44,PAD_44_TBD,Routing board reservation,UNRESOLVED,RESERVATION_ONLY / ELECTRICAL REQUIREMENTS TBD
J1,45,PAD_45_TBD,Routing board reservation,UNRESOLVED,RESERVATION_ONLY / ELECTRICAL REQUIREMENTS TBD
J1,46,PAD_46_TBD,Routing board reservation,UNRESOLVED,RESERVATION_ONLY / ELECTRICAL REQUIREMENTS TBD
J1,47,PAD_47_TBD,Routing board reservation,UNRESOLVED,RESERVATION_ONLY / ELECTRICAL REQUIREMENTS TBD
J1,48,PAD_48_TBD,Routing board reservation,UNRESOLVED,RESERVATION_ONLY / ELECTRICAL REQUIREMENTS TBD
J1,49,PAD_49_TBD,Routing board reservation,UNRESOLVED,RESERVATION_ONLY / ELECTRICAL REQUIREMENTS TBD
J1,50,PAD_50_TBD,Routing board reservation,UNRESOLVED,RESERVATION_ONLY / ELECTRICAL REQUIREMENTS TBD
J1,51,PAD_51_TBD,Routing board reservation,UNRESOLVED,RESERVATION_ONLY / ELECTRICAL REQUIREMENTS TBD
J1,52,PAD_52_TBD,Routing board reservation,UNRESOLVED,RESERVATION_ONLY / ELECTRICAL REQUIREMENTS TBD
J1,53,PAD_53_TBD,Routing board reservation,UNRESOLVED,RESERVATION_ONLY / ELECTRICAL REQUIREMENTS TBD
J1,54,PAD_54_TBD,Routing board reservation,UNRESOLVED,RESERVATION_ONLY / ELECTRICAL REQUIREMENTS TBD
J1,55,PAD_55_TBD,Routing board reservation,UNRESOLVED,RESERVATION_ONLY / ELECTRICAL REQUIREMENTS TBD
J1,56,PAD_56_TBD,Routing board reservation,UNRESOLVED,RESERVATION_ONLY / ELECTRICAL REQUIREMENTS TBD
J1,57,PAD_57_TBD,Routing board reservation,UNRESOLVED,RESERVATION_ONLY / ELECTRICAL REQUIREMENTS TBD
J1,58,PAD_58_TBD,Routing board reservation,UNRESOLVED,RESERVATION_ONLY / ELECTRICAL REQUIREMENTS TBD
J1,59,PAD_59_TBD,Routing board reservation,UNRESOLVED,RESERVATION_ONLY / ELECTRICAL REQUIREMENTS TBD
J1,60,PAD_60_TBD,Routing board reservation,UNRESOLVED,RESERVATION_ONLY / ELECTRICAL REQUIREMENTS TBD
J1,61,PAD_61_TBD,Routing board reservation,UNRESOLVED,RESERVATION_ONLY / ELECTRICAL REQUIREMENTS TBD
J1,62,PAD_62_TBD,Routing board reservation,UNRESOLVED,RESERVATION_ONLY / ELECTRICAL REQUIREMENTS TBD
J1,63,PAD_63_TBD,Routing board reservation,UNRESOLVED,RESERVATION_ONLY / ELECTRICAL REQUIREMENTS TBD
J1,64,PAD_64_TBD,Routing board reservation,UNRESOLVED,RESERVATION_ONLY / ELECTRICAL REQUIREMENTS TBD
J1,65,PAD_65_TBD,Routing board reservation,UNRESOLVED,RESERVATION_ONLY / ELECTRICAL REQUIREMENTS TBD
J1,66,PAD_66_TBD,Routing board reservation,UNRESOLVED,RESERVATION_ONLY / ELECTRICAL REQUIREMENTS TBD
J1,67,PAD_67_TBD,Routing board reservation,UNRESOLVED,RESERVATION_ONLY / ELECTRICAL REQUIREMENTS TBD
J1,68,PAD_68_TBD,Routing board reservation,UNRESOLVED,RESERVATION_ONLY / ELECTRICAL REQUIREMENTS TBD
J1,69,PAD_69_TBD,Routing board reservation,UNRESOLVED,RESERVATION_ONLY / ELECTRICAL REQUIREMENTS TBD
J1,70,PAD_70_TBD,Routing board reservation,UNRESOLVED,RESERVATION_ONLY / ELECTRICAL REQUIREMENTS TBD
J1,71,PAD_71_TBD,Routing board reservation,UNRESOLVED,RESERVATION_ONLY / ELECTRICAL REQUIREMENTS TBD
J1,72,PAD_72_TBD,Routing board reservation,UNRESOLVED,RESERVATION_ONLY / ELECTRICAL REQUIREMENTS TBD
J1,73,PAD_73_TBD,Routing board reservation,UNRESOLVED,RESERVATION_ONLY / ELECTRICAL REQUIREMENTS TBD
J1,74,PAD_74_TBD,Routing board reservation,UNRESOLVED,RESERVATION_ONLY / ELECTRICAL REQUIREMENTS TBD
J1,75,PAD_75_TBD,Routing board reservation,UNRESOLVED,RESERVATION_ONLY / ELECTRICAL REQUIREMENTS TBD
J1,76,PAD_76_TBD,Routing board reservation,UNRESOLVED,RESERVATION_ONLY / ELECTRICAL REQUIREMENTS TBD
J1,77,PAD_77_TBD,Routing board reservation,UNRESOLVED,RESERVATION_ONLY / ELECTRICAL REQUIREMENTS TBD
J1,78,PAD_78_TBD,Routing board reservation,UNRESOLVED,RESERVATION_ONLY / ELECTRICAL REQUIREMENTS TBD
J1,79,PAD_79_TBD,Routing board reservation,UNRESOLVED,RESERVATION_ONLY / ELECTRICAL REQUIREMENTS TBD
J1,80,PAD_80_TBD,Routing board reservation,UNRESOLVED,RESERVATION_ONLY / ELECTRICAL REQUIREMENTS TBD
J2,1,PAD_1_TBD,Routing board reservation,UNRESOLVED,RESERVATION_ONLY / ELECTRICAL REQUIREMENTS TBD
J2,2,PAD_2_TBD,Routing board reservation,UNRESOLVED,RESERVATION_ONLY / ELECTRICAL REQUIREMENTS TBD
J2,3,PAD_3_TBD,Routing board reservation,UNRESOLVED,RESERVATION_ONLY / ELECTRICAL REQUIREMENTS TBD
J2,4,PAD_4_TBD,Routing board reservation,UNRESOLVED,RESERVATION_ONLY / ELECTRICAL REQUIREMENTS TBD
J2,5,PAD_5_TBD,Routing board reservation,UNRESOLVED,RESERVATION_ONLY / ELECTRICAL REQUIREMENTS TBD
J2,6,PAD_6_TBD,Routing board reservation,UNRESOLVED,RESERVATION_ONLY / ELECTRICAL REQUIREMENTS TBD
J2,7,PAD_7_TBD,Routing board reservation,UNRESOLVED,RESERVATION_ONLY / ELECTRICAL REQUIREMENTS TBD
J2,8,PAD_8_TBD,Routing board reservation,UNRESOLVED,RESERVATION_ONLY / ELECTRICAL REQUIREMENTS TBD
J2,9,PAD_9_TBD,Routing board reservation,UNRESOLVED,RESERVATION_ONLY / ELECTRICAL REQUIREMENTS TBD
J2,10,PAD_10_TBD,Routing board reservation,UNRESOLVED,RESERVATION_ONLY / ELECTRICAL REQUIREMENTS TBD
J2,11,PAD_11_TBD,Routing board reservation,UNRESOLVED,RESERVATION_ONLY / ELECTRICAL REQUIREMENTS TBD
J2,12,PAD_12_TBD,Routing board reservation,UNRESOLVED,RESERVATION_ONLY / ELECTRICAL REQUIREMENTS TBD
J2,13,PAD_13_TBD,Routing board reservation,UNRESOLVED,RESERVATION_ONLY / ELECTRICAL REQUIREMENTS TBD
J2,14,PAD_14_TBD,Routing board reservation,UNRESOLVED,RESERVATION_ONLY / ELECTRICAL REQUIREMENTS TBD
J2,15,PAD_15_TBD,Routing board reservation,UNRESOLVED,RESERVATION_ONLY / ELECTRICAL REQUIREMENTS TBD
J2,16,PAD_16_TBD,Routing board reservation,UNRESOLVED,RESERVATION_ONLY / ELECTRICAL REQUIREMENTS TBD
J2,17,PAD_17_TBD,Routing board reservation,UNRESOLVED,RESERVATION_ONLY / ELECTRICAL REQUIREMENTS TBD
J2,18,PAD_18_TBD,Routing board reservation,UNRESOLVED,RESERVATION_ONLY / ELECTRICAL REQUIREMENTS TBD
J2,19,PAD_19_TBD,Routing board reservation,UNRESOLVED,RESERVATION_ONLY / ELECTRICAL REQUIREMENTS TBD
J2,20,PAD_20_TBD,Routing board reservation,UNRESOLVED,RESERVATION_ONLY / ELECTRICAL REQUIREMENTS TBD
J2,21,PAD_21_TBD,Routing board reservation,UNRESOLVED,RESERVATION_ONLY / ELECTRICAL REQUIREMENTS TBD
J2,22,PAD_22_TBD,Routing board reservation,UNRESOLVED,RESERVATION_ONLY / ELECTRICAL REQUIREMENTS TBD
J2,23,PAD_23_TBD,Routing board reservation,UNRESOLVED,RESERVATION_ONLY / ELECTRICAL REQUIREMENTS TBD
J2,24,PAD_24_TBD,Routing board reservation,UNRESOLVED,RESERVATION_ONLY / ELECTRICAL REQUIREMENTS TBD
J2,25,PAD_25_TBD,Routing board reservation,UNRESOLVED,RESERVATION_ONLY / ELECTRICAL REQUIREMENTS TBD
J2,26,PAD_26_TBD,Routing board reservation,UNRESOLVED,RESERVATION_ONLY / ELECTRICAL REQUIREMENTS TBD
J2,27,PAD_27_TBD,Routing board reservation,UNRESOLVED,RESERVATION_ONLY / ELECTRICAL REQUIREMENTS TBD
J2,28,PAD_28_TBD,Routing board reservation,UNRESOLVED,RESERVATION_ONLY / ELECTRICAL REQUIREMENTS TBD
J2,29,PAD_29_TBD,Routing board reservation,UNRESOLVED,RESERVATION_ONLY / ELECTRICAL REQUIREMENTS TBD
J2,30,PAD_30_TBD,Routing board reservation,UNRESOLVED,RESERVATION_ONLY / ELECTRICAL REQUIREMENTS TBD
J2,31,PAD_31_TBD,Routing board reservation,UNRESOLVED,RESERVATION_ONLY / ELECTRICAL REQUIREMENTS TBD
J2,32,PAD_32_TBD,Routing board reservation,UNRESOLVED,RESERVATION_ONLY / ELECTRICAL REQUIREMENTS TBD
J2,33,PAD_33_TBD,Routing board reservation,UNRESOLVED,RESERVATION_ONLY / ELECTRICAL REQUIREMENTS TBD
J2,34,PAD_34_TBD,Routing board reservation,UNRESOLVED,RESERVATION_ONLY / ELECTRICAL REQUIREMENTS TBD
J2,35,PAD_35_TBD,Routing board reservation,UNRESOLVED,RESERVATION_ONLY / ELECTRICAL REQUIREMENTS TBD
J2,36,PAD_36_TBD,Routing board reservation,UNRESOLVED,RESERVATION_ONLY / ELECTRICAL REQUIREMENTS TBD
J2,37,PAD_37_TBD,Routing board reservation,UNRESOLVED,RESERVATION_ONLY / ELECTRICAL REQUIREMENTS TBD
J2,38,PAD_38_TBD,Routing board reservation,UNRESOLVED,RESERVATION_ONLY / ELECTRICAL REQUIREMENTS TBD
J2,39,PAD_39_TBD,Routing board reservation,UNRESOLVED,RESERVATION_ONLY / ELECTRICAL REQUIREMENTS TBD
J2,40,PAD_40_TBD,Routing board reservation,UNRESOLVED,RESERVATION_ONLY / ELECTRICAL REQUIREMENTS TBD
J2,41,PAD_41_TBD,Routing board reservation,UNRESOLVED,RESERVATION_ONLY / ELECTRICAL REQUIREMENTS TBD
J2,42,PAD_42_TBD,Routing board reservation,UNRESOLVED,RESERVATION_ONLY / ELECTRICAL REQUIREMENTS TBD
J2,43,PAD_43_TBD,Routing board reservation,UNRESOLVED,RESERVATION_ONLY / ELECTRICAL REQUIREMENTS TBD
J2,44,PAD_44_TBD,Routing board reservation,UNRESOLVED,RESERVATION_ONLY / ELECTRICAL REQUIREMENTS TBD
J2,45,PAD_45_TBD,Routing board reservation,UNRESOLVED,RESERVATION_ONLY / ELECTRICAL REQUIREMENTS TBD
J2,46,PAD_46_TBD,Routing board reservation,UNRESOLVED,RESERVATION_ONLY / ELECTRICAL REQUIREMENTS TBD
J2,47,PAD_47_TBD,Routing board reservation,UNRESOLVED,RESERVATION_ONLY / ELECTRICAL REQUIREMENTS TBD
J2,48,PAD_48_TBD,Routing board reservation,UNRESOLVED,RESERVATION_ONLY / ELECTRICAL REQUIREMENTS TBD
J2,49,PAD_49_TBD,Routing board reservation,UNRESOLVED,RESERVATION_ONLY / ELECTRICAL REQUIREMENTS TBD
J2,50,PAD_50_TBD,Routing board reservation,UNRESOLVED,RESERVATION_ONLY / ELECTRICAL REQUIREMENTS TBD
J2,51,PAD_51_TBD,Routing board reservation,UNRESOLVED,RESERVATION_ONLY / ELECTRICAL REQUIREMENTS TBD
J2,52,PAD_52_TBD,Routing board reservation,UNRESOLVED,RESERVATION_ONLY / ELECTRICAL REQUIREMENTS TBD
J2,53,PAD_53_TBD,Routing board reservation,UNRESOLVED,RESERVATION_ONLY / ELECTRICAL REQUIREMENTS TBD
J2,54,PAD_54_TBD,Routing board reservation,UNRESOLVED,RESERVATION_ONLY / ELECTRICAL REQUIREMENTS TBD
J2,55,PAD_55_TBD,Routing board reservation,UNRESOLVED,RESERVATION_ONLY / ELECTRICAL REQUIREMENTS TBD
J2,56,PAD_56_TBD,Routing board reservation,UNRESOLVED,RESERVATION_ONLY / ELECTRICAL REQUIREMENTS TBD
J2,57,PAD_57_TBD,Routing board reservation,UNRESOLVED,RESERVATION_ONLY / ELECTRICAL REQUIREMENTS TBD
J2,58,PAD_58_TBD,Routing board reservation,UNRESOLVED,RESERVATION_ONLY / ELECTRICAL REQUIREMENTS TBD
J2,59,PAD_59_TBD,Routing board reservation,UNRESOLVED,RESERVATION_ONLY / ELECTRICAL REQUIREMENTS TBD
J2,60,PAD_60_TBD,Routing board reservation,UNRESOLVED,RESERVATION_ONLY / ELECTRICAL REQUIREMENTS TBD
J2,61,PAD_61_TBD,Routing board reservation,UNRESOLVED,RESERVATION_ONLY / ELECTRICAL REQUIREMENTS TBD
J2,62,PAD_62_TBD,Routing board reservation,UNRESOLVED,RESERVATION_ONLY / ELECTRICAL REQUIREMENTS TBD
J2,63,PAD_63_TBD,Routing board reservation,UNRESOLVED,RESERVATION_ONLY / ELECTRICAL REQUIREMENTS TBD
J2,64,PAD_64_TBD,Routing board reservation,UNRESOLVED,RESERVATION_ONLY / ELECTRICAL REQUIREMENTS TBD
J2,65,PAD_65_TBD,Routing board reservation,UNRESOLVED,RESERVATION_ONLY / ELECTRICAL REQUIREMENTS TBD
J2,66,PAD_66_TBD,Routing board reservation,UNRESOLVED,RESERVATION_ONLY / ELECTRICAL REQUIREMENTS TBD
J2,67,PAD_67_TBD,Routing board reservation,UNRESOLVED,RESERVATION_ONLY / ELECTRICAL REQUIREMENTS TBD
J2,68,PAD_68_TBD,Routing board reservation,UNRESOLVED,RESERVATION_ONLY / ELECTRICAL REQUIREMENTS TBD
J2,69,PAD_69_TBD,Routing board reservation,UNRESOLVED,RESERVATION_ONLY / ELECTRICAL REQUIREMENTS TBD
J2,70,PAD_70_TBD,Routing board reservation,UNRESOLVED,RESERVATION_ONLY / ELECTRICAL REQUIREMENTS TBD
J2,71,PAD_71_TBD,Routing board reservation,UNRESOLVED,RESERVATION_ONLY / ELECTRICAL REQUIREMENTS TBD
J2,72,PAD_72_TBD,Routing board reservation,UNRESOLVED,RESERVATION_ONLY / ELECTRICAL REQUIREMENTS TBD
J2,73,PAD_73_TBD,Routing board reservation,UNRESOLVED,RESERVATION_ONLY / ELECTRICAL REQUIREMENTS TBD
J2,74,PAD_74_TBD,Routing board reservation,UNRESOLVED,RESERVATION_ONLY / ELECTRICAL REQUIREMENTS TBD
J2,75,PAD_75_TBD,Routing board reservation,UNRESOLVED,RESERVATION_ONLY / ELECTRICAL REQUIREMENTS TBD
J2,76,PAD_76_TBD,Routing board reservation,UNRESOLVED,RESERVATION_ONLY / ELECTRICAL REQUIREMENTS TBD
J2,77,PAD_77_TBD,Routing board reservation,UNRESOLVED,RESERVATION_ONLY / ELECTRICAL REQUIREMENTS TBD
J2,78,PAD_78_TBD,Routing board reservation,UNRESOLVED,RESERVATION_ONLY / ELECTRICAL REQUIREMENTS TBD
J2,79,PAD_79_TBD,Routing board reservation,UNRESOLVED,RESERVATION_ONLY / ELECTRICAL REQUIREMENTS TBD
J2,80,PAD_80_TBD,Routing board reservation,UNRESOLVED,RESERVATION_ONLY / ELECTRICAL REQUIREMENTS TBD
J3,1,PAD_1_TBD,micro-HDMI reservation,UNRESOLVED,RESERVATION_ONLY / ELECTRICAL REQUIREMENTS TBD
J3,2,PAD_2_TBD,micro-HDMI reservation,UNRESOLVED,RESERVATION_ONLY / ELECTRICAL REQUIREMENTS TBD
J3,3,PAD_3_TBD,micro-HDMI reservation,UNRESOLVED,RESERVATION_ONLY / ELECTRICAL REQUIREMENTS TBD
J3,4,PAD_4_TBD,micro-HDMI reservation,UNRESOLVED,RESERVATION_ONLY / ELECTRICAL REQUIREMENTS TBD
J3,5,PAD_5_TBD,micro-HDMI reservation,UNRESOLVED,RESERVATION_ONLY / ELECTRICAL REQUIREMENTS TBD
J3,6,PAD_6_TBD,micro-HDMI reservation,UNRESOLVED,RESERVATION_ONLY / ELECTRICAL REQUIREMENTS TBD
J3,7,PAD_7_TBD,micro-HDMI reservation,UNRESOLVED,RESERVATION_ONLY / ELECTRICAL REQUIREMENTS TBD
J3,8,PAD_8_TBD,micro-HDMI reservation,UNRESOLVED,RESERVATION_ONLY / ELECTRICAL REQUIREMENTS TBD
J3,9,PAD_9_TBD,micro-HDMI reservation,UNRESOLVED,RESERVATION_ONLY / ELECTRICAL REQUIREMENTS TBD
J3,10,PAD_10_TBD,micro-HDMI reservation,UNRESOLVED,RESERVATION_ONLY / ELECTRICAL REQUIREMENTS TBD
J3,11,PAD_11_TBD,micro-HDMI reservation,UNRESOLVED,RESERVATION_ONLY / ELECTRICAL REQUIREMENTS TBD
J3,12,PAD_12_TBD,micro-HDMI reservation,UNRESOLVED,RESERVATION_ONLY / ELECTRICAL REQUIREMENTS TBD
J3,13,PAD_13_TBD,micro-HDMI reservation,UNRESOLVED,RESERVATION_ONLY / ELECTRICAL REQUIREMENTS TBD
J3,14,PAD_14_TBD,micro-HDMI reservation,UNRESOLVED,RESERVATION_ONLY / ELECTRICAL REQUIREMENTS TBD
J3,15,PAD_15_TBD,micro-HDMI reservation,UNRESOLVED,RESERVATION_ONLY / ELECTRICAL REQUIREMENTS TBD
J3,16,PAD_16_TBD,micro-HDMI reservation,UNRESOLVED,RESERVATION_ONLY / ELECTRICAL REQUIREMENTS TBD
J3,17,PAD_17_TBD,micro-HDMI reservation,UNRESOLVED,RESERVATION_ONLY / ELECTRICAL REQUIREMENTS TBD
J3,18,PAD_18_TBD,micro-HDMI reservation,UNRESOLVED,RESERVATION_ONLY / ELECTRICAL REQUIREMENTS TBD
J3,19,PAD_19_TBD,micro-HDMI reservation,UNRESOLVED,RESERVATION_ONLY / ELECTRICAL REQUIREMENTS TBD
J3,SH,PAD_SH_TBD,micro-HDMI reservation,UNRESOLVED,RESERVATION_ONLY / ELECTRICAL REQUIREMENTS TBD
U5,1,UNASSIGNED_1,Recording memory reservation,UNRESOLVED,UNRESOLVED SPACE RESERVATION; not an approved circuit or purchasing item
U5,2,UNASSIGNED_2,Recording memory reservation,UNRESOLVED,UNRESOLVED SPACE RESERVATION; not an approved circuit or purchasing item
U5,3,UNASSIGNED_3,Recording memory reservation,UNRESOLVED,UNRESOLVED SPACE RESERVATION; not an approved circuit or purchasing item
U5,4,UNASSIGNED_4,Recording memory reservation,UNRESOLVED,UNRESOLVED SPACE RESERVATION; not an approved circuit or purchasing item
U5,5,UNASSIGNED_5,Recording memory reservation,UNRESOLVED,UNRESOLVED SPACE RESERVATION; not an approved circuit or purchasing item
U5,6,UNASSIGNED_6,Recording memory reservation,UNRESOLVED,UNRESOLVED SPACE RESERVATION; not an approved circuit or purchasing item
U5,7,UNASSIGNED_7,Recording memory reservation,UNRESOLVED,UNRESOLVED SPACE RESERVATION; not an approved circuit or purchasing item
U5,8,UNASSIGNED_8,Recording memory reservation,UNRESOLVED,UNRESOLVED SPACE RESERVATION; not an approved circuit or purchasing item
U5,9,UNASSIGNED_9,Recording memory reservation,UNRESOLVED,UNRESOLVED SPACE RESERVATION; not an approved circuit or purchasing item
U5,10,UNASSIGNED_10,Recording memory reservation,UNRESOLVED,UNRESOLVED SPACE RESERVATION; not an approved circuit or purchasing item
U5,11,UNASSIGNED_11,Recording memory reservation,UNRESOLVED,UNRESOLVED SPACE RESERVATION; not an approved circuit or purchasing item
C1011,1,UNASSIGNED_1,Recording memory reservation,UNRESOLVED,UNRESOLVED SPACE RESERVATION; not an approved circuit or purchasing item
C1011,2,UNASSIGNED_2,Recording memory reservation,UNRESOLVED,UNRESOLVED SPACE RESERVATION; not an approved circuit or purchasing item
C1012,1,UNASSIGNED_1,Recording memory reservation,UNRESOLVED,UNRESOLVED SPACE RESERVATION; not an approved circuit or purchasing item
C1012,2,UNASSIGNED_2,Recording memory reservation,UNRESOLVED,UNRESOLVED SPACE RESERVATION; not an approved circuit or purchasing item
C1013,1,UNASSIGNED_1,Recording memory reservation,UNRESOLVED,UNRESOLVED SPACE RESERVATION; not an approved circuit or purchasing item
C1013,2,UNASSIGNED_2,Recording memory reservation,UNRESOLVED,UNRESOLVED SPACE RESERVATION; not an approved circuit or purchasing item
C1014,1,UNASSIGNED_1,Recording memory reservation,UNRESOLVED,UNRESOLVED SPACE RESERVATION; not an approved circuit or purchasing item
C1014,2,UNASSIGNED_2,Recording memory reservation,UNRESOLVED,UNRESOLVED SPACE RESERVATION; not an approved circuit or purchasing item
C1015,1,UNASSIGNED_1,Recording memory reservation,UNRESOLVED,UNRESOLVED SPACE RESERVATION; not an approved circuit or purchasing item
C1015,2,UNASSIGNED_2,Recording memory reservation,UNRESOLVED,UNRESOLVED SPACE RESERVATION; not an approved circuit or purchasing item
C1016,1,UNASSIGNED_1,Recording memory reservation,UNRESOLVED,UNRESOLVED SPACE RESERVATION; not an approved circuit or purchasing item
C1016,2,UNASSIGNED_2,Recording memory reservation,UNRESOLVED,UNRESOLVED SPACE RESERVATION; not an approved circuit or purchasing item
C1017,1,UNASSIGNED_1,Recording memory reservation,UNRESOLVED,UNRESOLVED SPACE RESERVATION; not an approved circuit or purchasing item
C1017,2,UNASSIGNED_2,Recording memory reservation,UNRESOLVED,UNRESOLVED SPACE RESERVATION; not an approved circuit or purchasing item
C1018,1,UNASSIGNED_1,Recording memory reservation,UNRESOLVED,UNRESOLVED SPACE RESERVATION; not an approved circuit or purchasing item
C1018,2,UNASSIGNED_2,Recording memory reservation,UNRESOLVED,UNRESOLVED SPACE RESERVATION; not an approved circuit or purchasing item
C1019,1,UNASSIGNED_1,Recording memory reservation,UNRESOLVED,UNRESOLVED SPACE RESERVATION; not an approved circuit or purchasing item
C1019,2,UNASSIGNED_2,Recording memory reservation,UNRESOLVED,UNRESOLVED SPACE RESERVATION; not an approved circuit or purchasing item
C1020,1,UNASSIGNED_1,Recording memory reservation,UNRESOLVED,UNRESOLVED SPACE RESERVATION; not an approved circuit or purchasing item
C1020,2,UNASSIGNED_2,Recording memory reservation,UNRESOLVED,UNRESOLVED SPACE RESERVATION; not an approved circuit or purchasing item
C1021,1,UNASSIGNED_1,Recording memory reservation,UNRESOLVED,UNRESOLVED SPACE RESERVATION; not an approved circuit or purchasing item
C1021,2,UNASSIGNED_2,Recording memory reservation,UNRESOLVED,UNRESOLVED SPACE RESERVATION; not an approved circuit or purchasing item
C1022,1,UNASSIGNED_1,Recording memory reservation,UNRESOLVED,UNRESOLVED SPACE RESERVATION; not an approved circuit or purchasing item
C1022,2,UNASSIGNED_2,Recording memory reservation,UNRESOLVED,UNRESOLVED SPACE RESERVATION; not an approved circuit or purchasing item
R926,1,UNASSIGNED_1,Recording memory reservation,UNRESOLVED,UNRESOLVED SPACE RESERVATION; not an approved circuit or purchasing item
R926,2,UNASSIGNED_2,Recording memory reservation,UNRESOLVED,UNRESOLVED SPACE RESERVATION; not an approved circuit or purchasing item
R927,1,UNASSIGNED_1,Recording memory reservation,UNRESOLVED,UNRESOLVED SPACE RESERVATION; not an approved circuit or purchasing item
R927,2,UNASSIGNED_2,Recording memory reservation,UNRESOLVED,UNRESOLVED SPACE RESERVATION; not an approved circuit or purchasing item
R928,1,UNASSIGNED_1,Recording memory reservation,UNRESOLVED,UNRESOLVED SPACE RESERVATION; not an approved circuit or purchasing item
R928,2,UNASSIGNED_2,Recording memory reservation,UNRESOLVED,UNRESOLVED SPACE RESERVATION; not an approved circuit or purchasing item
R929,1,UNASSIGNED_1,Recording memory reservation,UNRESOLVED,UNRESOLVED SPACE RESERVATION; not an approved circuit or purchasing item
R929,2,UNASSIGNED_2,Recording memory reservation,UNRESOLVED,UNRESOLVED SPACE RESERVATION; not an approved circuit or purchasing item
R930,1,UNASSIGNED_1,Recording memory reservation,UNRESOLVED,UNRESOLVED SPACE RESERVATION; not an approved circuit or purchasing item
R930,2,UNASSIGNED_2,Recording memory reservation,UNRESOLVED,UNRESOLVED SPACE RESERVATION; not an approved circuit or purchasing item
R931,1,UNASSIGNED_1,Recording memory reservation,UNRESOLVED,UNRESOLVED SPACE RESERVATION; not an approved circuit or purchasing item
R931,2,UNASSIGNED_2,Recording memory reservation,UNRESOLVED,UNRESOLVED SPACE RESERVATION; not an approved circuit or purchasing item
R932,1,UNASSIGNED_1,Recording memory reservation,UNRESOLVED,UNRESOLVED SPACE RESERVATION; not an approved circuit or purchasing item
R932,2,UNASSIGNED_2,Recording memory reservation,UNRESOLVED,UNRESOLVED SPACE RESERVATION; not an approved circuit or purchasing item
R933,1,UNASSIGNED_1,Recording memory reservation,UNRESOLVED,UNRESOLVED SPACE RESERVATION; not an approved circuit or purchasing item
R933,2,UNASSIGNED_2,Recording memory reservation,UNRESOLVED,UNRESOLVED SPACE RESERVATION; not an approved circuit or purchasing item
C1101,1,1,Interface support reservation,UNRESOLVED,UNRESOLVED SPACE RESERVATION
C1101,2,2,Interface support reservation,UNRESOLVED,UNRESOLVED SPACE RESERVATION
C1102,1,1,Interface support reservation,UNRESOLVED,UNRESOLVED SPACE RESERVATION
C1102,2,2,Interface support reservation,UNRESOLVED,UNRESOLVED SPACE RESERVATION
C1103,1,1,Interface support reservation,UNRESOLVED,UNRESOLVED SPACE RESERVATION
C1103,2,2,Interface support reservation,UNRESOLVED,UNRESOLVED SPACE RESERVATION
