reference,pin,function,bank,net,status,physical_pad_records,schematic_net
C1,1,,,LINK_12V,"assigned, routing incomplete on net",1,LINK_12V
C1,2,,,GND,"assigned, routing incomplete on net",1,GND
C10,1,,,SS_AUX,assigned net connected in native DRC,1,SS_AUX
C10,2,,,GND,"assigned, routing incomplete on net",1,GND
C100,1,,,VCCAUX_1V8,"assigned, routing incomplete on net",1,VCCAUX_1V8
C100,2,,,GND,"assigned, routing incomplete on net",1,GND
C101,1,,,VCCAUX_1V8,"assigned, routing incomplete on net",1,VCCAUX_1V8
C101,2,,,GND,"assigned, routing incomplete on net",1,GND
C102,1,,,VCCAUX_1V8,"assigned, routing incomplete on net",1,VCCAUX_1V8
C102,2,,,GND,"assigned, routing incomplete on net",1,GND
C103,1,,,VCCAUX_1V8,"assigned, routing incomplete on net",1,VCCAUX_1V8
C103,2,,,GND,"assigned, routing incomplete on net",1,GND
C11,1,,,LINK_12V,"assigned, routing incomplete on net",1,LINK_12V
C11,2,,,GND,"assigned, routing incomplete on net",1,GND
C12,1,,,LINK_12V,"assigned, routing incomplete on net",1,LINK_12V
C12,2,,,GND,"assigned, routing incomplete on net",1,GND
C13,1,,,VCC_LINK_2V5,"assigned, routing incomplete on net",1,VCC_LINK_2V5
C13,2,,,GND,"assigned, routing incomplete on net",1,GND
C14,1,,,SS_CFG,assigned net connected in native DRC,1,SS_CFG
C14,2,,,GND,"assigned, routing incomplete on net",1,GND
C15,1,,,LINK_12V,"assigned, routing incomplete on net",1,LINK_12V
C15,2,,,GND,"assigned, routing incomplete on net",1,GND
C16,1,,,LINK_12V,"assigned, routing incomplete on net",1,LINK_12V
C16,2,,,GND,"assigned, routing incomplete on net",1,GND
C17,1,,,VCC_ASIC_1V5,"assigned, routing incomplete on net",1,VCC_ASIC_1V5
C17,2,,,GND,"assigned, routing incomplete on net",1,GND
C18,1,,,SS_ASIC,assigned net connected in native DRC,1,SS_ASIC
C18,2,,,GND,"assigned, routing incomplete on net",1,GND
C2,1,,,LINK_12V,"assigned, routing incomplete on net",1,LINK_12V
C2,2,,,GND,"assigned, routing incomplete on net",1,GND
C20,1,,,VCCINT_1V0,"assigned, routing incomplete on net",1,VCCINT_1V0
C20,2,,,GND,"assigned, routing incomplete on net",1,GND
C21,1,,,VCCINT_1V0,"assigned, routing incomplete on net",1,VCCINT_1V0
C21,2,,,GND,"assigned, routing incomplete on net",1,GND
C22,1,,,VCCINT_1V0,"assigned, routing incomplete on net",1,VCCINT_1V0
C22,2,,,GND,"assigned, routing incomplete on net",1,GND
C23,1,,,VCCINT_1V0,"assigned, routing incomplete on net",1,VCCINT_1V0
C23,2,,,GND,"assigned, routing incomplete on net",1,GND
C24,1,,,VCCINT_1V0,"assigned, routing incomplete on net",1,VCCINT_1V0
C24,2,,,GND,"assigned, routing incomplete on net",1,GND
C25,1,,,VCCINT_1V0,"assigned, routing incomplete on net",1,VCCINT_1V0
C25,2,,,GND,"assigned, routing incomplete on net",1,GND
C26,1,,,VCCINT_1V0,"assigned, routing incomplete on net",1,VCCINT_1V0
C26,2,,,GND,"assigned, routing incomplete on net",1,GND
C27,1,,,VCCINT_1V0,"assigned, routing incomplete on net",1,VCCINT_1V0
C27,2,,,GND,"assigned, routing incomplete on net",1,GND
C28,1,,,VCCINT_1V0,"assigned, routing incomplete on net",1,VCCINT_1V0
C28,2,,,GND,"assigned, routing incomplete on net",1,GND
C29,1,,,VCCINT_1V0,"assigned, routing incomplete on net",1,VCCINT_1V0
C29,2,,,GND,"assigned, routing incomplete on net",1,GND
C3,1,,,LINK_12V,"assigned, routing incomplete on net",1,LINK_12V
C3,2,,,GND,"assigned, routing incomplete on net",1,GND
C30,1,,,VCCINT_1V0,"assigned, routing incomplete on net",1,VCCINT_1V0
C30,2,,,GND,"assigned, routing incomplete on net",1,GND
C31,1,,,VCCINT_1V0,"assigned, routing incomplete on net",1,VCCINT_1V0
C31,2,,,GND,"assigned, routing incomplete on net",1,GND
C32,1,,,VCCINT_1V0,"assigned, routing incomplete on net",1,VCCINT_1V0
C32,2,,,GND,"assigned, routing incomplete on net",1,GND
C33,1,,,VCCINT_1V0,"assigned, routing incomplete on net",1,VCCINT_1V0
C33,2,,,GND,"assigned, routing incomplete on net",1,GND
C34,1,,,VCCINT_1V0,"assigned, routing incomplete on net",1,VCCINT_1V0
C34,2,,,GND,"assigned, routing incomplete on net",1,GND
C35,1,,,VCCINT_1V0,"assigned, routing incomplete on net",1,VCCINT_1V0
C35,2,,,GND,"assigned, routing incomplete on net",1,GND
C36,1,,,VCCINT_1V0,"assigned, routing incomplete on net",1,VCCINT_1V0
C36,2,,,GND,"assigned, routing incomplete on net",1,GND
C37,1,,,VCCINT_1V0,"assigned, routing incomplete on net",1,VCCINT_1V0
C37,2,,,GND,"assigned, routing incomplete on net",1,GND
C4,1,,,LINK_12V,"assigned, routing incomplete on net",1,LINK_12V
C4,2,,,GND,"assigned, routing incomplete on net",1,GND
C40,1,,,VCCAUX_1V8,"assigned, routing incomplete on net",1,VCCAUX_1V8
C40,2,,,GND,"assigned, routing incomplete on net",1,GND
C41,1,,,VCCAUX_1V8,"assigned, routing incomplete on net",1,VCCAUX_1V8
C41,2,,,GND,"assigned, routing incomplete on net",1,GND
C42,1,,,VCCAUX_1V8,"assigned, routing incomplete on net",1,VCCAUX_1V8
C42,2,,,GND,"assigned, routing incomplete on net",1,GND
C43,1,,,VCCAUX_1V8,"assigned, routing incomplete on net",1,VCCAUX_1V8
C43,2,,,GND,"assigned, routing incomplete on net",1,GND
C44,1,,,VCCAUX_1V8,"assigned, routing incomplete on net",1,VCCAUX_1V8
C44,2,,,GND,"assigned, routing incomplete on net",1,GND
C45,1,,,VCCAUX_1V8,"assigned, routing incomplete on net",1,VCCAUX_1V8
C45,2,,,GND,"assigned, routing incomplete on net",1,GND
C46,1,,,VCCAUX_1V8,"assigned, routing incomplete on net",1,VCCAUX_1V8
C46,2,,,GND,"assigned, routing incomplete on net",1,GND
C5,1,,,VCORE_REG_1V025,assigned net connected in native DRC,1,VCORE_REG_1V025
C5,2,,,GND,"assigned, routing incomplete on net",1,GND
C50,1,,,VCCAUX_1V8,"assigned, routing incomplete on net",1,VCCAUX_1V8
C50,2,,,GND,"assigned, routing incomplete on net",1,GND
C51,1,,,VCCAUX_1V8,"assigned, routing incomplete on net",1,VCCAUX_1V8
C51,2,,,GND,"assigned, routing incomplete on net",1,GND
C52,1,,,VCCAUX_1V8,"assigned, routing incomplete on net",1,VCCAUX_1V8
C52,2,,,GND,"assigned, routing incomplete on net",1,GND
C53,1,,,VCCAUX_1V8,"assigned, routing incomplete on net",1,VCCAUX_1V8
C53,2,,,GND,"assigned, routing incomplete on net",1,GND
C54,1,,,VCCAUX_1V8,"assigned, routing incomplete on net",1,VCCAUX_1V8
C54,2,,,GND,"assigned, routing incomplete on net",1,GND
C55,1,,,VCCAUX_1V8,"assigned, routing incomplete on net",1,VCCAUX_1V8
C55,2,,,GND,"assigned, routing incomplete on net",1,GND
C56,1,,,VCCAUX_1V8,"assigned, routing incomplete on net",1,VCCAUX_1V8
C56,2,,,GND,"assigned, routing incomplete on net",1,GND
C57,1,,,VCC_LINK_2V5,"assigned, routing incomplete on net",1,VCC_LINK_2V5
C57,2,,,GND,"assigned, routing incomplete on net",1,GND
C58,1,,,VCC_LINK_2V5,"assigned, routing incomplete on net",1,VCC_LINK_2V5
C58,2,,,GND,"assigned, routing incomplete on net",1,GND
C59,1,,,VCC_LINK_2V5,"assigned, routing incomplete on net",1,VCC_LINK_2V5
C59,2,,,GND,"assigned, routing incomplete on net",1,GND
C6,1,,,SS_CORE,assigned net connected in native DRC,1,SS_CORE
C6,2,,,GND,"assigned, routing incomplete on net",1,GND
C60,1,,,VCC_LINK_2V5,"assigned, routing incomplete on net",1,VCC_LINK_2V5
C60,2,,,GND,"assigned, routing incomplete on net",1,GND
C61,1,,,VCC_LINK_2V5,"assigned, routing incomplete on net",1,VCC_LINK_2V5
C61,2,,,GND,"assigned, routing incomplete on net",1,GND
C62,1,,,VCC_LINK_2V5,"assigned, routing incomplete on net",1,VCC_LINK_2V5
C62,2,,,GND,"assigned, routing incomplete on net",1,GND
C63,1,,,VCC_LINK_2V5,"assigned, routing incomplete on net",1,VCC_LINK_2V5
C63,2,,,GND,"assigned, routing incomplete on net",1,GND
C64,1,,,VCC_ASIC_1V5,"assigned, routing incomplete on net",1,VCC_ASIC_1V5
C64,2,,,GND,"assigned, routing incomplete on net",1,GND
C65,1,,,VCC_ASIC_1V5,"assigned, routing incomplete on net",1,VCC_ASIC_1V5
C65,2,,,GND,"assigned, routing incomplete on net",1,GND
C66,1,,,VCC_ASIC_1V5,"assigned, routing incomplete on net",1,VCC_ASIC_1V5
C66,2,,,GND,"assigned, routing incomplete on net",1,GND
C67,1,,,VCC_ASIC_1V5,"assigned, routing incomplete on net",1,VCC_ASIC_1V5
C67,2,,,GND,"assigned, routing incomplete on net",1,GND
C68,1,,,VCC_ASIC_1V5,"assigned, routing incomplete on net",1,VCC_ASIC_1V5
C68,2,,,GND,"assigned, routing incomplete on net",1,GND
C69,1,,,VCC_ASIC_1V5,"assigned, routing incomplete on net",1,VCC_ASIC_1V5
C69,2,,,GND,"assigned, routing incomplete on net",1,GND
C7,1,,,LINK_12V,"assigned, routing incomplete on net",1,LINK_12V
C7,2,,,GND,"assigned, routing incomplete on net",1,GND
C70,1,,,VCC_ASIC_1V5,"assigned, routing incomplete on net",1,VCC_ASIC_1V5
C70,2,,,GND,"assigned, routing incomplete on net",1,GND
C71,1,,,VCC_ASIC_1V5,"assigned, routing incomplete on net",1,VCC_ASIC_1V5
C71,2,,,GND,"assigned, routing incomplete on net",1,GND
C72,1,,,VCC_ASIC_1V5,"assigned, routing incomplete on net",1,VCC_ASIC_1V5
C72,2,,,GND,"assigned, routing incomplete on net",1,GND
C73,1,,,VCC_ASIC_1V5,"assigned, routing incomplete on net",1,VCC_ASIC_1V5
C73,2,,,GND,"assigned, routing incomplete on net",1,GND
C74,1,,,VCC_ASIC_1V5,"assigned, routing incomplete on net",1,VCC_ASIC_1V5
C74,2,,,GND,"assigned, routing incomplete on net",1,GND
C75,1,,,VCC_ASIC_1V5,"assigned, routing incomplete on net",1,VCC_ASIC_1V5
C75,2,,,GND,"assigned, routing incomplete on net",1,GND
C76,1,,,VCC_ASIC_1V5,"assigned, routing incomplete on net",1,VCC_ASIC_1V5
C76,2,,,GND,"assigned, routing incomplete on net",1,GND
C77,1,,,VCC_ASIC_1V5,"assigned, routing incomplete on net",1,VCC_ASIC_1V5
C77,2,,,GND,"assigned, routing incomplete on net",1,GND
C78,1,,,VCC_ASIC_1V5,"assigned, routing incomplete on net",1,VCC_ASIC_1V5
C78,2,,,GND,"assigned, routing incomplete on net",1,GND
C79,1,,,VCC_ASIC_1V5,"assigned, routing incomplete on net",1,VCC_ASIC_1V5
C79,2,,,GND,"assigned, routing incomplete on net",1,GND
C8,1,,,LINK_12V,"assigned, routing incomplete on net",1,LINK_12V
C8,2,,,GND,"assigned, routing incomplete on net",1,GND
C80,1,,,VCC_ASIC_1V5,"assigned, routing incomplete on net",1,VCC_ASIC_1V5
C80,2,,,GND,"assigned, routing incomplete on net",1,GND
C81,1,,,VCC_ASIC_1V5,"assigned, routing incomplete on net",1,VCC_ASIC_1V5
C81,2,,,GND,"assigned, routing incomplete on net",1,GND
C82,1,,,VCC_ASIC_1V5,"assigned, routing incomplete on net",1,VCC_ASIC_1V5
C82,2,,,GND,"assigned, routing incomplete on net",1,GND
C9,1,,,VAUX_REG_1V803,"assigned, routing incomplete on net",1,VAUX_REG_1V803
C9,2,,,GND,"assigned, routing incomplete on net",1,GND
C90,1,,,VCCAUX_1V8,"assigned, routing incomplete on net",1,VCCAUX_1V8
C90,2,,,GND,"assigned, routing incomplete on net",1,GND
C91,1,,,VCCAUX_1V8,"assigned, routing incomplete on net",1,VCCAUX_1V8
C91,2,,,GND,"assigned, routing incomplete on net",1,GND
C92,1,,,VCCAUX_1V8,"assigned, routing incomplete on net",1,VCCAUX_1V8
C92,2,,,GND,"assigned, routing incomplete on net",1,GND
J4,1,,,VCCAUX_1V8,"assigned, routing incomplete on net",1,VCCAUX_1V8
J4,10,,,GND,"assigned, routing incomplete on net",1,GND
J4,11,,,,unassigned — interface decision required,1,unconnected-(J4-PAIR2_N_RESERVED-Pad11)
J4,12,,,,unassigned — interface decision required,1,unconnected-(J4-PAIR3_P_RESERVED-Pad12)
J4,13,,,GND,"assigned, routing incomplete on net",1,GND
J4,14,,,,unassigned — interface decision required,1,unconnected-(J4-PAIR3_N_RESERVED-Pad14)
J4,15,,,JTAG_TDI,assigned net connected in native DRC,1,JTAG_TDI
J4,16,,,GND,"assigned, routing incomplete on net",1,GND
J4,17,,,JTAG_TCK,assigned net connected in native DRC,1,JTAG_TCK
J4,18,,,JTAG_TDO,assigned net connected in native DRC,1,JTAG_TDO
J4,19,,,LINK_12V,"assigned, routing incomplete on net",1,LINK_12V
J4,2,,,JTAG_TMS,assigned net connected in native DRC,1,JTAG_TMS
J4,3,,,,unassigned — interface decision required,1,unconnected-(J4-PAIR0_P_RESERVED-Pad3)
J4,4,,,GND,"assigned, routing incomplete on net",1,GND
J4,5,,,,unassigned — interface decision required,1,unconnected-(J4-PAIR0_N_RESERVED-Pad5)
J4,6,,,,unassigned — interface decision required,1,unconnected-(J4-PAIR1_P_RESERVED-Pad6)
J4,7,,,GND,"assigned, routing incomplete on net",1,GND
J4,8,,,,unassigned — interface decision required,1,unconnected-(J4-PAIR1_N_RESERVED-Pad8)
J4,9,,,,unassigned — interface decision required,1,unconnected-(J4-PAIR2_P_RESERVED-Pad9)
J4,SH,,,GND,"assigned, routing incomplete on net",4,GND
J5,1,,,,unassigned — interface decision required,1,unconnected-(J5-CONTACT_1-Pad1)
J5,10,,,,unassigned — interface decision required,1,unconnected-(J5-CONTACT_10-Pad10)
J5,11,,,,unassigned — interface decision required,1,unconnected-(J5-CONTACT_11-Pad11)
J5,12,,,,unassigned — interface decision required,1,unconnected-(J5-CONTACT_12-Pad12)
J5,13,,,,unassigned — interface decision required,1,unconnected-(J5-CONTACT_13-Pad13)
J5,14,,,,unassigned — interface decision required,1,unconnected-(J5-CONTACT_14-Pad14)
J5,15,,,,unassigned — interface decision required,1,unconnected-(J5-CONTACT_15-Pad15)
J5,16,,,,unassigned — interface decision required,1,unconnected-(J5-CONTACT_16-Pad16)
J5,17,,,,unassigned — interface decision required,1,unconnected-(J5-CONTACT_17-Pad17)
J5,18,,,,unassigned — interface decision required,1,unconnected-(J5-CONTACT_18-Pad18)
J5,19,,,,unassigned — interface decision required,1,unconnected-(J5-CONTACT_19-Pad19)
J5,2,,,,unassigned — interface decision required,1,unconnected-(J5-CONTACT_2-Pad2)
J5,20,,,,unassigned — interface decision required,1,unconnected-(J5-CONTACT_20-Pad20)
J5,21,,,,unassigned — interface decision required,1,unconnected-(J5-CONTACT_21-Pad21)
J5,22,,,,unassigned — interface decision required,1,unconnected-(J5-CONTACT_22-Pad22)
J5,23,,,,unassigned — interface decision required,1,unconnected-(J5-CONTACT_23-Pad23)
J5,24,,,,unassigned — interface decision required,1,unconnected-(J5-CONTACT_24-Pad24)
J5,25,,,,unassigned — interface decision required,1,unconnected-(J5-CONTACT_25-Pad25)
J5,26,,,,unassigned — interface decision required,1,unconnected-(J5-CONTACT_26-Pad26)
J5,27,,,,unassigned — interface decision required,1,unconnected-(J5-CONTACT_27-Pad27)
J5,28,,,,unassigned — interface decision required,1,unconnected-(J5-CONTACT_28-Pad28)
J5,29,,,,unassigned — interface decision required,1,unconnected-(J5-CONTACT_29-Pad29)
J5,3,,,,unassigned — interface decision required,1,unconnected-(J5-CONTACT_3-Pad3)
J5,30,,,,unassigned — interface decision required,1,unconnected-(J5-CONTACT_30-Pad30)
J5,31,,,,unassigned — interface decision required,1,unconnected-(J5-CONTACT_31-Pad31)
J5,32,,,,unassigned — interface decision required,1,unconnected-(J5-CONTACT_32-Pad32)
J5,33,,,,unassigned — interface decision required,1,unconnected-(J5-CONTACT_33-Pad33)
J5,34,,,,unassigned — interface decision required,1,unconnected-(J5-CONTACT_34-Pad34)
J5,35,,,,unassigned — interface decision required,1,unconnected-(J5-CONTACT_35-Pad35)
J5,36,,,,unassigned — interface decision required,1,unconnected-(J5-CONTACT_36-Pad36)
J5,37,,,,unassigned — interface decision required,1,unconnected-(J5-CONTACT_37-Pad37)
J5,38,,,,unassigned — interface decision required,1,unconnected-(J5-CONTACT_38-Pad38)
J5,39,,,,unassigned — interface decision required,1,unconnected-(J5-CONTACT_39-Pad39)
J5,4,,,,unassigned — interface decision required,1,unconnected-(J5-CONTACT_4-Pad4)
J5,40,,,,unassigned — interface decision required,1,unconnected-(J5-CONTACT_40-Pad40)
J5,41,,,,unassigned — interface decision required,1,unconnected-(J5-CONTACT_41-Pad41)
J5,42,,,,unassigned — interface decision required,1,unconnected-(J5-CONTACT_42-Pad42)
J5,43,,,,unassigned — interface decision required,1,unconnected-(J5-CONTACT_43-Pad43)
J5,44,,,,unassigned — interface decision required,1,unconnected-(J5-CONTACT_44-Pad44)
J5,45,,,,unassigned — interface decision required,1,unconnected-(J5-CONTACT_45-Pad45)
J5,46,,,,unassigned — interface decision required,1,unconnected-(J5-CONTACT_46-Pad46)
J5,47,,,,unassigned — interface decision required,1,unconnected-(J5-CONTACT_47-Pad47)
J5,48,,,,unassigned — interface decision required,1,unconnected-(J5-CONTACT_48-Pad48)
J5,49,,,,unassigned — interface decision required,1,unconnected-(J5-CONTACT_49-Pad49)
J5,5,,,,unassigned — interface decision required,1,unconnected-(J5-CONTACT_5-Pad5)
J5,50,,,,unassigned — interface decision required,1,unconnected-(J5-CONTACT_50-Pad50)
J5,51,,,,unassigned — interface decision required,1,unconnected-(J5-CONTACT_51-Pad51)
J5,52,,,,unassigned — interface decision required,1,unconnected-(J5-CONTACT_52-Pad52)
J5,53,,,,unassigned — interface decision required,1,unconnected-(J5-CONTACT_53-Pad53)
J5,54,,,,unassigned — interface decision required,1,unconnected-(J5-CONTACT_54-Pad54)
J5,55,,,,unassigned — interface decision required,1,unconnected-(J5-CONTACT_55-Pad55)
J5,56,,,,unassigned — interface decision required,1,unconnected-(J5-CONTACT_56-Pad56)
J5,57,,,,unassigned — interface decision required,1,unconnected-(J5-CONTACT_57-Pad57)
J5,58,,,,unassigned — interface decision required,1,unconnected-(J5-CONTACT_58-Pad58)
J5,59,,,,unassigned — interface decision required,1,unconnected-(J5-CONTACT_59-Pad59)
J5,6,,,,unassigned — interface decision required,1,unconnected-(J5-CONTACT_6-Pad6)
J5,60,,,,unassigned — interface decision required,1,unconnected-(J5-CONTACT_60-Pad60)
J5,7,,,,unassigned — interface decision required,1,unconnected-(J5-CONTACT_7-Pad7)
J5,8,,,,unassigned — interface decision required,1,unconnected-(J5-CONTACT_8-Pad8)
J5,9,,,,unassigned — interface decision required,1,unconnected-(J5-CONTACT_9-Pad9)
J5,G,,,GND,"assigned, routing incomplete on net",4,GND
J6,1,,,,unassigned — interface decision required,1,unconnected-(J6-CONTACT_1-Pad1)
J6,10,,,,unassigned — interface decision required,1,unconnected-(J6-CONTACT_10-Pad10)
J6,11,,,,unassigned — interface decision required,1,unconnected-(J6-CONTACT_11-Pad11)
J6,12,,,,unassigned — interface decision required,1,unconnected-(J6-CONTACT_12-Pad12)
J6,13,,,,unassigned — interface decision required,1,unconnected-(J6-CONTACT_13-Pad13)
J6,14,,,,unassigned — interface decision required,1,unconnected-(J6-CONTACT_14-Pad14)
J6,15,,,,unassigned — interface decision required,1,unconnected-(J6-CONTACT_15-Pad15)
J6,16,,,,unassigned — interface decision required,1,unconnected-(J6-CONTACT_16-Pad16)
J6,17,,,,unassigned — interface decision required,1,unconnected-(J6-CONTACT_17-Pad17)
J6,18,,,,unassigned — interface decision required,1,unconnected-(J6-CONTACT_18-Pad18)
J6,19,,,,unassigned — interface decision required,1,unconnected-(J6-CONTACT_19-Pad19)
J6,2,,,,unassigned — interface decision required,1,unconnected-(J6-CONTACT_2-Pad2)
J6,20,,,,unassigned — interface decision required,1,unconnected-(J6-CONTACT_20-Pad20)
J6,21,,,,unassigned — interface decision required,1,unconnected-(J6-CONTACT_21-Pad21)
J6,22,,,,unassigned — interface decision required,1,unconnected-(J6-CONTACT_22-Pad22)
J6,23,,,,unassigned — interface decision required,1,unconnected-(J6-CONTACT_23-Pad23)
J6,24,,,,unassigned — interface decision required,1,unconnected-(J6-CONTACT_24-Pad24)
J6,25,,,,unassigned — interface decision required,1,unconnected-(J6-CONTACT_25-Pad25)
J6,26,,,,unassigned — interface decision required,1,unconnected-(J6-CONTACT_26-Pad26)
J6,27,,,,unassigned — interface decision required,1,unconnected-(J6-CONTACT_27-Pad27)
J6,28,,,,unassigned — interface decision required,1,unconnected-(J6-CONTACT_28-Pad28)
J6,29,,,,unassigned — interface decision required,1,unconnected-(J6-CONTACT_29-Pad29)
J6,3,,,,unassigned — interface decision required,1,unconnected-(J6-CONTACT_3-Pad3)
J6,30,,,,unassigned — interface decision required,1,unconnected-(J6-CONTACT_30-Pad30)
J6,31,,,,unassigned — interface decision required,1,unconnected-(J6-CONTACT_31-Pad31)
J6,32,,,,unassigned — interface decision required,1,unconnected-(J6-CONTACT_32-Pad32)
J6,33,,,,unassigned — interface decision required,1,unconnected-(J6-CONTACT_33-Pad33)
J6,34,,,,unassigned — interface decision required,1,unconnected-(J6-CONTACT_34-Pad34)
J6,35,,,,unassigned — interface decision required,1,unconnected-(J6-CONTACT_35-Pad35)
J6,36,,,,unassigned — interface decision required,1,unconnected-(J6-CONTACT_36-Pad36)
J6,37,,,,unassigned — interface decision required,1,unconnected-(J6-CONTACT_37-Pad37)
J6,38,,,,unassigned — interface decision required,1,unconnected-(J6-CONTACT_38-Pad38)
J6,39,,,,unassigned — interface decision required,1,unconnected-(J6-CONTACT_39-Pad39)
J6,4,,,,unassigned — interface decision required,1,unconnected-(J6-CONTACT_4-Pad4)
J6,40,,,,unassigned — interface decision required,1,unconnected-(J6-CONTACT_40-Pad40)
J6,41,,,,unassigned — interface decision required,1,unconnected-(J6-CONTACT_41-Pad41)
J6,42,,,,unassigned — interface decision required,1,unconnected-(J6-CONTACT_42-Pad42)
J6,43,,,,unassigned — interface decision required,1,unconnected-(J6-CONTACT_43-Pad43)
J6,44,,,,unassigned — interface decision required,1,unconnected-(J6-CONTACT_44-Pad44)
J6,45,,,,unassigned — interface decision required,1,unconnected-(J6-CONTACT_45-Pad45)
J6,46,,,,unassigned — interface decision required,1,unconnected-(J6-CONTACT_46-Pad46)
J6,47,,,,unassigned — interface decision required,1,unconnected-(J6-CONTACT_47-Pad47)
J6,48,,,,unassigned — interface decision required,1,unconnected-(J6-CONTACT_48-Pad48)
J6,49,,,,unassigned — interface decision required,1,unconnected-(J6-CONTACT_49-Pad49)
J6,5,,,,unassigned — interface decision required,1,unconnected-(J6-CONTACT_5-Pad5)
J6,50,,,,unassigned — interface decision required,1,unconnected-(J6-CONTACT_50-Pad50)
J6,51,,,,unassigned — interface decision required,1,unconnected-(J6-CONTACT_51-Pad51)
J6,52,,,,unassigned — interface decision required,1,unconnected-(J6-CONTACT_52-Pad52)
J6,53,,,,unassigned — interface decision required,1,unconnected-(J6-CONTACT_53-Pad53)
J6,54,,,,unassigned — interface decision required,1,unconnected-(J6-CONTACT_54-Pad54)
J6,55,,,,unassigned — interface decision required,1,unconnected-(J6-CONTACT_55-Pad55)
J6,56,,,,unassigned — interface decision required,1,unconnected-(J6-CONTACT_56-Pad56)
J6,57,,,,unassigned — interface decision required,1,unconnected-(J6-CONTACT_57-Pad57)
J6,58,,,,unassigned — interface decision required,1,unconnected-(J6-CONTACT_58-Pad58)
J6,59,,,,unassigned — interface decision required,1,unconnected-(J6-CONTACT_59-Pad59)
J6,6,,,,unassigned — interface decision required,1,unconnected-(J6-CONTACT_6-Pad6)
J6,60,,,,unassigned — interface decision required,1,unconnected-(J6-CONTACT_60-Pad60)
J6,7,,,,unassigned — interface decision required,1,unconnected-(J6-CONTACT_7-Pad7)
J6,8,,,,unassigned — interface decision required,1,unconnected-(J6-CONTACT_8-Pad8)
J6,9,,,,unassigned — interface decision required,1,unconnected-(J6-CONTACT_9-Pad9)
J6,G,,,GND,"assigned, routing incomplete on net",4,GND
L1,1,,,SW_CORE,assigned net connected in native DRC,1,SW_CORE
L1,2,,,VCORE_REG_1V025,assigned net connected in native DRC,1,VCORE_REG_1V025
L2,1,,,SW_AUX,assigned net connected in native DRC,1,SW_AUX
L2,2,,,VAUX_REG_1V803,"assigned, routing incomplete on net",1,VAUX_REG_1V803
L3,1,,,SW_CFG,assigned net connected in native DRC,1,SW_CFG
L3,2,,,VCC_LINK_2V5,"assigned, routing incomplete on net",1,VCC_LINK_2V5
L4,1,,,SW_ASIC,assigned net connected in native DRC,1,SW_ASIC
L4,2,,,VCC_ASIC_1V5,"assigned, routing incomplete on net",1,VCC_ASIC_1V5
R1,1,,,VCORE_REG_1V025,assigned net connected in native DRC,1,VCORE_REG_1V025
R1,2,,,FB_CORE,assigned net connected in native DRC,1,FB_CORE
R10,1,,,LINK_12V,"assigned, routing incomplete on net",1,LINK_12V
R10,2,,,PG_CORE,assigned net connected in native DRC,1,PG_CORE
R100,1,,,VCCAUX_1V8,"assigned, routing incomplete on net",1,VCCAUX_1V8
R100,2,,,FLASH_CS_B,assigned net connected in native DRC,1,FLASH_CS_B
R101,1,,,VCCAUX_1V8,"assigned, routing incomplete on net",1,VCCAUX_1V8
R101,2,,,FLASH_DQ2,assigned net connected in native DRC,1,FLASH_DQ2
R102,1,,,VCCAUX_1V8,"assigned, routing incomplete on net",1,VCCAUX_1V8
R102,2,,,FLASH_DQ3,assigned net connected in native DRC,1,FLASH_DQ3
R103,1,,,FPGA_CCLK,assigned net connected in native DRC,1,FPGA_CCLK
R103,2,,,FLASH_SCLK,assigned net connected in native DRC,1,FLASH_SCLK
R104,1,,,FPGA_CFG_DQ0,assigned net connected in native DRC,1,FPGA_CFG_DQ0
R104,2,,,FLASH_DQ0,assigned net connected in native DRC,1,FLASH_DQ0
R105,1,,,FPGA_CFG_DQ1,assigned net connected in native DRC,1,FPGA_CFG_DQ1
R105,2,,,FLASH_DQ1,assigned net connected in native DRC,1,FLASH_DQ1
R106,1,,,FPGA_CFG_DQ2,assigned net connected in native DRC,1,FPGA_CFG_DQ2
R106,2,,,FLASH_DQ2,assigned net connected in native DRC,1,FLASH_DQ2
R107,1,,,FPGA_CFG_DQ3,assigned net connected in native DRC,1,FPGA_CFG_DQ3
R107,2,,,FLASH_DQ3,assigned net connected in native DRC,1,FLASH_DQ3
R108,1,,,VCCAUX_1V8,"assigned, routing incomplete on net",1,VCCAUX_1V8
R108,2,,,FPGA_PROGRAM_B,assigned net connected in native DRC,1,FPGA_PROGRAM_B
R109,1,,,VCCAUX_1V8,"assigned, routing incomplete on net",1,VCCAUX_1V8
R109,2,,,FPGA_INIT_B,assigned net connected in native DRC,1,FPGA_INIT_B
R11,1,,,LINK_12V,"assigned, routing incomplete on net",1,LINK_12V
R11,2,,,PG_AUX,assigned net connected in native DRC,1,PG_AUX
R110,1,,,VCCAUX_1V8,"assigned, routing incomplete on net",1,VCCAUX_1V8
R110,2,,,FPGA_DONE,assigned net connected in native DRC,1,FPGA_DONE
R111,1,,,VCCAUX_1V8,"assigned, routing incomplete on net",1,VCCAUX_1V8
R111,2,,,CFG_M0,assigned net connected in native DRC,1,CFG_M0
R112,1,,,CFG_M1,assigned net connected in native DRC,1,CFG_M1
R112,2,,,GND,"assigned, routing incomplete on net",1,GND
R113,1,,,CFG_M2,assigned net connected in native DRC,1,CFG_M2
R113,2,,,GND,"assigned, routing incomplete on net",1,GND
R114,1,,,VCCAUX_1V8,"assigned, routing incomplete on net",1,VCCAUX_1V8
R114,2,,,CFG_PUDC_B,assigned net connected in native DRC,1,CFG_PUDC_B
R115,1,,,VCCAUX_1V8,"assigned, routing incomplete on net",1,VCCAUX_1V8
R115,2,,,JTAG_TMS,assigned net connected in native DRC,1,JTAG_TMS
R116,1,,,VCCAUX_1V8,"assigned, routing incomplete on net",1,VCCAUX_1V8
R116,2,,,JTAG_TDI,assigned net connected in native DRC,1,JTAG_TDI
R117,1,,,VCCAUX_1V8,"assigned, routing incomplete on net",1,VCCAUX_1V8
R117,2,,,JTAG_TCK,assigned net connected in native DRC,1,JTAG_TCK
R118,1,,,FPGA_TDO,assigned net connected in native DRC,1,FPGA_TDO
R118,2,,,JTAG_TDO,assigned net connected in native DRC,1,JTAG_TDO
R119,1,,,OSC_32M_RAW,assigned net connected in native DRC,1,OSC_32M_RAW
R119,2,,,CLK_32MHZ,assigned net connected in native DRC,1,CLK_32MHZ
R12,1,,,VCCAUX_1V8,"assigned, routing incomplete on net",1,VCCAUX_1V8
R12,2,,,PGOOD_IO,assigned net connected in native DRC,1,PGOOD_IO
R122,1,,,VAUX_REG_1V803,"assigned, routing incomplete on net",1,VAUX_REG_1V803
R122,2,,,VCCAUX_1V8,"assigned, routing incomplete on net",1,VCCAUX_1V8
R2,1,,,FB_CORE,assigned net connected in native DRC,1,FB_CORE
R2,2,,,GND,"assigned, routing incomplete on net",1,GND
R3,1,,,VAUX_REG_1V803,"assigned, routing incomplete on net",1,VAUX_REG_1V803
R3,2,,,FB_AUX,assigned net connected in native DRC,1,FB_AUX
R4,1,,,FB_AUX,assigned net connected in native DRC,1,FB_AUX
R4,2,,,GND,"assigned, routing incomplete on net",1,GND
R5,1,,,VCC_LINK_2V5,"assigned, routing incomplete on net",1,VCC_LINK_2V5
R5,2,,,FB_CFG,assigned net connected in native DRC,1,FB_CFG
R6,1,,,FB_CFG,assigned net connected in native DRC,1,FB_CFG
R6,2,,,GND,"assigned, routing incomplete on net",1,GND
R7,1,,,VCC_ASIC_1V5,"assigned, routing incomplete on net",1,VCC_ASIC_1V5
R7,2,,,FB_ASIC,assigned net connected in native DRC,1,FB_ASIC
R8,1,,,FB_ASIC,assigned net connected in native DRC,1,FB_ASIC
R8,2,,,GND,"assigned, routing incomplete on net",1,GND
R9,1,,,VCORE_REG_1V025,assigned net connected in native DRC,1,VCORE_REG_1V025
R9,2,,,VCCINT_1V0,"assigned, routing incomplete on net",1,VCCINT_1V0
U1,A1,IO_L9N_T1_DQS_AD7N_35,35,,unassigned — interface decision required,1,unconnected-(U1C-IO_L9N_T1_DQS_AD7N_35-PadA1)
U1,A10,IO_L14P_T2_SRCC_16,16,,unassigned — interface decision required,1,unconnected-(U1B-IO_L14P_T2_SRCC_16-PadA10)
U1,A11,IO_L4N_T0_15,15,,unassigned — interface decision required,1,unconnected-(U1A-IO_L4N_T0_15-PadA11)
U1,A12,GND,NA,GND,"assigned, routing incomplete on net",1,GND
U1,A13,IO_L9P_T1_DQS_AD3P_15,15,,unassigned — interface decision required,1,unconnected-(U1A-IO_L9P_T1_DQS_AD3P_15-PadA13)
U1,A14,IO_L9N_T1_DQS_AD3N_15,15,,unassigned — interface decision required,1,unconnected-(U1A-IO_L9N_T1_DQS_AD3N_15-PadA14)
U1,A15,IO_L8P_T1_AD10P_15,15,,unassigned — interface decision required,1,unconnected-(U1A-IO_L8P_T1_AD10P_15-PadA15)
U1,A16,IO_L8N_T1_AD10N_15,15,,unassigned — interface decision required,1,unconnected-(U1A-IO_L8N_T1_AD10N_15-PadA16)
U1,A17,VCCO_15,15,VCC_ASIC_1V5,"assigned, routing incomplete on net",1,VCC_ASIC_1V5
U1,A18,IO_L10N_T1_AD11N_15,15,,unassigned — interface decision required,1,unconnected-(U1A-IO_L10N_T1_AD11N_15-PadA18)
U1,A2,GND,NA,GND,"assigned, routing incomplete on net",1,GND
U1,A3,IO_L8N_T1_AD14N_35,35,,unassigned — interface decision required,1,unconnected-(U1C-IO_L8N_T1_AD14N_35-PadA3)
U1,A4,IO_L8P_T1_AD14P_35,35,,unassigned — interface decision required,1,unconnected-(U1C-IO_L8P_T1_AD14P_35-PadA4)
U1,A5,IO_L3N_T0_DQS_AD5N_35,35,,unassigned — interface decision required,1,unconnected-(U1C-IO_L3N_T0_DQS_AD5N_35-PadA5)
U1,A6,IO_L3P_T0_DQS_AD5P_35,35,,unassigned — interface decision required,1,unconnected-(U1C-IO_L3P_T0_DQS_AD5P_35-PadA6)
U1,A7,VCCO_35,35,VCC_ASIC_1V5,"assigned, routing incomplete on net",1,VCC_ASIC_1V5
U1,A8,IO_L12N_T1_MRCC_16,16,,unassigned — interface decision required,1,unconnected-(U1B-IO_L12N_T1_MRCC_16-PadA8)
U1,A9,IO_L14N_T2_SRCC_16,16,,unassigned — interface decision required,1,unconnected-(U1B-IO_L14N_T2_SRCC_16-PadA9)
U1,B1,IO_L9P_T1_DQS_AD7P_35,35,,unassigned — interface decision required,1,unconnected-(U1C-IO_L9P_T1_DQS_AD7P_35-PadB1)
U1,B10,VCCO_16,16,VCC_LINK_2V5,"assigned, routing incomplete on net",1,VCC_LINK_2V5
U1,B11,IO_L4P_T0_15,15,,unassigned — interface decision required,1,unconnected-(U1A-IO_L4P_T0_15-PadB11)
U1,B12,IO_L3N_T0_DQS_AD1N_15,15,,unassigned — interface decision required,1,unconnected-(U1A-IO_L3N_T0_DQS_AD1N_15-PadB12)
U1,B13,IO_L2P_T0_AD8P_15,15,,unassigned — interface decision required,1,unconnected-(U1A-IO_L2P_T0_AD8P_15-PadB13)
U1,B14,IO_L2N_T0_AD8N_15,15,,unassigned — interface decision required,1,unconnected-(U1A-IO_L2N_T0_AD8N_15-PadB14)
U1,B15,GND,NA,GND,"assigned, routing incomplete on net",1,GND
U1,B16,IO_L7P_T1_AD2P_15,15,,unassigned — interface decision required,1,unconnected-(U1A-IO_L7P_T1_AD2P_15-PadB16)
U1,B17,IO_L7N_T1_AD2N_15,15,,unassigned — interface decision required,1,unconnected-(U1A-IO_L7N_T1_AD2N_15-PadB17)
U1,B18,IO_L10P_T1_AD11P_15,15,,unassigned — interface decision required,1,unconnected-(U1A-IO_L10P_T1_AD11P_15-PadB18)
U1,B2,IO_L10N_T1_AD15N_35,35,,unassigned — interface decision required,1,unconnected-(U1C-IO_L10N_T1_AD15N_35-PadB2)
U1,B3,IO_L10P_T1_AD15P_35,35,,unassigned — interface decision required,1,unconnected-(U1C-IO_L10P_T1_AD15P_35-PadB3)
U1,B4,IO_L7N_T1_AD6N_35,35,,unassigned — interface decision required,1,unconnected-(U1C-IO_L7N_T1_AD6N_35-PadB4)
U1,B5,GND,NA,GND,"assigned, routing incomplete on net",1,GND
U1,B6,IO_L2N_T0_AD12N_35,35,,unassigned — interface decision required,1,unconnected-(U1C-IO_L2N_T0_AD12N_35-PadB6)
U1,B7,IO_L2P_T0_AD12P_35,35,,unassigned — interface decision required,1,unconnected-(U1C-IO_L2P_T0_AD12P_35-PadB7)
U1,B8,IO_L12P_T1_MRCC_16,16,,unassigned — interface decision required,1,unconnected-(U1B-IO_L12P_T1_MRCC_16-PadB8)
U1,B9,IO_L11N_T1_SRCC_16,16,,unassigned — interface decision required,1,unconnected-(U1B-IO_L11N_T1_SRCC_16-PadB9)
U1,C1,IO_L16N_T2_35,35,,unassigned — interface decision required,1,unconnected-(U1C-IO_L16N_T2_35-PadC1)
U1,C10,IO_L13N_T2_MRCC_16,16,,unassigned — interface decision required,1,unconnected-(U1B-IO_L13N_T2_MRCC_16-PadC10)
U1,C11,IO_L13P_T2_MRCC_16,16,,unassigned — interface decision required,1,unconnected-(U1B-IO_L13P_T2_MRCC_16-PadC11)
U1,C12,IO_L3P_T0_DQS_AD1P_15,15,,unassigned — interface decision required,1,unconnected-(U1A-IO_L3P_T0_DQS_AD1P_15-PadC12)
U1,C13,VCCO_15,15,VCC_ASIC_1V5,"assigned, routing incomplete on net",1,VCC_ASIC_1V5
U1,C14,IO_L1N_T0_AD0N_15,15,,unassigned — interface decision required,1,unconnected-(U1A-IO_L1N_T0_AD0N_15-PadC14)
U1,C15,IO_L12N_T1_MRCC_15,15,,unassigned — interface decision required,1,unconnected-(U1A-IO_L12N_T1_MRCC_15-PadC15)
U1,C16,IO_L20P_T3_A20_15,15,,unassigned — interface decision required,1,unconnected-(U1A-IO_L20P_T3_A20_15-PadC16)
U1,C17,IO_L20N_T3_A19_15,15,,unassigned — interface decision required,1,unconnected-(U1A-IO_L20N_T3_A19_15-PadC17)
U1,C18,GND,NA,GND,"assigned, routing incomplete on net",1,GND
U1,C2,IO_L16P_T2_35,35,,unassigned — interface decision required,1,unconnected-(U1C-IO_L16P_T2_35-PadC2)
U1,C3,VCCO_35,35,VCC_ASIC_1V5,"assigned, routing incomplete on net",1,VCC_ASIC_1V5
U1,C4,IO_L7P_T1_AD6P_35,35,,unassigned — interface decision required,1,unconnected-(U1C-IO_L7P_T1_AD6P_35-PadC4)
U1,C5,IO_L1N_T0_AD4N_35,35,,unassigned — interface decision required,1,unconnected-(U1C-IO_L1N_T0_AD4N_35-PadC5)
U1,C6,IO_L1P_T0_AD4P_35,35,,unassigned — interface decision required,1,unconnected-(U1C-IO_L1P_T0_AD4P_35-PadC6)
U1,C7,IO_L4N_T0_35,35,,unassigned — interface decision required,1,unconnected-(U1C-IO_L4N_T0_35-PadC7)
U1,C8,GND,NA,GND,"assigned, routing incomplete on net",1,GND
U1,C9,IO_L11P_T1_SRCC_16,16,,unassigned — interface decision required,1,unconnected-(U1B-IO_L11P_T1_SRCC_16-PadC9)
U1,D1,GND,NA,GND,"assigned, routing incomplete on net",1,GND
U1,D10,IO_L19N_T3_VREF_16,16,,unassigned — interface decision required,1,unconnected-(U1B-IO_L19N_T3_VREF_16-PadD10)
U1,D11,GND,NA,GND,"assigned, routing incomplete on net",1,GND
U1,D12,IO_L6P_T0_15,15,,unassigned — interface decision required,1,unconnected-(U1A-IO_L6P_T0_15-PadD12)
U1,D13,IO_L6N_T0_VREF_15,15,,unassigned — interface decision required,1,unconnected-(U1A-IO_L6N_T0_VREF_15-PadD13)
U1,D14,IO_L1P_T0_AD0P_15,15,,unassigned — interface decision required,1,unconnected-(U1A-IO_L1P_T0_AD0P_15-PadD14)
U1,D15,IO_L12P_T1_MRCC_15,15,,unassigned — interface decision required,1,unconnected-(U1A-IO_L12P_T1_MRCC_15-PadD15)
U1,D16,VCCO_15,15,VCC_ASIC_1V5,"assigned, routing incomplete on net",1,VCC_ASIC_1V5
U1,D17,IO_L16N_T2_A27_15,15,,unassigned — interface decision required,1,unconnected-(U1A-IO_L16N_T2_A27_15-PadD17)
U1,D18,IO_L21N_T3_DQS_A18_15,15,,unassigned — interface decision required,1,unconnected-(U1A-IO_L21N_T3_DQS_A18_15-PadD18)
U1,D2,IO_L14N_T2_SRCC_35,35,,unassigned — interface decision required,1,unconnected-(U1C-IO_L14N_T2_SRCC_35-PadD2)
U1,D3,IO_L12N_T1_MRCC_35,35,,unassigned — interface decision required,1,unconnected-(U1C-IO_L12N_T1_MRCC_35-PadD3)
U1,D4,IO_L11N_T1_SRCC_35,35,,unassigned — interface decision required,1,unconnected-(U1C-IO_L11N_T1_SRCC_35-PadD4)
U1,D5,IO_L11P_T1_SRCC_35,35,,unassigned — interface decision required,1,unconnected-(U1C-IO_L11P_T1_SRCC_35-PadD5)
U1,D6,VCCO_35,35,VCC_ASIC_1V5,"assigned, routing incomplete on net",1,VCC_ASIC_1V5
U1,D7,IO_L6N_T0_VREF_35,35,,unassigned — interface decision required,1,unconnected-(U1C-IO_L6N_T0_VREF_35-PadD7)
U1,D8,IO_L4P_T0_35,35,,unassigned — interface decision required,1,unconnected-(U1C-IO_L4P_T0_35-PadD8)
U1,D9,IO_L6N_T0_VREF_16,16,,unassigned — interface decision required,1,unconnected-(U1B-IO_L6N_T0_VREF_16-PadD9)
U1,E1,IO_L18N_T2_35,35,,unassigned — interface decision required,1,unconnected-(U1C-IO_L18N_T2_35-PadE1)
U1,E10,TCK_0,0,JTAG_TCK,assigned net connected in native DRC,1,JTAG_TCK
U1,E11,TDI_0,0,JTAG_TDI,assigned net connected in native DRC,1,JTAG_TDI
U1,E12,TMS_0,0,JTAG_TMS,assigned net connected in native DRC,1,JTAG_TMS
U1,E13,TDO_0,0,FPGA_TDO,assigned net connected in native DRC,1,FPGA_TDO
U1,E14,GND,NA,GND,"assigned, routing incomplete on net",1,GND
U1,E15,IO_L11P_T1_SRCC_15,15,,unassigned — interface decision required,1,unconnected-(U1A-IO_L11P_T1_SRCC_15-PadE15)
U1,E16,IO_L11N_T1_SRCC_15,15,,unassigned — interface decision required,1,unconnected-(U1A-IO_L11N_T1_SRCC_15-PadE16)
U1,E17,IO_L16P_T2_A28_15,15,,unassigned — interface decision required,1,unconnected-(U1A-IO_L16P_T2_A28_15-PadE17)
U1,E18,IO_L21P_T3_DQS_15,15,,unassigned — interface decision required,1,unconnected-(U1A-IO_L21P_T3_DQS_15-PadE18)
U1,E2,IO_L14P_T2_SRCC_35,35,,unassigned — interface decision required,1,unconnected-(U1C-IO_L14P_T2_SRCC_35-PadE2)
U1,E3,IO_L12P_T1_MRCC_35,35,,unassigned — interface decision required,1,unconnected-(U1C-IO_L12P_T1_MRCC_35-PadE3)
U1,E4,GND,NA,GND,"assigned, routing incomplete on net",1,GND
U1,E5,IO_L5N_T0_AD13N_35,35,,unassigned — interface decision required,1,unconnected-(U1C-IO_L5N_T0_AD13N_35-PadE5)
U1,E6,IO_L5P_T0_AD13P_35,35,,unassigned — interface decision required,1,unconnected-(U1C-IO_L5P_T0_AD13P_35-PadE6)
U1,E7,IO_L6P_T0_35,35,,unassigned — interface decision required,1,unconnected-(U1C-IO_L6P_T0_35-PadE7)
U1,E8,VCCBATT_0,0,GND,"assigned, routing incomplete on net",1,GND
U1,E9,CCLK_0,0,FPGA_CCLK,assigned net connected in native DRC,1,FPGA_CCLK
U1,F1,IO_L18P_T2_35,35,,unassigned — interface decision required,1,unconnected-(U1C-IO_L18P_T2_35-PadF1)
U1,F10,VCCBRAM,NA,VCCINT_1V0,"assigned, routing incomplete on net",1,VCCINT_1V0
U1,F11,GND,NA,GND,"assigned, routing incomplete on net",1,GND
U1,F12,VCCAUX,NA,VCCAUX_1V8,"assigned, routing incomplete on net",1,VCCAUX_1V8
U1,F13,IO_L5P_T0_AD9P_15,15,,unassigned — interface decision required,1,unconnected-(U1A-IO_L5P_T0_AD9P_15-PadF13)
U1,F14,IO_L5N_T0_AD9N_15,15,,unassigned — interface decision required,1,unconnected-(U1A-IO_L5N_T0_AD9N_15-PadF14)
U1,F15,IO_L14P_T2_SRCC_15,15,,unassigned — interface decision required,1,unconnected-(U1A-IO_L14P_T2_SRCC_15-PadF15)
U1,F16,IO_L14N_T2_SRCC_15,15,,unassigned — interface decision required,1,unconnected-(U1A-IO_L14N_T2_SRCC_15-PadF16)
U1,F17,GND,NA,GND,"assigned, routing incomplete on net",1,GND
U1,F18,IO_L22N_T3_A16_15,15,,unassigned — interface decision required,1,unconnected-(U1A-IO_L22N_T3_A16_15-PadF18)
U1,F2,VCCO_35,35,VCC_ASIC_1V5,"assigned, routing incomplete on net",1,VCC_ASIC_1V5
U1,F3,IO_L13N_T2_MRCC_35,35,,unassigned — interface decision required,1,unconnected-(U1C-IO_L13N_T2_MRCC_35-PadF3)
U1,F4,IO_L13P_T2_MRCC_35,35,,unassigned — interface decision required,1,unconnected-(U1C-IO_L13P_T2_MRCC_35-PadF4)
U1,F5,IO_0_35,35,,unassigned — interface decision required,1,unconnected-(U1C-IO_0_35-PadF5)
U1,F6,IO_L19N_T3_VREF_35,35,,unassigned — interface decision required,1,unconnected-(U1C-IO_L19N_T3_VREF_35-PadF6)
U1,F7,GND,NA,GND,"assigned, routing incomplete on net",1,GND
U1,F8,VCCINT,NA,VCCINT_1V0,"assigned, routing incomplete on net",1,VCCINT_1V0
U1,F9,GND,NA,GND,"assigned, routing incomplete on net",1,GND
U1,G1,IO_L17N_T2_35,35,,unassigned — interface decision required,1,unconnected-(U1C-IO_L17N_T2_35-PadG1)
U1,G10,GND,NA,GND,"assigned, routing incomplete on net",1,GND
U1,G11,VCCBRAM,NA,VCCINT_1V0,"assigned, routing incomplete on net",1,VCCINT_1V0
U1,G12,GND,NA,GND,"assigned, routing incomplete on net",1,GND
U1,G13,IO_0_15,15,,unassigned — interface decision required,1,unconnected-(U1A-IO_0_15-PadG13)
U1,G14,IO_L15N_T2_DQS_ADV_B_15,15,,unassigned — interface decision required,1,unconnected-(U1A-IO_L15N_T2_DQS_ADV_B_15-PadG14)
U1,G15,VCCO_15,15,VCC_ASIC_1V5,"assigned, routing incomplete on net",1,VCC_ASIC_1V5
U1,G16,IO_L13N_T2_MRCC_15,15,,unassigned — interface decision required,1,unconnected-(U1A-IO_L13N_T2_MRCC_15-PadG16)
U1,G17,IO_L18N_T2_A23_15,15,,unassigned — interface decision required,1,unconnected-(U1A-IO_L18N_T2_A23_15-PadG17)
U1,G18,IO_L22P_T3_A17_15,15,,unassigned — interface decision required,1,unconnected-(U1A-IO_L22P_T3_A17_15-PadG18)
U1,G2,IO_L15N_T2_DQS_35,35,,unassigned — interface decision required,1,unconnected-(U1C-IO_L15N_T2_DQS_35-PadG2)
U1,G3,IO_L20N_T3_35,35,,unassigned — interface decision required,1,unconnected-(U1C-IO_L20N_T3_35-PadG3)
U1,G4,IO_L20P_T3_35,35,,unassigned — interface decision required,1,unconnected-(U1C-IO_L20P_T3_35-PadG4)
U1,G5,VCCO_35,35,VCC_ASIC_1V5,"assigned, routing incomplete on net",1,VCC_ASIC_1V5
U1,G6,IO_L19P_T3_35,35,,unassigned — interface decision required,1,unconnected-(U1C-IO_L19P_T3_35-PadG6)
U1,G7,VCCINT,NA,VCCINT_1V0,"assigned, routing incomplete on net",1,VCCINT_1V0
U1,G8,GND,NA,GND,"assigned, routing incomplete on net",1,GND
U1,G9,VCCINT,NA,VCCINT_1V0,"assigned, routing incomplete on net",1,VCCINT_1V0
U1,H1,IO_L17P_T2_35,35,,unassigned — interface decision required,1,unconnected-(U1C-IO_L17P_T2_35-PadH1)
U1,H10,VCCADC_0,0,VCCAUX_1V8,"assigned, routing incomplete on net",1,VCCAUX_1V8
U1,H11,GND,NA,GND,"assigned, routing incomplete on net",1,GND
U1,H12,VCCAUX,NA,VCCAUX_1V8,"assigned, routing incomplete on net",1,VCCAUX_1V8
U1,H13,GND,NA,GND,"assigned, routing incomplete on net",1,GND
U1,H14,IO_L15P_T2_DQS_15,15,,unassigned — interface decision required,1,unconnected-(U1A-IO_L15P_T2_DQS_15-PadH14)
U1,H15,IO_L19N_T3_A21_VREF_15,15,,unassigned — interface decision required,1,unconnected-(U1A-IO_L19N_T3_A21_VREF_15-PadH15)
U1,H16,IO_L13P_T2_MRCC_15,15,,unassigned — interface decision required,1,unconnected-(U1A-IO_L13P_T2_MRCC_15-PadH16)
U1,H17,IO_L18P_T2_A24_15,15,,unassigned — interface decision required,1,unconnected-(U1A-IO_L18P_T2_A24_15-PadH17)
U1,H18,VCCO_15,15,VCC_ASIC_1V5,"assigned, routing incomplete on net",1,VCC_ASIC_1V5
U1,H2,IO_L15P_T2_DQS_35,35,,unassigned — interface decision required,1,unconnected-(U1C-IO_L15P_T2_DQS_35-PadH2)
U1,H3,GND,NA,GND,"assigned, routing incomplete on net",1,GND
U1,H4,IO_L21N_T3_DQS_35,35,,unassigned — interface decision required,1,unconnected-(U1C-IO_L21N_T3_DQS_35-PadH4)
U1,H5,IO_L24N_T3_35,35,,unassigned — interface decision required,1,unconnected-(U1C-IO_L24N_T3_35-PadH5)
U1,H6,IO_L24P_T3_35,35,,unassigned — interface decision required,1,unconnected-(U1C-IO_L24P_T3_35-PadH6)
U1,H7,GND,NA,GND,"assigned, routing incomplete on net",1,GND
U1,H8,VCCINT,NA,VCCINT_1V0,"assigned, routing incomplete on net",1,VCCINT_1V0
U1,H9,GNDADC_0,0,GND,"assigned, routing incomplete on net",1,GND
U1,J1,VCCO_35,35,VCC_ASIC_1V5,"assigned, routing incomplete on net",1,VCC_ASIC_1V5
U1,J10,VP_0,0,GND,"assigned, routing incomplete on net",1,GND
U1,J11,VCCINT,NA,VCCINT_1V0,"assigned, routing incomplete on net",1,VCCINT_1V0
U1,J12,GND,NA,GND,"assigned, routing incomplete on net",1,GND
U1,J13,IO_L17N_T2_A25_15,15,,unassigned — interface decision required,1,unconnected-(U1A-IO_L17N_T2_A25_15-PadJ13)
U1,J14,IO_L19P_T3_A22_15,15,,unassigned — interface decision required,1,unconnected-(U1A-IO_L19P_T3_A22_15-PadJ14)
U1,J15,IO_L24N_T3_RS0_15,15,,unassigned — interface decision required,1,unconnected-(U1A-IO_L24N_T3_RS0_15-PadJ15)
U1,J16,GND,NA,GND,"assigned, routing incomplete on net",1,GND
U1,J17,IO_L23P_T3_FOE_B_15,15,,unassigned — interface decision required,1,unconnected-(U1A-IO_L23P_T3_FOE_B_15-PadJ17)
U1,J18,IO_L23N_T3_FWE_B_15,15,,unassigned — interface decision required,1,unconnected-(U1A-IO_L23N_T3_FWE_B_15-PadJ18)
U1,J2,IO_L22N_T3_35,35,,unassigned — interface decision required,1,unconnected-(U1C-IO_L22N_T3_35-PadJ2)
U1,J3,IO_L22P_T3_35,35,,unassigned — interface decision required,1,unconnected-(U1C-IO_L22P_T3_35-PadJ3)
U1,J4,IO_L21P_T3_DQS_35,35,,unassigned — interface decision required,1,unconnected-(U1C-IO_L21P_T3_DQS_35-PadJ4)
U1,J5,IO_25_35,35,,unassigned — interface decision required,1,unconnected-(U1C-IO_25_35-PadJ5)
U1,J6,GND,NA,GND,"assigned, routing incomplete on net",1,GND
U1,J7,VCCINT,NA,VCCINT_1V0,"assigned, routing incomplete on net",1,VCCINT_1V0
U1,J8,GND,NA,GND,"assigned, routing incomplete on net",1,GND
U1,J9,VREFN_0,0,GND,"assigned, routing incomplete on net",1,GND
U1,K1,IO_L23N_T3_35,35,,unassigned — interface decision required,1,unconnected-(U1C-IO_L23N_T3_35-PadK1)
U1,K10,VREFP_0,0,GND,"assigned, routing incomplete on net",1,GND
U1,K11,GND,NA,GND,"assigned, routing incomplete on net",1,GND
U1,K12,VCCAUX,NA,VCCAUX_1V8,"assigned, routing incomplete on net",1,VCCAUX_1V8
U1,K13,IO_L17P_T2_A26_15,15,,unassigned — interface decision required,1,unconnected-(U1A-IO_L17P_T2_A26_15-PadK13)
U1,K14,VCCO_15,15,VCC_ASIC_1V5,"assigned, routing incomplete on net",1,VCC_ASIC_1V5
U1,K15,IO_L24P_T3_RS1_15,15,,unassigned — interface decision required,1,unconnected-(U1A-IO_L24P_T3_RS1_15-PadK15)
U1,K16,IO_25_15,15,,unassigned — interface decision required,1,unconnected-(U1A-IO_25_15-PadK16)
U1,K17,IO_L1P_T0_D00_MOSI_14,14,FPGA_CFG_DQ0,assigned net connected in native DRC,1,FPGA_CFG_DQ0
U1,K18,IO_L1N_T0_D01_DIN_14,14,FPGA_CFG_DQ1,assigned net connected in native DRC,1,FPGA_CFG_DQ1
U1,K2,IO_L23P_T3_35,35,,unassigned — interface decision required,1,unconnected-(U1C-IO_L23P_T3_35-PadK2)
U1,K3,IO_L2P_T0_34,34,,unassigned — interface decision required,1,unconnected-(U1B-IO_L2P_T0_34-PadK3)
U1,K4,VCCO_34,34,VCC_ASIC_1V5,"assigned, routing incomplete on net",1,VCC_ASIC_1V5
U1,K5,IO_L5P_T0_34,34,,unassigned — interface decision required,1,unconnected-(U1B-IO_L5P_T0_34-PadK5)
U1,K6,IO_0_34,34,,unassigned — interface decision required,1,unconnected-(U1B-IO_0_34-PadK6)
U1,K7,GND,NA,GND,"assigned, routing incomplete on net",1,GND
U1,K8,VCCINT,NA,VCCINT_1V0,"assigned, routing incomplete on net",1,VCCINT_1V0
U1,K9,VN_0,0,GND,"assigned, routing incomplete on net",1,GND
U1,L1,IO_L1P_T0_34,34,,unassigned — interface decision required,1,unconnected-(U1B-IO_L1P_T0_34-PadL1)
U1,L10,DXP_0,0,,intentional no-connect,1,unconnected-(U1D-DXP_0-PadL10)
U1,L11,VCCINT,NA,VCCINT_1V0,"assigned, routing incomplete on net",1,VCCINT_1V0
U1,L12,GND,NA,GND,"assigned, routing incomplete on net",1,GND
U1,L13,IO_L6P_T0_FCS_B_14,14,FLASH_CS_B,assigned net connected in native DRC,1,FLASH_CS_B
U1,L14,IO_L2P_T0_D02_14,14,FPGA_CFG_DQ2,assigned net connected in native DRC,1,FPGA_CFG_DQ2
U1,L15,IO_L3P_T0_DQS_PUDC_B_14,14,CFG_PUDC_B,assigned net connected in native DRC,1,CFG_PUDC_B
U1,L16,IO_L3N_T0_DQS_EMCCLK_14,14,,unassigned — interface decision required,1,unconnected-(U1A-IO_L3N_T0_DQS_EMCCLK_14-PadL16)
U1,L17,VCCO_14,14,VCCAUX_1V8,"assigned, routing incomplete on net",1,VCCAUX_1V8
U1,L18,IO_L4P_T0_D04_14,14,,unassigned — interface decision required,1,unconnected-(U1A-IO_L4P_T0_D04_14-PadL18)
U1,L2,GND,NA,GND,"assigned, routing incomplete on net",1,GND
U1,L3,IO_L2N_T0_34,34,,unassigned — interface decision required,1,unconnected-(U1B-IO_L2N_T0_34-PadL3)
U1,L4,IO_L5N_T0_34,34,,unassigned — interface decision required,1,unconnected-(U1B-IO_L5N_T0_34-PadL4)
U1,L5,IO_L6N_T0_VREF_34,34,,unassigned — interface decision required,1,unconnected-(U1B-IO_L6N_T0_VREF_34-PadL5)
U1,L6,IO_L6P_T0_34,34,,unassigned — interface decision required,1,unconnected-(U1B-IO_L6P_T0_34-PadL6)
U1,L7,VCCINT,NA,VCCINT_1V0,"assigned, routing incomplete on net",1,VCCINT_1V0
U1,L8,GND,NA,GND,"assigned, routing incomplete on net",1,GND
U1,L9,DXN_0,0,,intentional no-connect,1,unconnected-(U1D-DXN_0-PadL9)
U1,M1,IO_L1N_T0_34,34,,unassigned — interface decision required,1,unconnected-(U1B-IO_L1N_T0_34-PadM1)
U1,M10,VCCINT,NA,VCCINT_1V0,"assigned, routing incomplete on net",1,VCCINT_1V0
U1,M11,GND,NA,GND,"assigned, routing incomplete on net",1,GND
U1,M12,VCCAUX,NA,VCCAUX_1V8,"assigned, routing incomplete on net",1,VCCAUX_1V8
U1,M13,IO_L6N_T0_D08_VREF_14,14,,unassigned — interface decision required,1,unconnected-(U1A-IO_L6N_T0_D08_VREF_14-PadM13)
U1,M14,IO_L2N_T0_D03_14,14,FPGA_CFG_DQ3,assigned net connected in native DRC,1,FPGA_CFG_DQ3
U1,M15,GND,NA,GND,"assigned, routing incomplete on net",1,GND
U1,M16,IO_L10P_T1_D14_14,14,,unassigned — interface decision required,1,unconnected-(U1A-IO_L10P_T1_D14_14-PadM16)
U1,M17,IO_L10N_T1_D15_14,14,,unassigned — interface decision required,1,unconnected-(U1A-IO_L10N_T1_D15_14-PadM17)
U1,M18,IO_L4N_T0_D05_14,14,,unassigned — interface decision required,1,unconnected-(U1A-IO_L4N_T0_D05_14-PadM18)
U1,M2,IO_L4N_T0_34,34,,unassigned — interface decision required,1,unconnected-(U1B-IO_L4N_T0_34-PadM2)
U1,M3,IO_L4P_T0_34,34,,unassigned — interface decision required,1,unconnected-(U1B-IO_L4P_T0_34-PadM3)
U1,M4,IO_L16P_T2_34,34,,unassigned — interface decision required,1,unconnected-(U1B-IO_L16P_T2_34-PadM4)
U1,M5,GND,NA,GND,"assigned, routing incomplete on net",1,GND
U1,M6,IO_L18P_T2_34,34,,unassigned — interface decision required,1,unconnected-(U1B-IO_L18P_T2_34-PadM6)
U1,M7,GND,NA,GND,"assigned, routing incomplete on net",1,GND
U1,M8,VCCINT,NA,VCCINT_1V0,"assigned, routing incomplete on net",1,VCCINT_1V0
U1,M9,GND,NA,GND,"assigned, routing incomplete on net",1,GND
U1,N1,IO_L3N_T0_DQS_34,34,,unassigned — interface decision required,1,unconnected-(U1B-IO_L3N_T0_DQS_34-PadN1)
U1,N10,GND,NA,GND,"assigned, routing incomplete on net",1,GND
U1,N11,VCCINT,NA,VCCINT_1V0,"assigned, routing incomplete on net",1,VCCINT_1V0
U1,N12,GND,NA,GND,"assigned, routing incomplete on net",1,GND
U1,N13,VCCO_14,14,VCCAUX_1V8,"assigned, routing incomplete on net",1,VCCAUX_1V8
U1,N14,IO_L8P_T1_D11_14,14,,unassigned — interface decision required,1,unconnected-(U1A-IO_L8P_T1_D11_14-PadN14)
U1,N15,IO_L11P_T1_SRCC_14,14,,unassigned — interface decision required,1,unconnected-(U1A-IO_L11P_T1_SRCC_14-PadN15)
U1,N16,IO_L11N_T1_SRCC_14,14,,unassigned — interface decision required,1,unconnected-(U1A-IO_L11N_T1_SRCC_14-PadN16)
U1,N17,IO_L9P_T1_DQS_14,14,,unassigned — interface decision required,1,unconnected-(U1A-IO_L9P_T1_DQS_14-PadN17)
U1,N18,GND,NA,GND,"assigned, routing incomplete on net",1,GND
U1,N2,IO_L3P_T0_DQS_34,34,,unassigned — interface decision required,1,unconnected-(U1B-IO_L3P_T0_DQS_34-PadN2)
U1,N3,VCCO_34,34,VCC_ASIC_1V5,"assigned, routing incomplete on net",1,VCC_ASIC_1V5
U1,N4,IO_L16N_T2_34,34,,unassigned — interface decision required,1,unconnected-(U1B-IO_L16N_T2_34-PadN4)
U1,N5,IO_L13P_T2_MRCC_34,34,,unassigned — interface decision required,1,unconnected-(U1B-IO_L13P_T2_MRCC_34-PadN5)
U1,N6,IO_L18N_T2_34,34,,unassigned — interface decision required,1,unconnected-(U1B-IO_L18N_T2_34-PadN6)
U1,N7,VCCINT,NA,VCCINT_1V0,"assigned, routing incomplete on net",1,VCCINT_1V0
U1,N8,GND,NA,GND,"assigned, routing incomplete on net",1,GND
U1,N9,VCCINT,NA,VCCINT_1V0,"assigned, routing incomplete on net",1,VCCINT_1V0
U1,P1,GND,NA,GND,"assigned, routing incomplete on net",1,GND
U1,P10,DONE_0,0,FPGA_DONE,assigned net connected in native DRC,1,FPGA_DONE
U1,P11,M2_0,0,CFG_M2,assigned net connected in native DRC,1,CFG_M2
U1,P12,M0_0,0,CFG_M0,assigned net connected in native DRC,1,CFG_M0
U1,P13,M1_0,0,CFG_M1,assigned net connected in native DRC,1,CFG_M1
U1,P14,IO_L8N_T1_D12_14,14,,unassigned — interface decision required,1,unconnected-(U1A-IO_L8N_T1_D12_14-PadP14)
U1,P15,IO_L13P_T2_MRCC_14,14,,unassigned — interface decision required,1,unconnected-(U1A-IO_L13P_T2_MRCC_14-PadP15)
U1,P16,VCCO_14,14,VCCAUX_1V8,"assigned, routing incomplete on net",1,VCCAUX_1V8
U1,P17,IO_L12P_T1_MRCC_14,14,CLK_32MHZ,assigned net connected in native DRC,1,CLK_32MHZ
U1,P18,IO_L9N_T1_DQS_D13_14,14,,unassigned — interface decision required,1,unconnected-(U1A-IO_L9N_T1_DQS_D13_14-PadP18)
U1,P2,IO_L15P_T2_DQS_34,34,,unassigned — interface decision required,1,unconnected-(U1B-IO_L15P_T2_DQS_34-PadP2)
U1,P3,IO_L14N_T2_SRCC_34,34,,unassigned — interface decision required,1,unconnected-(U1B-IO_L14N_T2_SRCC_34-PadP3)
U1,P4,IO_L14P_T2_SRCC_34,34,,unassigned — interface decision required,1,unconnected-(U1B-IO_L14P_T2_SRCC_34-PadP4)
U1,P5,IO_L13N_T2_MRCC_34,34,,unassigned — interface decision required,1,unconnected-(U1B-IO_L13N_T2_MRCC_34-PadP5)
U1,P6,VCCO_34,34,VCC_ASIC_1V5,"assigned, routing incomplete on net",1,VCC_ASIC_1V5
U1,P7,INIT_B_0,0,FPGA_INIT_B,assigned net connected in native DRC,1,FPGA_INIT_B
U1,P8,CFGBVS_0,0,GND,"assigned, routing incomplete on net",1,GND
U1,P9,PROGRAM_B_0,0,FPGA_PROGRAM_B,assigned net connected in native DRC,1,FPGA_PROGRAM_B
U1,R1,IO_L17P_T2_34,34,,unassigned — interface decision required,1,unconnected-(U1B-IO_L17P_T2_34-PadR1)
U1,R10,IO_25_14,14,,unassigned — interface decision required,1,unconnected-(U1A-IO_25_14-PadR10)
U1,R11,IO_0_14,14,,unassigned — interface decision required,1,unconnected-(U1A-IO_0_14-PadR11)
U1,R12,IO_L5P_T0_D06_14,14,,unassigned — interface decision required,1,unconnected-(U1A-IO_L5P_T0_D06_14-PadR12)
U1,R13,IO_L5N_T0_D07_14,14,,unassigned — interface decision required,1,unconnected-(U1A-IO_L5N_T0_D07_14-PadR13)
U1,R14,GND,NA,GND,"assigned, routing incomplete on net",1,GND
U1,R15,IO_L13N_T2_MRCC_14,14,,unassigned — interface decision required,1,unconnected-(U1A-IO_L13N_T2_MRCC_14-PadR15)
U1,R16,IO_L15P_T2_DQS_RDWR_B_14,14,,unassigned — interface decision required,1,unconnected-(U1A-IO_L15P_T2_DQS_RDWR_B_14-PadR16)
U1,R17,IO_L12N_T1_MRCC_14,14,,unassigned — interface decision required,1,unconnected-(U1A-IO_L12N_T1_MRCC_14-PadR17)
U1,R18,IO_L7P_T1_D09_14,14,,unassigned — interface decision required,1,unconnected-(U1A-IO_L7P_T1_D09_14-PadR18)
U1,R2,IO_L15N_T2_DQS_34,34,,unassigned — interface decision required,1,unconnected-(U1B-IO_L15N_T2_DQS_34-PadR2)
U1,R3,IO_L11P_T1_SRCC_34,34,,unassigned — interface decision required,1,unconnected-(U1B-IO_L11P_T1_SRCC_34-PadR3)
U1,R4,GND,NA,GND,"assigned, routing incomplete on net",1,GND
U1,R5,IO_L19N_T3_VREF_34,34,,unassigned — interface decision required,1,unconnected-(U1B-IO_L19N_T3_VREF_34-PadR5)
U1,R6,IO_L19P_T3_34,34,,unassigned — interface decision required,1,unconnected-(U1B-IO_L19P_T3_34-PadR6)
U1,R7,IO_L23P_T3_34,34,,unassigned — interface decision required,1,unconnected-(U1B-IO_L23P_T3_34-PadR7)
U1,R8,IO_L24P_T3_34,34,,unassigned — interface decision required,1,unconnected-(U1B-IO_L24P_T3_34-PadR8)
U1,R9,VCCO_0,0,VCCAUX_1V8,"assigned, routing incomplete on net",1,VCCAUX_1V8
U1,T1,IO_L17N_T2_34,34,,unassigned — interface decision required,1,unconnected-(U1B-IO_L17N_T2_34-PadT1)
U1,T10,IO_L24N_T3_A00_D16_14,14,,unassigned — interface decision required,1,unconnected-(U1A-IO_L24N_T3_A00_D16_14-PadT10)
U1,T11,IO_L19P_T3_A10_D26_14,14,,unassigned — interface decision required,1,unconnected-(U1A-IO_L19P_T3_A10_D26_14-PadT11)
U1,T12,VCCO_14,14,VCCAUX_1V8,"assigned, routing incomplete on net",1,VCCAUX_1V8
U1,T13,IO_L23P_T3_A03_D19_14,14,,unassigned — interface decision required,1,unconnected-(U1A-IO_L23P_T3_A03_D19_14-PadT13)
U1,T14,IO_L14P_T2_SRCC_14,14,,unassigned — interface decision required,1,unconnected-(U1A-IO_L14P_T2_SRCC_14-PadT14)
U1,T15,IO_L14N_T2_SRCC_14,14,,unassigned — interface decision required,1,unconnected-(U1A-IO_L14N_T2_SRCC_14-PadT15)
U1,T16,IO_L15N_T2_DQS_DOUT_CSO_B_14,14,,unassigned — interface decision required,1,unconnected-(U1A-IO_L15N_T2_DQS_DOUT_CSO_B_14-PadT16)
U1,T17,GND,NA,GND,"assigned, routing incomplete on net",1,GND
U1,T18,IO_L7N_T1_D10_14,14,,unassigned — interface decision required,1,unconnected-(U1A-IO_L7N_T1_D10_14-PadT18)
U1,T2,VCCO_34,34,VCC_ASIC_1V5,"assigned, routing incomplete on net",1,VCC_ASIC_1V5
U1,T3,IO_L11N_T1_SRCC_34,34,,unassigned — interface decision required,1,unconnected-(U1B-IO_L11N_T1_SRCC_34-PadT3)
U1,T4,IO_L12N_T1_MRCC_34,34,,unassigned — interface decision required,1,unconnected-(U1B-IO_L12N_T1_MRCC_34-PadT4)
U1,T5,IO_L12P_T1_MRCC_34,34,,unassigned — interface decision required,1,unconnected-(U1B-IO_L12P_T1_MRCC_34-PadT5)
U1,T6,IO_L23N_T3_34,34,,unassigned — interface decision required,1,unconnected-(U1B-IO_L23N_T3_34-PadT6)
U1,T7,GND,NA,GND,"assigned, routing incomplete on net",1,GND
U1,T8,IO_L24N_T3_34,34,,unassigned — interface decision required,1,unconnected-(U1B-IO_L24N_T3_34-PadT8)
U1,T9,IO_L24P_T3_A01_D17_14,14,,unassigned — interface decision required,1,unconnected-(U1A-IO_L24P_T3_A01_D17_14-PadT9)
U1,U1,IO_L7P_T1_34,34,,unassigned — interface decision required,1,unconnected-(U1B-IO_L7P_T1_34-PadU1)
U1,U10,GND,NA,GND,"assigned, routing incomplete on net",1,GND
U1,U11,IO_L19N_T3_A09_D25_VREF_14,14,,unassigned — interface decision required,1,unconnected-(U1A-IO_L19N_T3_A09_D25_VREF_14-PadU11)
U1,U12,IO_L20P_T3_A08_D24_14,14,,unassigned — interface decision required,1,unconnected-(U1A-IO_L20P_T3_A08_D24_14-PadU12)
U1,U13,IO_L23N_T3_A02_D18_14,14,,unassigned — interface decision required,1,unconnected-(U1A-IO_L23N_T3_A02_D18_14-PadU13)
U1,U14,IO_L22P_T3_A05_D21_14,14,,unassigned — interface decision required,1,unconnected-(U1A-IO_L22P_T3_A05_D21_14-PadU14)
U1,U15,VCCO_14,14,VCCAUX_1V8,"assigned, routing incomplete on net",1,VCCAUX_1V8
U1,U16,IO_L18P_T2_A12_D28_14,14,,unassigned — interface decision required,1,unconnected-(U1A-IO_L18P_T2_A12_D28_14-PadU16)
U1,U17,IO_L17P_T2_A14_D30_14,14,,unassigned — interface decision required,1,unconnected-(U1A-IO_L17P_T2_A14_D30_14-PadU17)
U1,U18,IO_L17N_T2_A13_D29_14,14,,unassigned — interface decision required,1,unconnected-(U1A-IO_L17N_T2_A13_D29_14-PadU18)
U1,U2,IO_L9P_T1_DQS_34,34,,unassigned — interface decision required,1,unconnected-(U1B-IO_L9P_T1_DQS_34-PadU2)
U1,U3,IO_L8N_T1_34,34,,unassigned — interface decision required,1,unconnected-(U1B-IO_L8N_T1_34-PadU3)
U1,U4,IO_L8P_T1_34,34,,unassigned — interface decision required,1,unconnected-(U1B-IO_L8P_T1_34-PadU4)
U1,U5,VCCO_34,34,VCC_ASIC_1V5,"assigned, routing incomplete on net",1,VCC_ASIC_1V5
U1,U6,IO_L22N_T3_34,34,,unassigned — interface decision required,1,unconnected-(U1B-IO_L22N_T3_34-PadU6)
U1,U7,IO_L22P_T3_34,34,,unassigned — interface decision required,1,unconnected-(U1B-IO_L22P_T3_34-PadU7)
U1,U8,IO_25_34,34,,unassigned — interface decision required,1,unconnected-(U1B-IO_25_34-PadU8)
U1,U9,IO_L21P_T3_DQS_34,34,,unassigned — interface decision required,1,unconnected-(U1B-IO_L21P_T3_DQS_34-PadU9)
U1,V1,IO_L7N_T1_34,34,,unassigned — interface decision required,1,unconnected-(U1B-IO_L7N_T1_34-PadV1)
U1,V10,IO_L21P_T3_DQS_14,14,,unassigned — interface decision required,1,unconnected-(U1A-IO_L21P_T3_DQS_14-PadV10)
U1,V11,IO_L21N_T3_DQS_A06_D22_14,14,,unassigned — interface decision required,1,unconnected-(U1A-IO_L21N_T3_DQS_A06_D22_14-PadV11)
U1,V12,IO_L20N_T3_A07_D23_14,14,,unassigned — interface decision required,1,unconnected-(U1A-IO_L20N_T3_A07_D23_14-PadV12)
U1,V13,GND,NA,GND,"assigned, routing incomplete on net",1,GND
U1,V14,IO_L22N_T3_A04_D20_14,14,,unassigned — interface decision required,1,unconnected-(U1A-IO_L22N_T3_A04_D20_14-PadV14)
U1,V15,IO_L16P_T2_CSI_B_14,14,,unassigned — interface decision required,1,unconnected-(U1A-IO_L16P_T2_CSI_B_14-PadV15)
U1,V16,IO_L16N_T2_A15_D31_14,14,,unassigned — interface decision required,1,unconnected-(U1A-IO_L16N_T2_A15_D31_14-PadV16)
U1,V17,IO_L18N_T2_A11_D27_14,14,,unassigned — interface decision required,1,unconnected-(U1A-IO_L18N_T2_A11_D27_14-PadV17)
U1,V18,VCCO_14,14,VCCAUX_1V8,"assigned, routing incomplete on net",1,VCCAUX_1V8
U1,V2,IO_L9N_T1_DQS_34,34,,unassigned — interface decision required,1,unconnected-(U1B-IO_L9N_T1_DQS_34-PadV2)
U1,V3,GND,NA,GND,"assigned, routing incomplete on net",1,GND
U1,V4,IO_L10N_T1_34,34,,unassigned — interface decision required,1,unconnected-(U1B-IO_L10N_T1_34-PadV4)
U1,V5,IO_L10P_T1_34,34,,unassigned — interface decision required,1,unconnected-(U1B-IO_L10P_T1_34-PadV5)
U1,V6,IO_L20N_T3_34,34,,unassigned — interface decision required,1,unconnected-(U1B-IO_L20N_T3_34-PadV6)
U1,V7,IO_L20P_T3_34,34,,unassigned — interface decision required,1,unconnected-(U1B-IO_L20P_T3_34-PadV7)
U1,V8,VCCO_34,34,VCC_ASIC_1V5,"assigned, routing incomplete on net",1,VCC_ASIC_1V5
U1,V9,IO_L21N_T3_DQS_34,34,,unassigned — interface decision required,1,unconnected-(U1B-IO_L21N_T3_DQS_34-PadV9)
U2,1,,,LINK_12V,"assigned, routing incomplete on net",1,LINK_12V
U2,10,,,LINK_12V,"assigned, routing incomplete on net",1,LINK_12V
U2,11,,,GND,"assigned, routing incomplete on net",1,GND
U2,2,,,SW_CORE,assigned net connected in native DRC,1,SW_CORE
U2,3,,,GND,"assigned, routing incomplete on net",1,GND
U2,4,,,,intentional no-connect,1,unconnected-(U2-FB2-Pad4)
U2,5,,,FB_CORE,assigned net connected in native DRC,1,FB_CORE
U2,6,,,VCORE_REG_1V025,assigned net connected in native DRC,1,VCORE_REG_1V025
U2,7,,,PG_CORE,assigned net connected in native DRC,1,PG_CORE
U2,8,,,LINK_12V,"assigned, routing incomplete on net",1,LINK_12V
U2,9,,,SS_CORE,assigned net connected in native DRC,1,SS_CORE
U3,1,,,LINK_12V,"assigned, routing incomplete on net",1,LINK_12V
U3,10,,,LINK_12V,"assigned, routing incomplete on net",1,LINK_12V
U3,11,,,GND,"assigned, routing incomplete on net",1,GND
U3,2,,,SW_AUX,assigned net connected in native DRC,1,SW_AUX
U3,3,,,GND,"assigned, routing incomplete on net",1,GND
U3,4,,,,intentional no-connect,1,unconnected-(U3-FB2-Pad4)
U3,5,,,FB_AUX,assigned net connected in native DRC,1,FB_AUX
U3,6,,,VAUX_REG_1V803,"assigned, routing incomplete on net",1,VAUX_REG_1V803
U3,7,,,PG_AUX,assigned net connected in native DRC,1,PG_AUX
U3,8,,,PG_CORE,assigned net connected in native DRC,1,PG_CORE
U3,9,,,SS_AUX,assigned net connected in native DRC,1,SS_AUX
U4,1,,,LINK_12V,"assigned, routing incomplete on net",1,LINK_12V
U4,10,,,LINK_12V,"assigned, routing incomplete on net",1,LINK_12V
U4,11,,,GND,"assigned, routing incomplete on net",1,GND
U4,2,,,SW_CFG,assigned net connected in native DRC,1,SW_CFG
U4,3,,,GND,"assigned, routing incomplete on net",1,GND
U4,4,,,,intentional no-connect,1,unconnected-(U4-FB2-Pad4)
U4,5,,,FB_CFG,assigned net connected in native DRC,1,FB_CFG
U4,6,,,VCC_LINK_2V5,"assigned, routing incomplete on net",1,VCC_LINK_2V5
U4,7,,,PGOOD_IO,assigned net connected in native DRC,1,PGOOD_IO
U4,8,,,PG_AUX,assigned net connected in native DRC,1,PG_AUX
U4,9,,,SS_CFG,assigned net connected in native DRC,1,SS_CFG
U5,1,,,LINK_12V,"assigned, routing incomplete on net",1,LINK_12V
U5,10,,,LINK_12V,"assigned, routing incomplete on net",1,LINK_12V
U5,11,,,GND,"assigned, routing incomplete on net",1,GND
U5,2,,,SW_ASIC,assigned net connected in native DRC,1,SW_ASIC
U5,3,,,GND,"assigned, routing incomplete on net",1,GND
U5,4,,,,intentional no-connect,1,unconnected-(U5-FB2-Pad4)
U5,5,,,FB_ASIC,assigned net connected in native DRC,1,FB_ASIC
U5,6,,,VCC_ASIC_1V5,"assigned, routing incomplete on net",1,VCC_ASIC_1V5
U5,7,,,PGOOD_IO,assigned net connected in native DRC,1,PGOOD_IO
U5,8,,,PG_AUX,assigned net connected in native DRC,1,PG_AUX
U5,9,,,SS_ASIC,assigned net connected in native DRC,1,SS_ASIC
U6,1,,,FLASH_CS_B,assigned net connected in native DRC,1,FLASH_CS_B
U6,2,,,FLASH_DQ1,assigned net connected in native DRC,1,FLASH_DQ1
U6,3,,,FLASH_DQ2,assigned net connected in native DRC,1,FLASH_DQ2
U6,4,,,GND,"assigned, routing incomplete on net",1,GND
U6,5,,,FLASH_DQ0,assigned net connected in native DRC,1,FLASH_DQ0
U6,6,,,FLASH_SCLK,assigned net connected in native DRC,1,FLASH_SCLK
U6,7,,,FLASH_DQ3,assigned net connected in native DRC,1,FLASH_DQ3
U6,8,,,VCCAUX_1V8,"assigned, routing incomplete on net",1,VCCAUX_1V8
Y1,1,,,VCCAUX_1V8,"assigned, routing incomplete on net",1,VCCAUX_1V8
Y1,2,,,GND,"assigned, routing incomplete on net",1,GND
Y1,3,,,OSC_32M_RAW,assigned net connected in native DRC,1,OSC_32M_RAW
Y1,4,,,VCCAUX_1V8,"assigned, routing incomplete on net",1,VCCAUX_1V8
