reference,value,group,side,x_mm,y_mm,rotation_deg,footprint,mpn,role_and_limits,datasheet
C1,47u 25V X5R,power_input,Front,31.1,12.3,-90.0,Capacitor_SMD__C_1210_3225Metric,MSAST32MAB5476MPNDT1,"12V candidate: manufacturer confirms 47uF +/-20%, 25V X5R, 1210, -55 to +85C, preferred part; effective capacitance at 12V, aging, temperature, inrush and power-entry transient performance remain unqualified. Replaces incompatible 10V input capacitor.",https://ds.yuden.co.jp/TYCOMPAS/or/detail?pn=MSAST32MAB5476MPNDT1&u=M
C10,10n 50V X7R,power_aux,Front,2.125,30.46,-90.0,Capacitor_SMD__C_0603_1608Metric,TBD - manufacturer/order code not selected,Engineering draft; verify ordered part and layout before fabrication,https://docs.amd.com/api/khub/documents/6L8DUUei7ZCE78qwQafC3A/content
C100,100n,Boot flash,Back,23.05,4.3,90.0,Capacitor_SMD__C_0402_1005Metric,TBD_0402_X7R_16V_100n,Specified capacitance/package; final vendor MPN pending; At U6 pin8/4,
C101,1u,Boot flash,Back,24.3,4.3,90.0,Capacitor_SMD__C_0402_1005Metric,TBD_0402_X7R_16V_1u,Specified capacitance/package; final vendor MPN pending; Local bulk at flash,
C102,10n,Reference clock,Front,1.96,10.250001,90.0,Capacitor_SMD__C_0402_1005Metric,TBD_0402_X7R_16V_10n,Specified capacitance/package; final vendor MPN pending; Abracon recommended bypass at Y1 pins4/2,
C103,100n,Reference clock,Front,1.96,12.500001,90.0,Capacitor_SMD__C_0402_1005Metric,TBD_0402_X7R_16V_100n,Specified capacitance/package; final vendor MPN pending; Additional local oscillator bypass,
C11,22u 25V X5R,power_cfg,Front,5.125,22.435,0.0,Capacitor_SMD__C_1206_3216Metric,MSAST31LBB5226MTNA01,12 V design: 22 uF 25 V X5R 1206 correction. Manufacturer typical bias curve gives 6.62332 uF at 12.6 V; 0.8 tolerance and 0.85 temperature screening factors give 4.5038576 uF before aging. Local placement checked; routing integration pending in this separate revision. Typical curves are not guaranteed production minima.,https://ds.yuden.co.jp/TYCOMPAS/or/detail?pn=MSAST31LBB5226MTNA01&u=M
C12,100n 100V X7R,power_cfg,Front,1.975,22.285,-90.0,Capacitor_SMD__C_0603_1608Metric,GRM188R72A104KA35D,"12V candidate: manufacturer confirms 100nF +/-10%, 100V X7R, 0603, -55 to +125C and D packing suffix. Input bypass only; this voltage rating does not protect the 17V-rated converter input from cable transients.",https://www.murata.com/products/productdetail?partno=GRM188R72A104KA35%23
C13,22u 16V X5R,power_cfg,Front,8.625,15.235,-90.0,Capacitor_SMD__C_0805_2012Metric,EMK212BBJ226MG-T,"Engineering draft; verify ordered part and layout before fabrication Independent review: X5R, rated -55 to +85 C; manufacturer renamed alias MSASE21GBB5226MTNA01; effective capacitance and sourcing not qualified.",https://ds-origin.yuden.co.jp/TYCOMPAS/eu/detail?pn=MSASE21GBB5226MTNA01&u=M
C14,10n 50V X7R,power_cfg,Front,2.125,19.21,-90.0,Capacitor_SMD__C_0603_1608Metric,TBD - manufacturer/order code not selected,Engineering draft; verify ordered part and layout before fabrication,https://docs.amd.com/api/khub/documents/6L8DUUei7ZCE78qwQafC3A/content
C15,22u 25V X5R,power_asic,Back,5.579999,12.1,180.0,Capacitor_SMD__C_1206_3216Metric,MSAST31LBB5226MTNA01,12 V design: 22 uF 25 V X5R 1206 correction. Manufacturer typical bias curve gives 6.62332 uF at 12.6 V; 0.8 tolerance and 0.85 temperature screening factors give 4.5038576 uF before aging. Local placement checked; routing integration pending in this separate revision. Typical curves are not guaranteed production minima.,https://ds.yuden.co.jp/TYCOMPAS/or/detail?pn=MSAST31LBB5226MTNA01&u=M
C16,100n 100V X7R,power_asic,Back,8.729999,11.95,-90.0,Capacitor_SMD__C_0603_1608Metric,GRM188R72A104KA35D,"12V candidate: manufacturer confirms 100nF +/-10%, 100V X7R, 0603, -55 to +125C and D packing suffix. Input bypass only; this voltage rating does not protect the 17V-rated converter input from cable transients.",https://www.murata.com/products/productdetail?partno=GRM188R72A104KA35%23
C17,22u 16V X5R,power_asic,Back,2.079999,4.9,-90.0,Capacitor_SMD__C_0805_2012Metric,EMK212BBJ226MG-T,"Engineering draft; verify ordered part and layout before fabrication Independent review: X5R, rated -55 to +85 C; manufacturer renamed alias MSASE21GBB5226MTNA01; effective capacitance and sourcing not qualified.",https://ds-origin.yuden.co.jp/TYCOMPAS/eu/detail?pn=MSASE21GBB5226MTNA01&u=M
C18,10n 50V X7R,power_asic,Back,8.579999,8.875,-90.0,Capacitor_SMD__C_0603_1608Metric,TBD - manufacturer/order code not selected,Engineering draft; verify ordered part and layout before fabrication,https://docs.amd.com/api/khub/documents/6L8DUUei7ZCE78qwQafC3A/content
C2,100n 100V X7R,power_input,Front,30.73,15.48,0.0,Capacitor_SMD__C_0603_1608Metric,GRM188R72A104KA35D,"12V candidate: manufacturer confirms 100nF +/-10%, 100V X7R, 0603, -55 to +125C and D packing suffix. Input bypass only; this voltage rating does not protect the 17V-rated converter input from cable transients.",https://www.murata.com/products/productdetail?partno=GRM188R72A104KA35%23
C20,330u 2.5V polymer ESR25m,decoupling_core,Back,13.7,32.15,0.0,Capacitor_Tantalum_SMD__CP_EIA-7343-20_Kemet-V,T520V337M2R5ATE025,Engineering draft; verify ordered part and layout before fabrication,https://docs.amd.com/api/khub/documents/6L8DUUei7ZCE78qwQafC3A/content
C21,100u 6.3V X5R,decoupling_bram,Back,24.85,7.8,-90.0,Capacitor_SMD__C_1210_3225Metric,GRM32ER60J107ME20L,Engineering draft; verify ordered part and layout before fabrication Lifecycle review: manufacturer family listed NRND; confirm availability or qualify an alternate before release.,https://docs.amd.com/api/khub/documents/6L8DUUei7ZCE78qwQafC3A/content
C22,4.7u 10V X7R,decoupling_core,Back,11.15,20.0,90.0,Capacitor_SMD__C_0805_2012Metric,GRM21BR71A475KA73L,Engineering draft; verify ordered part and layout before fabrication Reel suffix selected for draft BOM; availability and fitted performance not qualified.,https://docs.amd.com/api/khub/documents/6L8DUUei7ZCE78qwQafC3A/content
C23,4.7u 10V X7R,decoupling_core,Back,16.0,27.2,0.0,Capacitor_SMD__C_0805_2012Metric,GRM21BR71A475KA73L,Engineering draft; verify ordered part and layout before fabrication Reel suffix selected for draft BOM; availability and fitted performance not qualified.,https://docs.amd.com/api/khub/documents/6L8DUUei7ZCE78qwQafC3A/content
C24,4.7u 10V X7R,decoupling_core,Back,28.7,19.95,0.0,Capacitor_SMD__C_0805_2012Metric,GRM21BR71A475KA73L,Engineering draft; verify ordered part and layout before fabrication Reel suffix selected for draft BOM; availability and fitted performance not qualified.,https://docs.amd.com/api/khub/documents/6L8DUUei7ZCE78qwQafC3A/content
C25,4.7u 10V X7R,decoupling_core,Back,20.05,28.65,0.0,Capacitor_SMD__C_0805_2012Metric,GRM21BR71A475KA73L,Engineering draft; verify ordered part and layout before fabrication Reel suffix selected for draft BOM; availability and fitted performance not qualified.,https://docs.amd.com/api/khub/documents/6L8DUUei7ZCE78qwQafC3A/content
C26,4.7u 10V X7R,decoupling_core,Back,13.75,10.6,0.0,Capacitor_SMD__C_0805_2012Metric,GRM21BR71A475KA73L,Engineering draft; verify ordered part and layout before fabrication Reel suffix selected for draft BOM; availability and fitted performance not qualified.,https://docs.amd.com/api/khub/documents/6L8DUUei7ZCE78qwQafC3A/content
C27,4.7u 10V X7R,decoupling_core,Back,23.8,27.4,90.0,Capacitor_SMD__C_0805_2012Metric,GRM21BR71A475KA73L,Engineering draft; verify ordered part and layout before fabrication Reel suffix selected for draft BOM; availability and fitted performance not qualified.,https://docs.amd.com/api/khub/documents/6L8DUUei7ZCE78qwQafC3A/content
C28,470n 6.3V X7R,decoupling_core,Back,18.0,21.3,90.0,Capacitor_SMD__C_0603_1608Metric,GRM188R70J474KA01D,Engineering draft; verify ordered part and layout before fabrication Reel suffix selected for draft BOM; availability and fitted performance not qualified.,https://docs.amd.com/api/khub/documents/6L8DUUei7ZCE78qwQafC3A/content
C29,470n 6.3V X7R,decoupling_core,Back,16.95,18.1,90.0,Capacitor_SMD__C_0603_1608Metric,GRM188R70J474KA01D,Engineering draft; verify ordered part and layout before fabrication Reel suffix selected for draft BOM; availability and fitted performance not qualified.,https://docs.amd.com/api/khub/documents/6L8DUUei7ZCE78qwQafC3A/content
C3,22u 25V X5R,power_core,Back,4.505,25.529999,180.0,Capacitor_SMD__C_1206_3216Metric,MSAST31LBB5226MTNA01,12 V design: 22 uF 25 V X5R 1206 correction. Manufacturer typical bias curve gives 6.62332 uF at 12.6 V; 0.8 tolerance and 0.85 temperature screening factors give 4.5038576 uF before aging. Local placement checked; routing integration pending in this separate revision. Typical curves are not guaranteed production minima.,https://ds.yuden.co.jp/TYCOMPAS/or/detail?pn=MSAST31LBB5226MTNA01&u=M
C30,470n 6.3V X7R,decoupling_core,Back,21.6,22.95,0.0,Capacitor_SMD__C_0603_1608Metric,GRM188R70J474KA01D,Engineering draft; verify ordered part and layout before fabrication Reel suffix selected for draft BOM; availability and fitted performance not qualified.,https://docs.amd.com/api/khub/documents/6L8DUUei7ZCE78qwQafC3A/content
C31,470n 6.3V X7R,decoupling_core,Back,17.7,14.1,90.0,Capacitor_SMD__C_0603_1608Metric,GRM188R70J474KA01D,Engineering draft; verify ordered part and layout before fabrication Reel suffix selected for draft BOM; availability and fitted performance not qualified.,https://docs.amd.com/api/khub/documents/6L8DUUei7ZCE78qwQafC3A/content
C32,470n 6.3V X7R,decoupling_core,Back,16.3,21.3,90.0,Capacitor_SMD__C_0603_1608Metric,GRM188R70J474KA01D,Engineering draft; verify ordered part and layout before fabrication Reel suffix selected for draft BOM; availability and fitted performance not qualified.,https://docs.amd.com/api/khub/documents/6L8DUUei7ZCE78qwQafC3A/content
C33,470n 6.3V X7R,decoupling_core,Back,16.0,14.85,90.0,Capacitor_SMD__C_0603_1608Metric,GRM188R70J474KA01D,Engineering draft; verify ordered part and layout before fabrication Reel suffix selected for draft BOM; availability and fitted performance not qualified.,https://docs.amd.com/api/khub/documents/6L8DUUei7ZCE78qwQafC3A/content
C34,470n 6.3V X7R,decoupling_core,Back,15.25,18.05,90.0,Capacitor_SMD__C_0603_1608Metric,GRM188R70J474KA01D,Engineering draft; verify ordered part and layout before fabrication Reel suffix selected for draft BOM; availability and fitted performance not qualified.,https://docs.amd.com/api/khub/documents/6L8DUUei7ZCE78qwQafC3A/content
C35,470n 6.3V X7R,decoupling_core,Back,23.9,22.0,90.0,Capacitor_SMD__C_0603_1608Metric,GRM188R70J474KA01D,Engineering draft; verify ordered part and layout before fabrication Reel suffix selected for draft BOM; availability and fitted performance not qualified.,https://docs.amd.com/api/khub/documents/6L8DUUei7ZCE78qwQafC3A/content
C36,470n 6.3V X7R,decoupling_bram,Back,22.15,17.2,90.0,Capacitor_SMD__C_0603_1608Metric,GRM188R70J474KA01D,Engineering draft; verify ordered part and layout before fabrication Reel suffix selected for draft BOM; availability and fitted performance not qualified.,https://docs.amd.com/api/khub/documents/6L8DUUei7ZCE78qwQafC3A/content
C37,470n 6.3V X7R,decoupling_bram,Back,20.4,13.45,0.0,Capacitor_SMD__C_0603_1608Metric,GRM188R70J474KA01D,Engineering draft; verify ordered part and layout before fabrication Reel suffix selected for draft BOM; availability and fitted performance not qualified.,https://docs.amd.com/api/khub/documents/6L8DUUei7ZCE78qwQafC3A/content
C4,100n 100V X7R,power_core,Back,5.405,27.529999,180.0,Capacitor_SMD__C_0603_1608Metric,GRM188R72A104KA35D,"12V candidate: manufacturer confirms 100nF +/-10%, 100V X7R, 0603, -55 to +125C and D packing suffix. Input bypass only; this voltage rating does not protect the 17V-rated converter input from cable transients.",https://www.murata.com/products/productdetail?partno=GRM188R72A104KA35%23
C40,47u 6.3V X7R,decoupling_aux,Back,30.3,6.1,0.0,Capacitor_SMD__C_1210_3225Metric,GRM32ER70J476ME20L,Engineering draft; verify ordered part and layout before fabrication,https://docs.amd.com/api/khub/documents/6L8DUUei7ZCE78qwQafC3A/content
C41,4.7u 10V X7R,decoupling_aux,Back,21.5,25.65,90.0,Capacitor_SMD__C_0805_2012Metric,GRM21BR71A475KA73L,Engineering draft; verify ordered part and layout before fabrication Reel suffix selected for draft BOM; availability and fitted performance not qualified.,https://docs.amd.com/api/khub/documents/6L8DUUei7ZCE78qwQafC3A/content
C42,4.7u 10V X7R,decoupling_aux,Back,28.5,14.4,90.0,Capacitor_SMD__C_0805_2012Metric,GRM21BR71A475KA73L,Engineering draft; verify ordered part and layout before fabrication Reel suffix selected for draft BOM; availability and fitted performance not qualified.,https://docs.amd.com/api/khub/documents/6L8DUUei7ZCE78qwQafC3A/content
C43,470n 6.3V X7R,decoupling_aux,Back,22.0,20.5,90.0,Capacitor_SMD__C_0603_1608Metric,GRM188R70J474KA01D,Engineering draft; verify ordered part and layout before fabrication Reel suffix selected for draft BOM; availability and fitted performance not qualified.,https://docs.amd.com/api/khub/documents/6L8DUUei7ZCE78qwQafC3A/content
C44,470n 6.3V X7R,decoupling_aux,Back,24.0,18.8,90.0,Capacitor_SMD__C_0603_1608Metric,GRM188R70J474KA01D,Engineering draft; verify ordered part and layout before fabrication Reel suffix selected for draft BOM; availability and fitted performance not qualified.,https://docs.amd.com/api/khub/documents/6L8DUUei7ZCE78qwQafC3A/content
C45,470n 6.3V X7R,decoupling_aux,Back,20.25,20.5,90.0,Capacitor_SMD__C_0603_1608Metric,GRM188R70J474KA01D,Engineering draft; verify ordered part and layout before fabrication Reel suffix selected for draft BOM; availability and fitted performance not qualified.,https://docs.amd.com/api/khub/documents/6L8DUUei7ZCE78qwQafC3A/content
C46,470n 6.3V X7R,decoupling_aux,Back,24.75,15.55,90.0,Capacitor_SMD__C_0603_1608Metric,GRM188R70J474KA01D,Engineering draft; verify ordered part and layout before fabrication Reel suffix selected for draft BOM; availability and fitted performance not qualified.,https://docs.amd.com/api/khub/documents/6L8DUUei7ZCE78qwQafC3A/content
C5,22u 16V X5R,power_core,Back,2.38,18.329999,-90.0,Capacitor_SMD__C_0805_2012Metric,EMK212BBJ226MG-T,"Engineering draft; verify ordered part and layout before fabrication Independent review: X5R, rated -55 to +85 C; manufacturer renamed alias MSASE21GBB5226MTNA01; effective capacitance and sourcing not qualified.",https://ds-origin.yuden.co.jp/TYCOMPAS/eu/detail?pn=MSASE21GBB5226MTNA01&u=M
C50,47u 6.3V X7R,decoupling_bank0,Back,20.85,31.65,0.0,Capacitor_SMD__C_1210_3225Metric,GRM32ER70J476ME20L,Engineering draft; verify ordered part and layout before fabrication,https://docs.amd.com/api/khub/documents/6L8DUUei7ZCE78qwQafC3A/content
C51,4.7u 10V X7R,decoupling_bank14,Back,28.75,25.2,90.0,Capacitor_SMD__C_0805_2012Metric,GRM21BR71A475KA73L,Engineering draft; verify ordered part and layout before fabrication Reel suffix selected for draft BOM; availability and fitted performance not qualified.,https://docs.amd.com/api/khub/documents/6L8DUUei7ZCE78qwQafC3A/content
C52,4.7u 10V X7R,decoupling_bank14,Back,26.75,28.2,0.0,Capacitor_SMD__C_0805_2012Metric,GRM21BR71A475KA73L,Engineering draft; verify ordered part and layout before fabrication Reel suffix selected for draft BOM; availability and fitted performance not qualified.,https://docs.amd.com/api/khub/documents/6L8DUUei7ZCE78qwQafC3A/content
C53,470n 6.3V X7R,decoupling_bank14,Back,26.8,25.3,90.0,Capacitor_SMD__C_0603_1608Metric,GRM188R70J474KA01D,Engineering draft; verify ordered part and layout before fabrication Reel suffix selected for draft BOM; availability and fitted performance not qualified.,https://docs.amd.com/api/khub/documents/6L8DUUei7ZCE78qwQafC3A/content
C54,470n 6.3V X7R,decoupling_bank14,Back,26.0,19.7,90.0,Capacitor_SMD__C_0603_1608Metric,GRM188R70J474KA01D,Engineering draft; verify ordered part and layout before fabrication Reel suffix selected for draft BOM; availability and fitted performance not qualified.,https://docs.amd.com/api/khub/documents/6L8DUUei7ZCE78qwQafC3A/content
C55,470n 6.3V X7R,decoupling_bank14,Back,24.25,24.7,0.0,Capacitor_SMD__C_0603_1608Metric,GRM188R70J474KA01D,Engineering draft; verify ordered part and layout before fabrication Reel suffix selected for draft BOM; availability and fitted performance not qualified.,https://docs.amd.com/api/khub/documents/6L8DUUei7ZCE78qwQafC3A/content
C56,470n 6.3V X7R,decoupling_bank14,Back,26.4,22.25,0.0,Capacitor_SMD__C_0603_1608Metric,GRM188R70J474KA01D,Engineering draft; verify ordered part and layout before fabrication Reel suffix selected for draft BOM; availability and fitted performance not qualified.,https://docs.amd.com/api/khub/documents/6L8DUUei7ZCE78qwQafC3A/content
C57,4.7u 10V X7R,decoupling_bank16,Back,20.65,8.0,0.0,Capacitor_SMD__C_0805_2012Metric,GRM21BR71A475KA73L,Engineering draft; verify ordered part and layout before fabrication Reel suffix selected for draft BOM; availability and fitted performance not qualified.,https://docs.amd.com/api/khub/documents/6L8DUUei7ZCE78qwQafC3A/content
C58,4.7u 10V X7R,decoupling_bank16,Back,16.9,8.0,0.0,Capacitor_SMD__C_0805_2012Metric,GRM21BR71A475KA73L,Engineering draft; verify ordered part and layout before fabrication Reel suffix selected for draft BOM; availability and fitted performance not qualified.,https://docs.amd.com/api/khub/documents/6L8DUUei7ZCE78qwQafC3A/content
C59,470n 6.3V X7R,decoupling_bank16,Back,20.65,11.75,0.0,Capacitor_SMD__C_0603_1608Metric,GRM188R70J474KA01D,Engineering draft; verify ordered part and layout before fabrication Reel suffix selected for draft BOM; availability and fitted performance not qualified.,https://docs.amd.com/api/khub/documents/6L8DUUei7ZCE78qwQafC3A/content
C6,10n 50V X7R,power_core,Back,8.88,22.304999,-90.0,Capacitor_SMD__C_0603_1608Metric,TBD - manufacturer/order code not selected,Engineering draft; verify ordered part and layout before fabrication,https://docs.amd.com/api/khub/documents/6L8DUUei7ZCE78qwQafC3A/content
C60,470n 6.3V X7R,decoupling_bank16,Back,20.65,10.0,0.0,Capacitor_SMD__C_0603_1608Metric,GRM188R70J474KA01D,Engineering draft; verify ordered part and layout before fabrication Reel suffix selected for draft BOM; availability and fitted performance not qualified.,https://docs.amd.com/api/khub/documents/6L8DUUei7ZCE78qwQafC3A/content
C61,470n 6.3V X7R,decoupling_bank16,Back,23.15,12.25,90.0,Capacitor_SMD__C_0603_1608Metric,GRM188R70J474KA01D,Engineering draft; verify ordered part and layout before fabrication Reel suffix selected for draft BOM; availability and fitted performance not qualified.,https://docs.amd.com/api/khub/documents/6L8DUUei7ZCE78qwQafC3A/content
C62,470n 6.3V X7R,decoupling_bank16,Back,18.15,10.75,90.0,Capacitor_SMD__C_0603_1608Metric,GRM188R70J474KA01D,Engineering draft; verify ordered part and layout before fabrication Reel suffix selected for draft BOM; availability and fitted performance not qualified.,https://docs.amd.com/api/khub/documents/6L8DUUei7ZCE78qwQafC3A/content
C63,47u 6.3V X7R,decoupling_cfg_bulk,Back,30.3,31.1,0.0,Capacitor_SMD__C_1210_3225Metric,GRM32ER70J476ME20L,Engineering draft; verify ordered part and layout before fabrication,https://docs.amd.com/api/khub/documents/6L8DUUei7ZCE78qwQafC3A/content
C64,4.7u 10V X7R,decoupling_bank15,Back,30.73,11.199999,90.0,Capacitor_SMD__C_0805_2012Metric,GRM21BR71A475KA73L,Engineering draft; verify ordered part and layout before fabrication Reel suffix selected for draft BOM; availability and fitted performance not qualified.,https://docs.amd.com/api/khub/documents/6L8DUUei7ZCE78qwQafC3A/content
C65,4.7u 10V X7R,decoupling_bank15,Back,30.65,17.5,0.0,Capacitor_SMD__C_0805_2012Metric,GRM21BR71A475KA73L,Engineering draft; verify ordered part and layout before fabrication Reel suffix selected for draft BOM; availability and fitted performance not qualified.,https://docs.amd.com/api/khub/documents/6L8DUUei7ZCE78qwQafC3A/content
C66,470n 6.3V X7R,decoupling_bank15,Back,26.0,11.7,0.0,Capacitor_SMD__C_0603_1608Metric,GRM188R70J474KA01D,Engineering draft; verify ordered part and layout before fabrication Reel suffix selected for draft BOM; availability and fitted performance not qualified.,https://docs.amd.com/api/khub/documents/6L8DUUei7ZCE78qwQafC3A/content
C67,470n 6.3V X7R,decoupling_bank15,Back,27.2,17.1,0.0,Capacitor_SMD__C_0603_1608Metric,GRM188R70J474KA01D,Engineering draft; verify ordered part and layout before fabrication Reel suffix selected for draft BOM; availability and fitted performance not qualified.,https://docs.amd.com/api/khub/documents/6L8DUUei7ZCE78qwQafC3A/content
C68,470n 6.3V X7R,decoupling_bank15,Back,26.45,14.35,90.0,Capacitor_SMD__C_0603_1608Metric,GRM188R70J474KA01D,Engineering draft; verify ordered part and layout before fabrication Reel suffix selected for draft BOM; availability and fitted performance not qualified.,https://docs.amd.com/api/khub/documents/6L8DUUei7ZCE78qwQafC3A/content
C69,470n 6.3V X7R,decoupling_bank15,Back,28.48,10.98,90.0,Capacitor_SMD__C_0603_1608Metric,GRM188R70J474KA01D,Engineering draft; verify ordered part and layout before fabrication Reel suffix selected for draft BOM; availability and fitted performance not qualified.,https://docs.amd.com/api/khub/documents/6L8DUUei7ZCE78qwQafC3A/content
C7,22u 25V X5R,power_aux,Front,5.125,33.684999,0.0,Capacitor_SMD__C_1206_3216Metric,MSAST31LBB5226MTNA01,12 V design: 22 uF 25 V X5R 1206 correction. Manufacturer typical bias curve gives 6.62332 uF at 12.6 V; 0.8 tolerance and 0.85 temperature screening factors give 4.5038576 uF before aging. Local placement checked; routing integration pending in this separate revision. Typical curves are not guaranteed production minima.,https://ds.yuden.co.jp/TYCOMPAS/or/detail?pn=MSAST31LBB5226MTNA01&u=M
C70,4.7u 10V X7R,decoupling_bank34,Back,12.05,24.05,90.0,Capacitor_SMD__C_0805_2012Metric,GRM21BR71A475KA73L,Engineering draft; verify ordered part and layout before fabrication Reel suffix selected for draft BOM; availability and fitted performance not qualified.,https://docs.amd.com/api/khub/documents/6L8DUUei7ZCE78qwQafC3A/content
C71,4.7u 10V X7R,decoupling_bank34,Back,12.3,27.05,0.0,Capacitor_SMD__C_0805_2012Metric,GRM21BR71A475KA73L,Engineering draft; verify ordered part and layout before fabrication Reel suffix selected for draft BOM; availability and fitted performance not qualified.,https://docs.amd.com/api/khub/documents/6L8DUUei7ZCE78qwQafC3A/content
C72,470n 6.3V X7R,decoupling_bank34,Back,18.8,25.3,90.0,Capacitor_SMD__C_0603_1608Metric,GRM188R70J474KA01D,Engineering draft; verify ordered part and layout before fabrication Reel suffix selected for draft BOM; availability and fitted performance not qualified.,https://docs.amd.com/api/khub/documents/6L8DUUei7ZCE78qwQafC3A/content
C73,470n 6.3V X7R,decoupling_bank34,Back,14.0,23.7,90.0,Capacitor_SMD__C_0603_1608Metric,GRM188R70J474KA01D,Engineering draft; verify ordered part and layout before fabrication Reel suffix selected for draft BOM; availability and fitted performance not qualified.,https://docs.amd.com/api/khub/documents/6L8DUUei7ZCE78qwQafC3A/content
C74,470n 6.3V X7R,decoupling_bank34,Back,16.399999,24.5,90.0,Capacitor_SMD__C_0603_1608Metric,GRM188R70J474KA01D,Engineering draft; verify ordered part and layout before fabrication Reel suffix selected for draft BOM; availability and fitted performance not qualified.,https://docs.amd.com/api/khub/documents/6L8DUUei7ZCE78qwQafC3A/content
C75,470n 6.3V X7R,decoupling_bank34,Back,13.85,21.15,0.0,Capacitor_SMD__C_0603_1608Metric,GRM188R70J474KA01D,Engineering draft; verify ordered part and layout before fabrication Reel suffix selected for draft BOM; availability and fitted performance not qualified.,https://docs.amd.com/api/khub/documents/6L8DUUei7ZCE78qwQafC3A/content
C76,4.7u 10V X7R,decoupling_bank35,Back,10.55,16.3,90.0,Capacitor_SMD__C_0805_2012Metric,GRM21BR71A475KA73L,Engineering draft; verify ordered part and layout before fabrication Reel suffix selected for draft BOM; availability and fitted performance not qualified.,https://docs.amd.com/api/khub/documents/6L8DUUei7ZCE78qwQafC3A/content
C77,4.7u 10V X7R,decoupling_bank35,Back,10.55,12.55,90.0,Capacitor_SMD__C_0805_2012Metric,GRM21BR71A475KA73L,Engineering draft; verify ordered part and layout before fabrication Reel suffix selected for draft BOM; availability and fitted performance not qualified.,https://docs.amd.com/api/khub/documents/6L8DUUei7ZCE78qwQafC3A/content
C78,470n 6.3V X7R,decoupling_bank35,Back,13.2,18.1,90.0,Capacitor_SMD__C_0603_1608Metric,GRM188R70J474KA01D,Engineering draft; verify ordered part and layout before fabrication Reel suffix selected for draft BOM; availability and fitted performance not qualified.,https://docs.amd.com/api/khub/documents/6L8DUUei7ZCE78qwQafC3A/content
C79,470n 6.3V X7R,decoupling_bank35,Back,14.3,13.3,90.0,Capacitor_SMD__C_0603_1608Metric,GRM188R70J474KA01D,Engineering draft; verify ordered part and layout before fabrication Reel suffix selected for draft BOM; availability and fitted performance not qualified.,https://docs.amd.com/api/khub/documents/6L8DUUei7ZCE78qwQafC3A/content
C8,100n 100V X7R,power_aux,Front,1.975,33.534999,-90.0,Capacitor_SMD__C_0603_1608Metric,GRM188R72A104KA35D,"12V candidate: manufacturer confirms 100nF +/-10%, 100V X7R, 0603, -55 to +125C and D packing suffix. Input bypass only; this voltage rating does not protect the 17V-rated converter input from cable transients.",https://www.murata.com/products/productdetail?partno=GRM188R72A104KA35%23
C80,470n 6.3V X7R,decoupling_bank35,Back,12.55,14.8,90.0,Capacitor_SMD__C_0603_1608Metric,GRM188R70J474KA01D,Engineering draft; verify ordered part and layout before fabrication Reel suffix selected for draft BOM; availability and fitted performance not qualified.,https://docs.amd.com/api/khub/documents/6L8DUUei7ZCE78qwQafC3A/content
C81,470n 6.3V X7R,decoupling_bank35,Back,16.45,10.85,90.0,Capacitor_SMD__C_0603_1608Metric,GRM188R70J474KA01D,Engineering draft; verify ordered part and layout before fabrication Reel suffix selected for draft BOM; availability and fitted performance not qualified.,https://docs.amd.com/api/khub/documents/6L8DUUei7ZCE78qwQafC3A/content
C82,47u 6.3V X7R,decoupling_asic_bulk,Front,31.100001,24.55,90.0,Capacitor_SMD__C_1210_3225Metric,GRM32ER70J476ME20L,Engineering draft; verify ordered part and layout before fabrication,https://docs.amd.com/api/khub/documents/6L8DUUei7ZCE78qwQafC3A/content
C9,22u 16V X5R,power_aux,Front,8.625,26.485,-90.0,Capacitor_SMD__C_0805_2012Metric,EMK212BBJ226MG-T,"Engineering draft; verify ordered part and layout before fabrication Independent review: X5R, rated -55 to +85 C; manufacturer renamed alias MSASE21GBB5226MTNA01; effective capacitance and sourcing not qualified.",https://ds-origin.yuden.co.jp/TYCOMPAS/eu/detail?pn=MSASE21GBB5226MTNA01&u=M
C90,100n 16V X7R,decoupling_xadc,Back,20.4,17.3,90.0,Capacitor_SMD__C_0603_1608Metric,TBD - manufacturer/order code not selected,Engineering draft; verify ordered part and layout before fabrication,https://docs.amd.com/api/khub/documents/6L8DUUei7ZCE78qwQafC3A/content
C91,1u 10V X7R,decoupling_xadc,Back,18.65,17.3,90.0,Capacitor_SMD__C_0603_1608Metric,TBD - manufacturer/order code not selected,Engineering draft; verify ordered part and layout before fabrication,https://docs.amd.com/api/khub/documents/6L8DUUei7ZCE78qwQafC3A/content
C92,47u 6.3V X7R,decoupling_bank14_bulk,Back,25.55,32.5,90.0,Capacitor_SMD__C_1210_3225Metric,GRM32ER70J476ME20L,Essential47uF group bulk for bank14 after bank14 and16 split to different supply voltages. Nominal AMD ledger allocation; effective capacitance and PDN qualification pending.,https://docs.amd.com/api/khub/documents/6L8DUUei7ZCE78qwQafC3A/content
J4,CUSTOM POWER + JTAG / DATA TBD,Custom shared cable / power and JTAG,Front,31.2,5.5,90.0,LinkPort__MicroHDMI_46765_1xxx,Molex46765 family; exact order code pending,CustomType-D wiring;12V input proposal requires qualified source/cable. Four differential pairs left open; not HDMI compatible. No local debug connector.,https://www.molex.com/content/dam/molex/molex-dot-com/products/automated/en-us/productspecificationpdf/467/46765/PS-46765-003-001.pdf
J5,QSH-030-01-L-D-A,ASIC mezzanine,Front,14.2,4.5,0.0,Samtec_QSH-030-01-L-D-A,QSH-030-01-L-D-A,117 logical contacts proposed; 120 numbered contacts unassigned pending validated ASIC map,https://suddendocs.samtec.com/prints/qsh-xxx-01-x-d-xx-footprint.pdf
J6,QSH-030-01-L-D-A,ASIC mezzanine,Front,21.5,31.5,0.0,Samtec_QSH-030-01-L-D-A,QSH-030-01-L-D-A,117 logical contacts proposed; 120 numbered contacts unassigned pending validated ASIC map,https://suddendocs.samtec.com/prints/qsh-xxx-01-x-d-xx-footprint.pdf
L1,1uH 5.4A Isat30%,power_core,Back,5.88,18.329999,90.0,PowerDraft__L_Coilcraft_XFL4020,XFL4020-102MEC,Engineering draft; verify ordered part and layout before fabrication,https://www.coilcraft.com/getmedia/50632d43-da1b-4cdb-8ab4-3029cab51df3/xfl4020.pdf
L2,1uH 5.4A Isat30%,power_aux,Front,5.125,26.485,90.0,PowerDraft__L_Coilcraft_XFL4020,XFL4020-102MEC,Engineering draft; verify ordered part and layout before fabrication,https://www.coilcraft.com/getmedia/50632d43-da1b-4cdb-8ab4-3029cab51df3/xfl4020.pdf
L3,1uH 5.4A Isat30%,power_cfg,Front,5.125,15.235,90.0,PowerDraft__L_Coilcraft_XFL4020,XFL4020-102MEC,Engineering draft; verify ordered part and layout before fabrication,https://www.coilcraft.com/getmedia/50632d43-da1b-4cdb-8ab4-3029cab51df3/xfl4020.pdf
L4,1uH 5.4A Isat30%,power_asic,Back,5.579999,4.9,90.0,PowerDraft__L_Coilcraft_XFL4020,XFL4020-102MEC,Engineering draft; verify ordered part and layout before fabrication,https://www.coilcraft.com/getmedia/50632d43-da1b-4cdb-8ab4-3029cab51df3/xfl4020.pdf
R1,32.4k 0.1%,power_core,Back,3.08,22.779999,-90.0,Resistor_SMD__R_0603_1608Metric,TBD - manufacturer/order code not selected,Engineering draft; verify ordered part and layout before fabrication,
R10,100k,power_core,Back,1.98,27.529999,180.0,Resistor_SMD__R_0603_1608Metric,TBD - manufacturer/order code not selected,Engineering draft; verify ordered part and layout before fabrication,
R100,2.4k,Boot flash,Back,13.8,7.55,0.0,Resistor_SMD__R_0402_1005Metric,TBD_0402_1pct_2.4k,Specified resistance/package; final vendor MPN pending; CS pull-up,https://docs.amd.com/v/u/en-US/ug470_7Series_Config
R101,4.7k,Boot flash,Back,12.05,2.3,90.0,Resistor_SMD__R_0402_1005Metric,TBD_0402_1pct_4.7k,Specified resistance/package; final vendor MPN pending; WP#/DQ2 pull-up,https://docs.amd.com/v/u/en-US/ug470_7Series_Config
R102,4.7k,Boot flash,Back,23.05,2.049999,90.0,Resistor_SMD__R_0402_1005Metric,TBD_0402_1pct_4.7k,Specified resistance/package; final vendor MPN pending; RESET#/DQ3 pull-up,https://docs.amd.com/v/u/en-US/ug470_7Series_Config
R103,33,Boot flash,Back,19.6,14.9,0.0,Resistor_SMD__R_0402_1005Metric,TBD_0402_1pct_33,Specified resistance/package; final vendor MPN pending; Source at FPGA; SI tuning required,https://docs.amd.com/v/u/en-US/ug470_7Series_Config
R104,0,Boot flash,Back,13.8,8.8,0.0,Resistor_SMD__R_0402_1005Metric,TBD_0402_1pct_0,Specified resistance/package; final vendor MPN pending; Series tuning provision,https://docs.amd.com/v/u/en-US/ug470_7Series_Config
R105,33,Boot flash,Back,12.05,4.55,90.0,Resistor_SMD__R_0402_1005Metric,TBD_0402_1pct_33,Specified resistance/package; final vendor MPN pending; Source at flash for initial x1; SI tuning required,https://docs.amd.com/v/u/en-US/ug470_7Series_Config
R106,0,Boot flash,Back,12.05,6.8,90.0,Resistor_SMD__R_0402_1005Metric,TBD_0402_1pct_0,Specified resistance/package; final vendor MPN pending; Series tuning provision,https://docs.amd.com/v/u/en-US/ug470_7Series_Config
R107,0,Boot flash,Back,10.8,3.8,90.0,Resistor_SMD__R_0402_1005Metric,TBD_0402_1pct_0,Specified resistance/package; final vendor MPN pending; Series tuning provision,https://docs.amd.com/v/u/en-US/ug470_7Series_Config
R108,4.7k,Programming JTAG,Front,31.43,19.720001,0.0,Resistor_SMD__R_0402_1005Metric,TBD_0402_1pct_4.7k,Specified resistance/package; final vendor MPN pending,https://docs.amd.com/v/u/en-US/ug470_7Series_Config
R109,4.7k,Programming JTAG,Front,20.05,9.3,0.0,Resistor_SMD__R_0402_1005Metric,TBD_0402_1pct_4.7k,Specified resistance/package; final vendor MPN pending,https://docs.amd.com/v/u/en-US/ug470_7Series_Config
R11,100k,power_aux,Front,9.025,33.685,0.0,Resistor_SMD__R_0603_1608Metric,TBD - manufacturer/order code not selected,Engineering draft; verify ordered part and layout before fabrication,
R110,4.7k,Programming JTAG,Front,31.43,21.720001,0.0,Resistor_SMD__R_0402_1005Metric,TBD_0402_1pct_4.7k,Specified resistance/package; final vendor MPN pending; DONE open-drain and DonePipe enabled; no LED directly loads DONE,https://docs.amd.com/v/u/en-US/ug470_7Series_Config
R111,1k,Programming JTAG,Front,31.43,20.720001,0.0,Resistor_SMD__R_0402_1005Metric,TBD_0402_1pct_1k,Specified resistance/package; final vendor MPN pending,https://docs.amd.com/v/u/en-US/ug470_7Series_Config
R112,1k,Programming JTAG,Front,17.8,9.3,0.0,Resistor_SMD__R_0402_1005Metric,TBD_0402_1pct_1k,Specified resistance/package; final vendor MPN pending,https://docs.amd.com/v/u/en-US/ug470_7Series_Config
R113,1k,Programming JTAG,Front,22.3,9.3,0.0,Resistor_SMD__R_0402_1005Metric,TBD_0402_1pct_1k,Specified resistance/package; final vendor MPN pending; fixed SPI001 strap; no mode jumper,https://docs.amd.com/v/u/en-US/ug470_7Series_Config
R114,1k,Programming JTAG,Front,29.970001,21.18,90.0,Resistor_SMD__R_0402_1005Metric,TBD_0402_1pct_1k,Specified resistance/package; final vendor MPN pending; Disable configuration-time user-I/O pull-ups; ball reserved,https://docs.amd.com/v/u/en-US/ug470_7Series_Config
R115,10k,Programming JTAG,Front,31.43,18.72,0.0,Resistor_SMD__R_0402_1005Metric,TBD_0402_1pct_10k,Specified resistance/package; final vendor MPN pending,https://docs.amd.com/v/u/en-US/ug470_7Series_Config
R116,10k,Programming JTAG,Front,15.55,9.3,0.0,Resistor_SMD__R_0402_1005Metric,TBD_0402_1pct_10k,Specified resistance/package; final vendor MPN pending,https://docs.amd.com/v/u/en-US/ug470_7Series_Config
R117,10k,Programming JTAG,Front,24.430001,9.469999,0.0,Resistor_SMD__R_0402_1005Metric,TBD_0402_1pct_10k,Specified resistance/package; final vendor MPN pending,https://docs.amd.com/v/u/en-US/ug470_7Series_Config
R118,33,Programming JTAG,Back,22.8,14.9,0.0,Resistor_SMD__R_0402_1005Metric,TBD_0402_1pct_33,Specified resistance/package; final vendor MPN pending; Near FPGA; additional JTAG series value below Digilent100ohm recommendation,https://docs.amd.com/v/u/en-US/ug470_7Series_Config
R119,33,Reference clock,Front,7.96,10.250001,90.0,Resistor_SMD__R_0402_1005Metric,TBD_0402_1pct_33,Specified resistance/package; final vendor MPN pending; Place next to Y1 OUT; tune after SI review,https://docs.amd.com/v/u/en-US/ug470_7Series_Config
R12,100k,power_cfg,Front,9.025,22.0,0.0,Resistor_SMD__R_0603_1608Metric,TBD - manufacturer/order code not selected,Engineering draft; verify ordered part and layout before fabrication,
R122,15m 1% 1W,power_aux_bulk_isolation,Back,5.5,30.7,0.0,Resistor_SMD__R_1206_3216Metric,WSLP1206R0150FEA,"Essential15mOhm series isolation for distributed AUX/config bulk per TI TPS62135section10.3.2. LocalC9/feedback/VOS upstream, FPGA bulk and loads downstream. At0.5A nominaldrop7.5mV,loss3.75mW.",https://www.vishay.com/docs/30122/wslp.pdf
R2,69.8k 0.1%,power_core,Back,1.53,22.779999,90.0,Resistor_SMD__R_0603_1608Metric,TBD - manufacturer/order code not selected,Engineering draft; verify ordered part and layout before fabrication,
R3,110k 0.1%,power_aux,Front,7.925,30.935,-90.0,Resistor_SMD__R_0603_1608Metric,TBD - manufacturer/order code not selected,Engineering draft; verify ordered part and layout before fabrication,
R4,69.8k 0.1%,power_aux,Front,9.475,30.935,90.0,Resistor_SMD__R_0603_1608Metric,TBD - manufacturer/order code not selected,Engineering draft; verify ordered part and layout before fabrication,
R5,180k 0.1%,power_cfg,Front,7.925,19.685,-90.0,Resistor_SMD__R_0603_1608Metric,TNPW0603180KBEEA,"Selected 180k +/-0.1%,25ppm/K,0603; U4 nominal2.50516V for bank16. Primary series ordering verified; no procurement release.",https://www.vishay.com/docs/28758/tnpw_e3.pdf
R6,69.8k 0.1%,power_cfg,Front,9.475,19.685,90.0,Resistor_SMD__R_0603_1608Metric,TBD - manufacturer/order code not selected,Engineering draft; verify ordered part and layout before fabrication,
R7,80.6k 0.1%,power_asic,Back,2.779999,9.35,-90.0,Resistor_SMD__R_0603_1608Metric,TBD - manufacturer/order code not selected,Engineering draft; verify ordered part and layout before fabrication,
R8,69.8k 0.1%,power_asic,Back,1.229999,12.015,90.0,Resistor_SMD__R_0603_1608Metric,TBD - manufacturer/order code not selected,Engineering draft; verify ordered part and layout before fabrication,
R9,15m 1% 1W,power_core,Back,5.88,14.629999,0.0,Resistor_SMD__R_1206_3216Metric,WSLP1206R0150FEA,Engineering draft; verify ordered part and layout before fabrication,https://www.vishay.com/docs/30122/wslp.pdf
U1,XC7A100T-CSG324,FPGA,Front,20.0,18.5,0.0,Xilinx_CSG324,XC7A100T — speed and temperature grade TBD,"Development revision: standard1.0Vcore grade assumed; bank0/14=1.8V,CFGBVS=GND,bank16=2.5V,banks15/34/35=1.5V.117 ASIC pinmap and link implementation still open.",https://docs.amd.com/v/u/en-US/ds181_Artix_7_Data_Sheet
U2,TPS62135RGXR,power_core,Back,5.88,22.329999,90.0,PowerDraft__Texas_VQFN_RGX0011A_2x3mm,TPS62135RGXR,Engineering draft; verify ordered part and layout before fabrication,https://www.ti.com/lit/ds/symlink/tps62135.pdf
U3,TPS62135RGXR,power_aux,Front,5.125,30.485,90.0,PowerDraft__Texas_VQFN_RGX0011A_2x3mm,TPS62135RGXR,Engineering draft; verify ordered part and layout before fabrication,https://www.ti.com/lit/ds/symlink/tps62135.pdf
U4,TPS62135RGXR,power_cfg,Front,5.125,19.235,90.0,PowerDraft__Texas_VQFN_RGX0011A_2x3mm,TPS62135RGXR,"Development revision:2.50516V bank16 LVDS_25 supply; R5=180k,R6=69.8k. Does not power configuration bank0/14.",https://www.ti.com/lit/ds/symlink/tps62135.pdf
U5,TPS62135RGXR,power_asic,Back,5.579999,8.9,90.0,PowerDraft__Texas_VQFN_RGX0011A_2x3mm,TPS62135RGXR,Engineering draft; verify ordered part and layout before fabrication,https://www.ti.com/lit/ds/symlink/tps62135.pdf
U6,MX25U12835FM2I-10G,Boot flash,Back,17.55,3.8,0.0,Package_SO__SOIC-8_5_3x5_3mm_P1_27mm,MX25U12835FM2I-10G,"1.8V128Mbit SPI NOR;200mil8-SOP,pin7RESET#/SIO3. x1 initial boot; programmer/QE/power-cycle qualification pending.","https://www.macronix.com/Lists/Datasheet/Attachments/8704/MX25U12835F,%201.8V,%20128Mb,%20v1.9.pdf"
Y1,ASE3 32MHz 1.8V,Reference clock,Front,4.96,11.000001,0.0,Oscillator__Oscillator_SMD_Abracon_ASE-4Pin_3_2x2_5mm,ASE3-32.000MHZ-L-C-T,"1.8V CMOS32MHz oscillator,1.71-1.89V supply,same3.2x2.5mm4-pad pinout. Source series33ohm retained.",https://abracon.com/Oscillators/ASE3series.pdf
