net,endpoints,unconnected_items
CFG_M0,R111.2; U1.P12,0
CFG_M1,R112.1; U1.P13,0
CFG_M2,R113.1; U1.P11,0
CFG_PUDC_B,R114.2; U1.L15,0
CLK_32MHZ,R119.2; U1.P17,0
FB_ASIC,R7.2; R8.1; U5.5,0
FB_AUX,R3.2; R4.1; U3.5,0
FB_CFG,R5.2; R6.1; U4.5,0
FB_CORE,R1.2; R2.1; U2.5,0
FLASH_CS_B,R100.2; U1.L13; U6.1,0
FLASH_DQ0,R104.2; U6.5,0
FLASH_DQ1,R105.2; U6.2,0
FLASH_DQ2,R101.2; R106.2; U6.3,0
FLASH_DQ3,R102.2; R107.2; U6.7,0
FLASH_SCLK,R103.2; U6.6,0
FPGA_CCLK,R103.1; U1.E9,0
FPGA_CFG_DQ0,R104.1; U1.K17,0
FPGA_CFG_DQ1,R105.1; U1.K18,0
FPGA_CFG_DQ2,R106.1; U1.L14,0
FPGA_CFG_DQ3,R107.1; U1.M14,0
FPGA_DONE,R110.2; U1.P10,0
FPGA_INIT_B,R109.2; U1.P7,0
FPGA_PROGRAM_B,R108.2; U1.P9,0
FPGA_TDO,R118.1; U1.E13,0
GND,C1.2; C10.2; C100.2; C101.2; C102.2; C103.2; C11.2; C12.2; C13.2; C14.2; C15.2; C16.2; C17.2; C18.2; C2.2; C20.2; C21.2; C22.2; C23.2; C24.2; C25.2; C26.2; C27.2; C28.2; C29.2; C3.2; C30.2; C31.2; C32.2; C33.2; C34.2; C35.2; C36.2; C37.2; C4.2; C40.2; C41.2; C42.2; C43.2; C44.2; C45.2; C46.2; C5.2; C50.2; C51.2; C52.2; C53.2; C54.2; C55.2; C56.2; C57.2; C58.2; C59.2; C6.2; C60.2; C61.2; C62.2; C63.2; C64.2; C65.2; C66.2; C67.2; C68.2; C69.2; C7.2; C70.2; C71.2; C72.2; C73.2; C74.2; C75.2; C76.2; C77.2; C78.2; C79.2; C8.2; C80.2; C81.2; C82.2; C9.2; C90.2; C91.2; C92.2; J4.10; J4.13; J4.16; J4.4; J4.7; J4.SH; J5.G; J6.G; R112.2; R113.2; R2.2; R4.2; R6.2; R8.2; U1.A12; U1.A2; U1.B15; U1.B5; U1.C18; U1.C8; U1.D1; U1.D11; U1.E14; U1.E4; U1.E8; U1.F11; U1.F17; U1.F7; U1.F9; U1.G10; U1.G12; U1.G8; U1.H11; U1.H13; U1.H3; U1.H7; U1.H9; U1.J10; U1.J12; U1.J16; U1.J6; U1.J8; U1.J9; U1.K10; U1.K11; U1.K7; U1.K9; U1.L12; U1.L2; U1.L8; U1.M11; U1.M15; U1.M5; U1.M7; U1.M9; U1.N10; U1.N12; U1.N18; U1.N8; U1.P1; U1.P8; U1.R14; U1.R4; U1.T17; U1.T7; U1.U10; U1.V13; U1.V3; U2.11; U2.3; U3.11; U3.3; U4.11; U4.3; U5.11; U5.3; U6.4; Y1.2,8
JTAG_TCK,J4.17; R117.2; U1.E10,0
JTAG_TDI,J4.15; R116.2; U1.E11,0
JTAG_TDO,J4.18; R118.2,0
JTAG_TMS,J4.2; R115.2; U1.E12,0
LINK_12V,C1.1; C11.1; C12.1; C15.1; C16.1; C2.1; C3.1; C4.1; C7.1; C8.1; J4.19; R10.1; R11.1; U2.1; U2.10; U2.8; U3.1; U3.10; U4.1; U4.10; U5.1; U5.10,9
OSC_32M_RAW,R119.1; Y1.3,0
PGOOD_IO,R12.2; U4.7; U5.7,0
PG_AUX,R11.2; U3.7; U4.8; U5.8,0
PG_CORE,R10.2; U2.7; U3.8,0
SS_ASIC,C18.1; U5.9,0
SS_AUX,C10.1; U3.9,0
SS_CFG,C14.1; U4.9,0
SS_CORE,C6.1; U2.9,0
SW_ASIC,L4.1; U5.2,0
SW_AUX,L2.1; U3.2,0
SW_CFG,L3.1; U4.2,0
SW_CORE,L1.1; U2.2,0
VAUX_REG_1V803,C9.1; L2.2; R122.1; R3.1; U3.6,1
VCCAUX_1V8,C100.1; C101.1; C102.1; C103.1; C40.1; C41.1; C42.1; C43.1; C44.1; C45.1; C46.1; C50.1; C51.1; C52.1; C53.1; C54.1; C55.1; C56.1; C90.1; C91.1; C92.1; J4.1; R100.1; R101.1; R102.1; R108.1; R109.1; R110.1; R111.1; R114.1; R115.1; R116.1; R117.1; R12.1; R122.2; U1.F12; U1.H10; U1.H12; U1.K12; U1.L17; U1.M12; U1.N13; U1.P16; U1.R9; U1.T12; U1.U15; U1.V18; U6.8; Y1.1; Y1.4,49
VCCINT_1V0,C20.1; C21.1; C22.1; C23.1; C24.1; C25.1; C26.1; C27.1; C28.1; C29.1; C30.1; C31.1; C32.1; C33.1; C34.1; C35.1; C36.1; C37.1; R9.2; U1.F10; U1.F8; U1.G11; U1.G7; U1.G9; U1.H8; U1.J11; U1.J7; U1.K8; U1.L11; U1.L7; U1.M10; U1.M8; U1.N11; U1.N7; U1.N9,34
VCC_ASIC_1V5,C17.1; C64.1; C65.1; C66.1; C67.1; C68.1; C69.1; C70.1; C71.1; C72.1; C73.1; C74.1; C75.1; C76.1; C77.1; C78.1; C79.1; C80.1; C81.1; C82.1; L4.2; R7.1; U1.A17; U1.A7; U1.C13; U1.C3; U1.D16; U1.D6; U1.F2; U1.G15; U1.G5; U1.H18; U1.J1; U1.K14; U1.K4; U1.N3; U1.P6; U1.T2; U1.U5; U1.V8; U5.6,37
VCC_LINK_2V5,C13.1; C57.1; C58.1; C59.1; C60.1; C61.1; C62.1; C63.1; L3.2; R5.1; U1.B10; U4.6,8
VCORE_REG_1V025,C5.1; L1.2; R1.1; R9.1; U2.6,0
