connector,contact,net,fpga_ball,fpga_ball_x_mm,fpga_ball_y_mm,ball_ring_from_outside,candidate_signal_layer,desired_connector_side,ball_side,crosses_centerline_candidate,current_connector_x_mm,current_connector_y_mm
J5,1,ASIC1_DATA1,J14,28.60,25.10,4,L6 / In5.Cu,east,east,no,30.50,8.00
J5,2,ASIC1_DATA2,J15,29.40,25.10,3,L6 / In5.Cu,east,east,no,30.50,8.00
J5,3,ASIC1_DATA3,J16,30.20,25.10,2,L3 / In2.Cu,east,east,no,30.50,8.00
J5,4,ASIC1_DATA4,K15,29.40,25.90,3,L6 / In5.Cu,east,east,no,30.50,8.00
J5,5,ASIC1_DATA5,K17,31.00,25.90,1,L3 / In2.Cu,east,east,no,30.50,8.00
J5,6,ASIC1_DATA6,K18,31.80,25.90,0,L1 / F.Cu,east,east,no,30.50,8.00
J5,7,ASIC1_DATA7,L14,28.60,26.70,4,L6 / In5.Cu,east,east,no,30.50,8.00
J5,8,ASIC1_DATA8,L18,31.80,26.70,0,L1 / F.Cu,east,east,no,30.50,8.00
J5,9,ASIC1_CLK32MHz_Out,P14,28.60,29.10,4,L6 / In5.Cu,east,east,no,30.50,8.00
J5,10,ASIC1_READ,M14,28.60,27.50,4,L6 / In5.Cu,east,east,no,30.50,8.00
J5,11,ASIC1_SYNC,M16,30.20,27.50,2,L3 / In2.Cu,east,east,no,30.50,8.00
J5,12,ASIC2_DATA1,M17,31.00,27.50,1,L3 / In2.Cu,east,east,no,30.50,8.00
J5,13,ASIC2_DATA2,N14,28.60,28.30,4,L6 / In5.Cu,east,east,no,30.50,8.00
J5,14,ASIC2_DATA3,N16,30.20,28.30,2,L3 / In2.Cu,east,east,no,30.50,8.00
J5,15,ASIC2_DATA4,N17,31.00,28.30,1,L3 / In2.Cu,east,east,no,30.50,8.00
J5,16,ASIC2_DATA5,N18,31.80,28.30,0,L1 / F.Cu,east,east,no,30.50,8.00
J5,17,ASIC2_DATA6,P16,30.20,29.10,2,L3 / In2.Cu,east,east,no,30.50,8.00
J5,18,ASIC2_DATA7,P18,31.80,29.10,0,L1 / F.Cu,east,east,no,30.50,8.00
J5,19,ASIC2_DATA8,R13,27.80,29.90,3,L6 / In5.Cu,east,east,no,30.50,8.00
J5,20,ASIC2_CLK32MHz_Out,T14,28.60,30.70,2,L3 / In2.Cu,east,east,no,30.50,8.00
J5,21,ASIC2_READ,R15,29.40,29.90,3,L6 / In5.Cu,east,east,no,30.50,8.00
J5,22,ASIC2_SYNC,R17,31.00,29.90,1,L3 / In2.Cu,east,east,no,30.50,8.00
J5,23,ASIC3_DATA1,R18,31.80,29.90,0,L1 / F.Cu,east,east,no,30.50,8.00
J5,24,ASIC3_DATA2,T12,27.00,30.70,2,L3 / In2.Cu,east,east,no,30.50,8.00
J5,25,ASIC3_DATA3,T15,29.40,30.70,2,L3 / In2.Cu,east,east,no,30.50,8.00
J5,26,ASIC3_DATA4,T17,31.00,30.70,1,L3 / In2.Cu,east,east,no,30.50,8.00
J5,27,ASIC3_DATA5,T18,31.80,30.70,0,L1 / F.Cu,east,east,no,30.50,8.00
J5,28,ASIC3_DATA6,U9,24.60,31.50,1,L3 / In2.Cu,east,west,yes,30.50,8.00
J5,29,ASIC3_DATA7,U10,25.40,31.50,1,L3 / In2.Cu,east,east,no,30.50,8.00
J5,30,ASIC3_DATA8,U11,26.20,31.50,1,L3 / In2.Cu,east,east,no,30.50,8.00
J5,31,ASIC3_CLK32MHz_Out,P15,29.40,29.10,3,L6 / In5.Cu,east,east,no,30.50,8.00
J5,32,ASIC3_READ,U12,27.00,31.50,1,L3 / In2.Cu,east,east,no,30.50,8.00
J5,33,ASIC3_SYNC,U14,28.60,31.50,1,L3 / In2.Cu,east,east,no,30.50,8.00
J5,35,ASIC4_DATA2,A10,25.40,18.70,0,L1 / F.Cu,east,east,no,30.50,8.00
J5,36,ASIC4_DATA3,A12,27.00,18.70,0,L1 / F.Cu,east,east,no,30.50,8.00
J5,37,ASIC4_DATA4,A13,27.80,18.70,0,L1 / F.Cu,east,east,no,30.50,8.00
J5,38,ASIC4_DATA5,A14,28.60,18.70,0,L1 / F.Cu,east,east,no,30.50,8.00
J5,39,ASIC4_DATA6,A15,29.40,18.70,0,L1 / F.Cu,east,east,no,30.50,8.00
J5,40,ASIC4_DATA7,A17,31.00,18.70,0,L1 / F.Cu,east,east,no,30.50,8.00
J5,41,ASIC4_DATA8,B9,24.60,19.50,1,L3 / In2.Cu,east,west,yes,30.50,8.00
J5,42,ASIC4_CLK32MHz_Out,E13,27.80,21.90,4,L6 / In5.Cu,east,east,no,30.50,8.00
J5,43,ASIC4_READ,B10,25.40,19.50,1,L3 / In2.Cu,east,east,no,30.50,8.00
J5,44,ASIC4_SYNC,B11,26.20,19.50,1,L3 / In2.Cu,east,east,no,30.50,8.00
J5,45,CHIP_RESET_SHARED,T3,19.80,30.70,2,L3 / In2.Cu,east,west,yes,30.50,8.00
J5,47,IMP_TST_SHARED,D18,31.80,21.10,0,L1 / F.Cu,east,east,no,30.50,8.00
J5,48,FE_RESET_SHARED,T4,20.60,30.70,2,L3 / In2.Cu,east,west,yes,30.50,8.00
J5,49,SPI_LATCH_SHARED,U1,18.20,31.50,0,L1 / F.Cu,east,west,yes,30.50,8.00
J5,50,STIM_CLK_SHARED,G14,28.60,23.50,4,L6 / In5.Cu,east,east,no,30.50,8.00
J5,51,STIM_START_SHARED,V9,24.60,32.30,0,L1 / F.Cu,east,west,yes,30.50,8.00
J5,52,STIM_EN_SHARED,U6,22.20,31.50,1,L3 / In2.Cu,east,west,yes,30.50,8.00
J5,53,STIM_CHB_SHARED,F14,28.60,22.70,4,L6 / In5.Cu,east,east,no,30.50,8.00
J5,54,BOARD1_CLK,P1,18.20,29.10,0,L1 / F.Cu,east,west,yes,30.50,8.00
J5,55,BOARD2_CLK,P6,22.20,29.10,4,L6 / In5.Cu,east,west,yes,30.50,8.00
J5,56,BOARD3_CLK,R5,21.40,29.90,3,L6 / In5.Cu,east,west,yes,30.50,8.00
J5,57,BOARD4_CLK,R7,23.00,29.90,3,L6 / In5.Cu,east,west,yes,30.50,8.00
J5,58,BOARD1_SPI_CLK,P3,19.80,29.10,2,L3 / In2.Cu,east,west,yes,30.50,8.00
J5,59,BOARD2_SPI_CLK,R1,18.20,29.90,0,L1 / F.Cu,east,west,yes,30.50,8.00
J5,60,BOARD3_SPI_CLK,R6,22.20,29.90,3,L6 / In5.Cu,east,west,yes,30.50,8.00
J7,1,ASIC5_DATA1,B12,27.00,19.50,1,L3 / In2.Cu,west,east,yes,13.00,8.00
J7,2,ASIC5_DATA2,B14,28.60,19.50,1,L3 / In2.Cu,west,east,yes,13.00,8.00
J7,3,ASIC5_DATA3,B15,29.40,19.50,1,L3 / In2.Cu,west,east,yes,13.00,8.00
J7,4,ASIC5_DATA4,B16,30.20,19.50,1,L3 / In2.Cu,west,east,yes,13.00,8.00
J7,5,ASIC5_DATA5,B17,31.00,19.50,1,L3 / In2.Cu,west,east,yes,13.00,8.00
J7,6,ASIC5_DATA6,C8,23.80,20.30,2,L3 / In2.Cu,west,west,no,13.00,8.00
J7,7,ASIC5_DATA7,C9,24.60,20.30,2,L3 / In2.Cu,west,west,no,13.00,8.00
J7,8,ASIC5_DATA8,C11,26.20,20.30,2,L3 / In2.Cu,west,east,yes,13.00,8.00
J7,9,ASIC5_CLK32MHz_Out,E15,29.40,21.90,3,L6 / In5.Cu,west,east,yes,13.00,8.00
J7,10,ASIC5_READ,C13,27.80,20.30,2,L3 / In2.Cu,west,east,yes,13.00,8.00
J7,11,ASIC5_SYNC,C14,28.60,20.30,2,L3 / In2.Cu,west,east,yes,13.00,8.00
J7,12,ASIC6_DATA1,C16,30.20,20.30,2,L3 / In2.Cu,west,east,yes,13.00,8.00
J7,13,ASIC6_DATA2,C17,31.00,20.30,1,L3 / In2.Cu,west,east,yes,13.00,8.00
J7,14,ASIC6_DATA3,C18,31.80,20.30,0,L1 / F.Cu,west,east,yes,13.00,8.00
J7,15,ASIC6_DATA4,D8,23.80,21.10,3,L6 / In5.Cu,west,west,no,13.00,8.00
J7,16,ASIC6_DATA5,D9,24.60,21.10,3,L6 / In5.Cu,west,west,no,13.00,8.00
J7,17,ASIC6_DATA6,D10,25.40,21.10,3,L6 / In5.Cu,west,east,yes,13.00,8.00
J7,18,ASIC6_DATA7,D11,26.20,21.10,3,L6 / In5.Cu,west,east,yes,13.00,8.00
J7,19,ASIC6_DATA8,D14,28.60,21.10,3,L6 / In5.Cu,west,east,yes,13.00,8.00
J7,20,ASIC6_CLK32MHz_Out,D13,27.80,21.10,3,L6 / In5.Cu,west,east,yes,13.00,8.00
J7,21,ASIC6_READ,D15,29.40,21.10,3,L6 / In5.Cu,west,east,yes,13.00,8.00
J7,22,ASIC6_SYNC,D16,30.20,21.10,2,L3 / In2.Cu,west,east,yes,13.00,8.00
J7,23,ASIC7_DATA1,J4,20.60,25.10,3,L6 / In5.Cu,west,west,no,13.00,8.00
J7,24,ASIC7_DATA2,J5,21.40,25.10,4,L6 / In5.Cu,west,west,no,13.00,8.00
J7,25,ASIC7_DATA3,J6,22.20,25.10,5,L6 / In5.Cu,west,west,no,13.00,8.00
J7,26,ASIC7_DATA4,K1,18.20,25.90,0,L1 / F.Cu,west,west,no,13.00,8.00
J7,27,ASIC7_DATA5,K2,19.00,25.90,1,L3 / In2.Cu,west,west,no,13.00,8.00
J7,28,ASIC7_DATA6,K3,19.80,25.90,2,L3 / In2.Cu,west,west,no,13.00,8.00
J7,29,ASIC7_DATA7,K5,21.40,25.90,4,L6 / In5.Cu,west,west,no,13.00,8.00
J7,30,ASIC7_DATA8,K6,22.20,25.90,5,L6 / In5.Cu,west,west,no,13.00,8.00
J7,31,ASIC7_CLK32MHz_Out,P4,20.60,29.10,3,L6 / In5.Cu,west,west,no,13.00,8.00
J7,32,ASIC7_READ,L2,19.00,26.70,1,L3 / In2.Cu,west,west,no,13.00,8.00
J7,33,ASIC7_SYNC,L3,19.80,26.70,2,L3 / In2.Cu,west,west,no,13.00,8.00
J7,34,ASIC8_DATA1,L4,20.60,26.70,3,L6 / In5.Cu,west,west,no,13.00,8.00
J7,35,ASIC8_DATA2,L5,21.40,26.70,4,L6 / In5.Cu,west,west,no,13.00,8.00
J7,36,ASIC8_DATA3,M1,18.20,27.50,0,L1 / F.Cu,west,west,no,13.00,8.00
J7,38,ASIC8_DATA5,M4,20.60,27.50,3,L6 / In5.Cu,west,west,no,13.00,8.00
J7,39,ASIC8_DATA6,M6,22.20,27.50,5,L6 / In5.Cu,west,west,no,13.00,8.00
J7,40,ASIC8_DATA7,N1,18.20,28.30,0,L1 / F.Cu,west,west,no,13.00,8.00
J7,41,ASIC8_DATA8,N2,19.00,28.30,1,L3 / In2.Cu,west,west,no,13.00,8.00
J7,42,ASIC8_CLK32MHz_Out,R2,19.00,29.90,1,L3 / In2.Cu,west,west,no,13.00,8.00
J7,43,ASIC8_READ,N4,20.60,28.30,3,L6 / In5.Cu,west,west,no,13.00,8.00
J7,44,ASIC8_SYNC,N6,22.20,28.30,5,L6 / In5.Cu,west,west,no,13.00,8.00
J7,45,BOARD4_SPI_CLK,T2,19.00,30.70,1,L3 / In2.Cu,west,west,no,13.00,8.00
J7,46,STIM_CHIP1_SPI_DL,U2,19.00,31.50,1,L3 / In2.Cu,west,west,no,13.00,8.00
J7,47,STIM_CHIP1_SPI_DR,U15,29.40,31.50,1,L3 / In2.Cu,west,east,yes,13.00,8.00
J7,48,STIM_CHIP2_SPI_DL,F15,29.40,22.70,3,L6 / In5.Cu,west,east,yes,13.00,8.00
J7,49,STIM_CHIP2_SPI_DR,U4,20.60,31.50,1,L3 / In2.Cu,west,west,no,13.00,8.00
J7,50,STIM_CHIP3_SPI_DL,U16,30.20,31.50,1,L3 / In2.Cu,west,east,yes,13.00,8.00
J7,51,STIM_CHIP3_SPI_DR,F17,31.00,22.70,1,L3 / In2.Cu,west,east,yes,13.00,8.00
J7,52,STIM_CHIP4_SPI_DL,U5,21.40,31.50,1,L3 / In2.Cu,west,west,no,13.00,8.00
J7,53,STIM_CHIP4_SPI_DR,U17,31.00,31.50,1,L3 / In2.Cu,west,east,yes,13.00,8.00
J7,54,NONSTIM_BOARD1_SPI_DL,T5,21.40,30.70,2,L3 / In2.Cu,west,west,no,13.00,8.00
J7,55,NONSTIM_BOARD1_SPI_DR,E17,31.00,21.90,1,L3 / In2.Cu,west,east,yes,13.00,8.00
J7,56,NONSTIM_BOARD2_SPI_DL,T7,23.00,30.70,2,L3 / In2.Cu,west,west,no,13.00,8.00
J7,57,NONSTIM_BOARD2_SPI_DR,E18,31.80,21.90,0,L1 / F.Cu,west,east,yes,13.00,8.00
J7,58,ASIC8_DATA4,M2,19.00,27.50,1,L3 / In2.Cu,west,west,no,13.00,8.00
J7,60,ASIC4_DATA1,A9,24.60,18.70,0,L1 / F.Cu,west,west,no,13.00,8.00
