connector,contact,net,fpga_ball,fpga_ball_x_mm,fpga_ball_y_mm,connector_contact_x_mm,connector_contact_y_mm,ball_ring_from_outside,candidate_signal_layer,connector_half,ball_half,source_ball_opposite_connector_half,connector_east_west_half,ball_east_west_half,source_ball_opposite_connector_east_west_half,ball_to_contact_straight_line_mm
J5,1,ASIC1_DATA1,J14,27.40,25.10,7.20,40.84,4,L6 / In5.Cu,south,north,yes,west,east,yes,25.608
J5,2,ASIC1_DATA2,J15,28.20,25.10,7.20,37.76,3,L6 / In5.Cu,south,north,yes,west,east,yes,24.521
J5,3,ASIC1_DATA3,J16,29.00,25.10,7.60,40.84,2,L3 / In2.Cu,south,north,yes,west,east,yes,26.565
J5,4,ASIC1_DATA4,K15,28.20,25.90,7.60,37.76,3,L6 / In5.Cu,south,south,no,west,east,yes,23.770
J5,5,ASIC1_DATA5,K17,29.80,25.90,8.00,40.84,1,L3 / In2.Cu,south,south,no,west,east,yes,26.428
J5,6,ASIC1_DATA6,K18,30.60,25.90,8.00,37.76,0,L1 / F.Cu,south,south,no,west,east,yes,25.523
J5,7,ASIC1_DATA7,L14,27.40,26.70,8.40,40.84,4,L6 / In5.Cu,south,south,no,west,east,yes,23.684
J5,8,ASIC1_DATA8,L18,30.60,26.70,8.40,37.76,0,L1 / F.Cu,south,south,no,west,east,yes,24.802
J5,9,ASIC1_CLK32MHz_Out,P14,27.40,29.10,8.80,40.84,4,L6 / In5.Cu,south,south,no,west,east,yes,21.995
J5,10,ASIC1_READ,M14,27.40,27.50,8.80,37.76,4,L6 / In5.Cu,south,south,no,west,east,yes,21.242
J5,11,ASIC1_SYNC,M16,29.00,27.50,9.20,40.84,2,L3 / In2.Cu,south,south,no,west,east,yes,23.875
J5,12,ASIC2_DATA1,M17,29.80,27.50,9.20,37.76,1,L3 / In2.Cu,south,south,no,west,east,yes,23.014
J5,13,ASIC2_DATA2,N14,27.40,28.30,9.60,40.84,4,L6 / In5.Cu,south,south,no,west,east,yes,21.774
J5,14,ASIC2_DATA3,N16,29.00,28.30,9.60,37.76,2,L3 / In2.Cu,south,south,no,west,east,yes,21.584
J5,15,ASIC2_DATA4,N17,29.80,28.30,10.00,40.84,1,L3 / In2.Cu,south,south,no,west,east,yes,23.437
J5,16,ASIC2_DATA5,N18,30.60,28.30,10.00,37.76,0,L1 / F.Cu,south,south,no,west,east,yes,22.668
J5,17,ASIC2_DATA6,P16,29.00,29.10,10.40,40.84,2,L3 / In2.Cu,south,south,no,west,east,yes,21.995
J5,18,ASIC2_DATA7,P18,30.60,29.10,10.40,37.76,0,L1 / F.Cu,south,south,no,west,east,yes,21.978
J5,19,ASIC2_DATA8,R13,26.60,29.90,10.80,40.84,3,L6 / In5.Cu,south,south,no,west,east,yes,19.218
J5,20,ASIC2_CLK32MHz_Out,T14,27.40,30.70,10.80,37.76,2,L3 / In2.Cu,south,south,no,west,east,yes,18.039
J5,21,ASIC2_READ,R15,28.20,29.90,11.20,40.84,3,L6 / In5.Cu,south,south,no,west,east,yes,20.216
J5,22,ASIC2_SYNC,R17,29.80,29.90,11.20,37.76,1,L3 / In2.Cu,south,south,no,west,east,yes,20.193
J5,23,ASIC3_DATA1,R18,30.60,29.90,11.60,40.84,0,L1 / F.Cu,south,south,no,west,east,yes,21.924
J5,24,ASIC3_DATA2,T12,25.80,30.70,11.60,37.76,2,L3 / In2.Cu,south,south,no,west,east,yes,15.858
J5,25,ASIC3_DATA3,T15,28.20,30.70,12.00,40.84,2,L3 / In2.Cu,south,south,no,west,east,yes,19.112
J5,26,ASIC3_DATA4,T17,29.80,30.70,12.00,37.76,1,L3 / In2.Cu,south,south,no,west,east,yes,19.149
J5,27,ASIC3_DATA5,T18,30.60,30.70,12.40,40.84,0,L1 / F.Cu,south,south,no,west,east,yes,20.834
J5,28,ASIC3_DATA6,U9,23.40,31.50,12.40,37.76,1,L3 / In2.Cu,south,south,no,west,west,no,12.657
J5,29,ASIC3_DATA7,U10,24.20,31.50,12.80,40.84,1,L3 / In2.Cu,south,south,no,west,east,yes,14.738
J5,30,ASIC3_DATA8,U11,25.00,31.50,12.80,37.76,1,L3 / In2.Cu,south,south,no,west,east,yes,13.712
J5,31,ASIC3_CLK32MHz_Out,P15,28.20,29.10,13.20,40.84,3,L6 / In5.Cu,south,south,no,west,east,yes,19.048
J5,32,ASIC3_READ,U12,25.80,31.50,13.20,37.76,1,L3 / In2.Cu,south,south,no,west,east,yes,14.069
J5,33,ASIC3_SYNC,U14,27.40,31.50,13.60,40.84,1,L3 / In2.Cu,south,south,no,west,east,yes,16.664
J5,35,ASIC4_DATA2,A10,24.20,18.70,14.00,40.84,0,L1 / F.Cu,south,north,yes,west,east,yes,24.377
J5,36,ASIC4_DATA3,A12,25.80,18.70,14.00,37.76,0,L1 / F.Cu,south,north,yes,west,east,yes,22.417
J5,37,ASIC4_DATA4,A13,26.60,18.70,14.40,40.84,0,L1 / F.Cu,south,north,yes,west,east,yes,25.279
J5,38,ASIC4_DATA5,A14,27.40,18.70,14.40,37.76,0,L1 / F.Cu,south,north,yes,west,east,yes,23.071
J5,39,ASIC4_DATA6,A15,28.20,18.70,14.80,40.84,0,L1 / F.Cu,south,north,yes,west,east,yes,25.879
J5,40,ASIC4_DATA7,A17,29.80,18.70,14.80,37.76,0,L1 / F.Cu,south,north,yes,west,east,yes,24.255
J5,41,ASIC4_DATA8,B9,23.40,19.50,15.20,40.84,1,L3 / In2.Cu,south,north,yes,west,west,no,22.861
J5,42,ASIC4_CLK32MHz_Out,E13,26.60,21.90,15.20,37.76,4,L6 / In5.Cu,south,north,yes,west,east,yes,19.532
J5,43,ASIC4_READ,B10,24.20,19.50,15.60,40.84,1,L3 / In2.Cu,south,north,yes,west,east,yes,23.008
J5,44,ASIC4_SYNC,B11,25.00,19.50,15.60,37.76,1,L3 / In2.Cu,south,north,yes,west,east,yes,20.537
J5,45,CHIP_RESET_SHARED,T3,18.60,30.70,16.00,40.84,2,L3 / In2.Cu,south,south,no,west,west,no,10.468
J5,47,IMP_TST_SHARED,D18,30.60,21.10,16.40,40.84,0,L1 / F.Cu,south,north,yes,west,east,yes,24.317
J5,48,FE_RESET_SHARED,T4,19.40,30.70,16.40,37.76,2,L3 / In2.Cu,south,south,no,west,west,no,7.671
J5,49,SPI_LATCH_SHARED,U1,17.00,31.50,16.80,40.84,0,L1 / F.Cu,south,south,no,west,west,no,9.342
J5,50,STIM_CLK_SHARED,G14,27.40,23.50,16.80,37.76,4,L6 / In5.Cu,south,north,yes,west,east,yes,17.768
J5,51,STIM_START_SHARED,V9,23.40,32.30,17.20,40.84,0,L1 / F.Cu,south,south,no,west,west,no,10.553
J5,52,STIM_EN_SHARED,U6,21.00,31.50,17.20,37.76,1,L3 / In2.Cu,south,south,no,west,west,no,7.323
J5,53,STIM_CHB_SHARED,F14,27.40,22.70,17.60,40.84,4,L6 / In5.Cu,south,north,yes,west,east,yes,20.618
J5,54,BOARD1_CLK,P1,17.00,29.10,17.60,37.76,0,L1 / F.Cu,south,south,no,west,west,no,8.681
J5,55,BOARD2_CLK,P6,21.00,29.10,18.00,40.84,4,L6 / In5.Cu,south,south,no,west,west,no,12.117
J5,56,BOARD3_CLK,R5,20.20,29.90,18.00,37.76,3,L6 / In5.Cu,south,south,no,west,west,no,8.162
J5,57,BOARD4_CLK,R7,21.80,29.90,18.40,40.84,3,L6 / In5.Cu,south,south,no,west,west,no,11.456
J5,58,BOARD1_SPI_CLK,P3,18.60,29.10,18.40,37.76,2,L3 / In2.Cu,south,south,no,west,west,no,8.662
J5,59,BOARD2_SPI_CLK,R1,17.00,29.90,18.80,40.84,0,L1 / F.Cu,south,south,no,west,west,no,11.087
J5,60,BOARD3_SPI_CLK,R6,21.00,29.90,18.80,37.76,3,L6 / In5.Cu,south,south,no,west,west,no,8.162
J7,1,ASIC5_DATA1,B12,25.80,19.50,24.70,9.54,1,L3 / In2.Cu,north,north,no,east,east,no,10.021
J7,2,ASIC5_DATA2,B14,27.40,19.50,24.70,6.46,1,L3 / In2.Cu,north,north,no,east,east,no,13.317
J7,3,ASIC5_DATA3,B15,28.20,19.50,25.10,9.54,1,L3 / In2.Cu,north,north,no,east,east,no,10.431
J7,4,ASIC5_DATA4,B16,29.00,19.50,25.10,6.46,1,L3 / In2.Cu,north,north,no,east,east,no,13.611
J7,5,ASIC5_DATA5,B17,29.80,19.50,25.50,9.54,1,L3 / In2.Cu,north,north,no,east,east,no,10.849
J7,6,ASIC5_DATA6,C8,22.60,20.30,25.50,6.46,2,L3 / In2.Cu,north,north,no,east,west,yes,14.141
J7,7,ASIC5_DATA7,C9,23.40,20.30,25.90,9.54,2,L3 / In2.Cu,north,north,no,east,west,yes,11.047
J7,8,ASIC5_DATA8,C11,25.00,20.30,25.90,6.46,2,L3 / In2.Cu,north,north,no,east,east,no,13.869
J7,9,ASIC5_CLK32MHz_Out,E15,28.20,21.90,26.30,9.54,3,L6 / In5.Cu,north,north,no,east,east,no,12.505
J7,10,ASIC5_READ,C13,26.60,20.30,26.30,6.46,2,L3 / In2.Cu,north,north,no,east,east,no,13.843
J7,11,ASIC5_SYNC,C14,27.40,20.30,26.70,9.54,2,L3 / In2.Cu,north,north,no,east,east,no,10.783
J7,12,ASIC6_DATA1,C16,29.00,20.30,26.70,6.46,2,L3 / In2.Cu,north,north,no,east,east,no,14.030
J7,13,ASIC6_DATA2,C17,29.80,20.30,27.10,9.54,1,L3 / In2.Cu,north,north,no,east,east,no,11.094
J7,14,ASIC6_DATA3,C18,30.60,20.30,27.10,6.46,0,L1 / F.Cu,north,north,no,east,east,no,14.276
J7,15,ASIC6_DATA4,D8,22.60,21.10,27.50,9.54,3,L6 / In5.Cu,north,north,no,east,west,yes,12.556
J7,16,ASIC6_DATA5,D9,23.40,21.10,27.50,6.46,3,L6 / In5.Cu,north,north,no,east,west,yes,15.203
J7,17,ASIC6_DATA6,D10,24.20,21.10,27.90,9.54,3,L6 / In5.Cu,north,north,no,east,east,no,12.138
J7,18,ASIC6_DATA7,D11,25.00,21.10,27.90,6.46,3,L6 / In5.Cu,north,north,no,east,east,no,14.924
J7,19,ASIC6_DATA8,D14,27.40,21.10,28.30,9.54,3,L6 / In5.Cu,north,north,no,east,east,no,11.595
J7,20,ASIC6_CLK32MHz_Out,D13,26.60,21.10,28.30,6.46,3,L6 / In5.Cu,north,north,no,east,east,no,14.738
J7,21,ASIC6_READ,D15,28.20,21.10,28.70,9.54,3,L6 / In5.Cu,north,north,no,east,east,no,11.571
J7,22,ASIC6_SYNC,D16,29.00,21.10,28.70,6.46,2,L3 / In2.Cu,north,north,no,east,east,no,14.643
J7,23,ASIC7_DATA1,J4,19.40,25.10,29.10,9.54,3,L6 / In5.Cu,north,north,no,east,west,yes,18.336
J7,24,ASIC7_DATA2,J5,20.20,25.10,29.10,6.46,4,L6 / In5.Cu,north,north,no,east,west,yes,20.656
J7,25,ASIC7_DATA3,J6,21.00,25.10,29.50,9.54,5,L6 / In5.Cu,north,north,no,east,west,yes,17.730
J7,26,ASIC7_DATA4,K1,17.00,25.90,29.50,6.46,0,L1 / F.Cu,north,south,yes,east,west,yes,23.112
J7,27,ASIC7_DATA5,K2,17.80,25.90,29.90,9.54,1,L3 / In2.Cu,north,south,yes,east,west,yes,20.348
J7,28,ASIC7_DATA6,K3,18.60,25.90,29.90,6.46,2,L3 / In2.Cu,north,south,yes,east,west,yes,22.486
J7,29,ASIC7_DATA7,K5,20.20,25.90,30.30,9.54,4,L6 / In5.Cu,north,south,yes,east,west,yes,19.227
J7,30,ASIC7_DATA8,K6,21.00,25.90,30.30,6.46,5,L6 / In5.Cu,north,south,yes,east,west,yes,21.550
J7,31,ASIC7_CLK32MHz_Out,P4,19.40,29.10,30.70,9.54,3,L6 / In5.Cu,north,south,yes,east,west,yes,22.589
J7,32,ASIC7_READ,L2,17.80,26.70,30.70,6.46,1,L3 / In2.Cu,north,south,yes,east,west,yes,24.001
J7,33,ASIC7_SYNC,L3,18.60,26.70,31.10,9.54,2,L3 / In2.Cu,north,south,yes,east,west,yes,21.230
J7,34,ASIC8_DATA1,L4,19.40,26.70,31.10,6.46,3,L6 / In5.Cu,north,south,yes,east,west,yes,23.378
J7,35,ASIC8_DATA2,L5,20.20,26.70,31.50,9.54,4,L6 / In5.Cu,north,south,yes,east,west,yes,20.546
J7,36,ASIC8_DATA3,M1,17.00,27.50,31.50,6.46,0,L1 / F.Cu,north,south,yes,east,west,yes,25.553
J7,38,ASIC8_DATA5,M4,19.40,27.50,31.90,6.46,3,L6 / In5.Cu,north,south,yes,east,west,yes,24.473
J7,39,ASIC8_DATA6,M6,21.00,27.50,32.30,9.54,5,L6 / In5.Cu,north,south,yes,east,west,yes,21.219
J7,40,ASIC8_DATA7,N1,17.00,28.30,32.30,6.46,0,L1 / F.Cu,north,south,yes,east,west,yes,26.666
J7,41,ASIC8_DATA8,N2,17.80,28.30,32.70,9.54,1,L3 / In2.Cu,north,south,yes,east,west,yes,23.957
J7,42,ASIC8_CLK32MHz_Out,R2,17.80,29.90,32.70,6.46,1,L3 / In2.Cu,north,south,yes,east,west,yes,27.775
J7,43,ASIC8_READ,N4,19.40,28.30,33.10,9.54,3,L6 / In5.Cu,north,south,yes,east,west,yes,23.230
J7,44,ASIC8_SYNC,N6,21.00,28.30,33.10,6.46,5,L6 / In5.Cu,north,south,yes,east,west,yes,24.968
J7,45,BOARD4_SPI_CLK,T2,17.80,30.70,33.50,9.54,1,L3 / In2.Cu,north,south,yes,east,west,yes,26.348
J7,46,STIM_CHIP1_SPI_DL,U2,17.80,31.50,33.50,6.46,1,L3 / In2.Cu,north,south,yes,east,west,yes,29.555
J7,47,STIM_CHIP1_SPI_DR,U15,28.20,31.50,33.90,9.54,1,L3 / In2.Cu,north,south,yes,east,east,no,22.688
J7,48,STIM_CHIP2_SPI_DL,F15,28.20,22.70,33.90,6.46,3,L6 / In5.Cu,north,north,no,east,east,no,17.211
J7,49,STIM_CHIP2_SPI_DR,U4,19.40,31.50,34.30,9.54,1,L3 / In2.Cu,north,south,yes,east,west,yes,26.538
J7,50,STIM_CHIP3_SPI_DL,U16,29.00,31.50,34.30,6.46,1,L3 / In2.Cu,north,south,yes,east,east,no,25.595
J7,51,STIM_CHIP3_SPI_DR,F17,29.80,22.70,34.70,9.54,1,L3 / In2.Cu,north,north,no,east,east,no,14.043
J7,52,STIM_CHIP4_SPI_DL,U5,20.20,31.50,34.70,6.46,1,L3 / In2.Cu,north,south,yes,east,west,yes,28.935
J7,53,STIM_CHIP4_SPI_DR,U17,29.80,31.50,35.10,9.54,1,L3 / In2.Cu,north,south,yes,east,east,no,22.591
J7,54,NONSTIM_BOARD1_SPI_DL,T5,20.20,30.70,35.10,6.46,2,L3 / In2.Cu,north,south,yes,east,west,yes,28.453
J7,55,NONSTIM_BOARD1_SPI_DR,E17,29.80,21.90,35.50,9.54,1,L3 / In2.Cu,north,north,no,east,east,no,13.611
J7,56,NONSTIM_BOARD2_SPI_DL,T7,21.80,30.70,35.50,6.46,2,L3 / In2.Cu,north,south,yes,east,west,yes,27.844
J7,57,NONSTIM_BOARD2_SPI_DR,E18,30.60,21.90,35.90,9.54,0,L1 / F.Cu,north,north,no,east,east,no,13.448
J7,58,ASIC8_DATA4,M2,17.80,27.50,35.90,6.46,1,L3 / In2.Cu,north,south,yes,east,west,yes,27.754
J7,60,ASIC4_DATA1,A9,23.40,18.70,36.30,6.46,0,L1 / F.Cu,north,north,no,east,west,yes,17.783
