signal,ldo_j1,asic_j2,direction,function,timing_context,direction_evidence,proposed_cable_contact,proposed_xem_mc1,proposed_fpga_pin,bank,bank_type,fpga_pin_function,proposed_brk_endpoint,carrier_status,logic_limits,status
D<1>,4,['49'],ASIC→XEM,ADC recording data line 1,Four ADCs/time-multiplexed groups per line; falling-edge capture later confirmed; guaranteed timing and output loading unavailable,"['Pins.xlsx Sheet1 D3 (D<1:8>)', 'Slides 5,14–17 (8 multiplexed data lines)']",2,35,Y18,64,HP,IO_L24P_T3U_N10_64,MC4-12,Existing carrier R6 Bank64 proposal retained as conditional target; cabled landing unselected,,"PROPOSED cable and FPGA assignment; not approved, powered or tested"
D<2>,6,['47'],ASIC→XEM,ADC recording data line 2,Four ADCs/time-multiplexed groups per line; falling-edge capture later confirmed; guaranteed timing and output loading unavailable,"['Pins.xlsx Sheet1 D3 (D<1:8>)', 'Slides 5,14–17 (8 multiplexed data lines)']",4,37,AA18,64,HP,IO_L24N_T3U_N11_64,MC4-10,Existing carrier R6 Bank64 proposal retained as conditional target; cabled landing unselected,,"PROPOSED cable and FPGA assignment; not approved, powered or tested"
D<3>,8,['45'],ASIC→XEM,ADC recording data line 3,Four ADCs/time-multiplexed groups per line; falling-edge capture later confirmed; guaranteed timing and output loading unavailable,"['Pins.xlsx Sheet1 D3 (D<1:8>)', 'Slides 5,14–17 (8 multiplexed data lines)']",6,39,Y17,64,HP,IO_L23P_T3U_N8_64,MC4-8,Existing carrier R6 Bank64 proposal retained as conditional target; cabled landing unselected,,"PROPOSED cable and FPGA assignment; not approved, powered or tested"
D<4>,10,['43'],ASIC→XEM,ADC recording data line 4,Four ADCs/time-multiplexed groups per line; falling-edge capture later confirmed; guaranteed timing and output loading unavailable,"['Pins.xlsx Sheet1 D3 (D<1:8>)', 'Slides 5,14–17 (8 multiplexed data lines)']",8,41,AA17,64,HP,IO_L23N_T3U_N9_64,MC4-6,Existing carrier R6 Bank64 proposal retained as conditional target; cabled landing unselected,,"PROPOSED cable and FPGA assignment; not approved, powered or tested"
CLKH,12,['50'],XEM→ASIC,Recording clock sent into ASIC,"32 MHz recording input intended; waveform, duty cycle, thresholds and skew budget unqualified","['Pins.xlsx Sheet1 B2:B3 (Control/CLKH)', 'Slides 13–14 (clock into ASIC vs returned clock)']",10,52,AC19,64,HP,IO_L14P_T2L_N2_GC_64,MC5-35,Existing carrier R6 Bank64 proposal retained as conditional target; cabled landing unselected,,"PROPOSED cable and FPGA assignment; not approved, powered or tested"
CHIP_RESET,14,['41'],XEM→ASIC,Reset chip to a known state,"Polarity, pulse width, reset ordering and off-state behavior unqualified","['Pins.xlsx Sheet1 B4 (CHIP_RST)', 'Slides 13–14 (Chip_Reset)']",12,36,AD16,64,HP,IO_L18P_T2U_N10_AD2P_64,MC4-11,Existing carrier R6 Bank64 proposal retained as conditional target; cabled landing unselected,,"PROPOSED cable and FPGA assignment; not approved, powered or tested"
IMP_TEST,18,['37'],XEM→ASIC,Impedance-test control,"Test mode waveform, polarity and limits unqualified","['Pins.xlsx Sheet1 B6 (IMP_TST in Control)', 'Historical carrier same-net ASIC pin IMP_TST']",14,40,AE17,64,HP,IO_L17P_T2U_N8_AD10P_64,MC4-7,Existing carrier R6 Bank64 proposal retained as conditional target; cabled landing unselected,,"PROPOSED cable and FPGA assignment; not approved, powered or tested"
FE_RESET,20,['35'],XEM→ASIC,Reset amplifier/front end,"Polarity, pulse width and settling delay unqualified","['Pins.xlsx Sheet1 B7', 'Slides 13–14 (FE_RESET)']",16,38,AE16,64,HP,IO_L18N_T2U_N11_AD2N_64,MC4-9,Existing carrier R6 Bank64 proposal retained as conditional target; cabled landing unselected,,"PROPOSED cable and FPGA assignment; not approved, powered or tested"
SPI_CLK,22,['33'],XEM→ASIC,Configuration serial clock for amplifier gain/stimulation settings,"SPI maximum clock, launch/capture edges and setup/hold unavailable","['Pins.xlsx Sheet1 B8', 'Slides 25–28 (FPGA sends CLK/L/R/LATCH)']",18,43,AB17,64,HP,IO_L22P_T3U_N6_DBC_AD0P_64,MC4-4,Existing carrier R6 Bank64 proposal retained as conditional target; cabled landing unselected,,"PROPOSED cable and FPGA assignment; not approved, powered or tested"
SPI_LATCH,24,['31'],XEM→ASIC,Configuration latch,"Latch polarity, pulse width and timing unavailable","['Pins.xlsx Sheet1 B9', 'Slides 25–28']",20,44,AC18,64,HP,IO_L16P_T2U_N6_QBC_AD3P_64,MC4-3,Existing carrier R6 Bank64 proposal retained as conditional target; cabled landing unselected,,"PROPOSED cable and FPGA assignment; not approved, powered or tested"
SPI_DINL,26,['29'],XEM→ASIC,Left-side serial configuration input,"Serial encoding, timing and guaranteed logic levels unavailable","['Pins.xlsx Sheet1 C2:C3 (Chip in/SPI_DL)', 'Slides 25–28 (FPGA sends L)']",22,45,AC17,64,HP,IO_L22N_T3U_N7_DBC_AD0N_64,MC4-2,Existing carrier R6 Bank64 proposal retained as conditional target; cabled landing unselected,,"PROPOSED cable and FPGA assignment; not approved, powered or tested"
STIM_START,27,['21'],XEM→ASIC,Trigger stimulation after enable,Short pulse described; numerical pulse width/polarity and safe inactive state unavailable,"['Pins.xlsx Sheet1 B10', 'Slides 27–28']",24,48,AF18,64,HP,IO_L15P_T2L_N4_AD11P_64,MC5-39,Existing carrier R6 Bank64 proposal retained as conditional target; cabled landing unselected,,"PROPOSED cable and FPGA assignment; not approved, powered or tested"
SPI_DINR,28,['27'],XEM→ASIC,Right-side serial configuration input,"Serial encoding, timing and guaranteed logic levels unavailable","['Pins.xlsx Sheet1 C2,C4 (Chip in/SPI_DR)', 'Slides 25–28 (FPGA sends R)']",26,46,AD18,64,HP,IO_L16N_T2U_N7_QBC_AD3N_64,MC4-1,Existing carrier R6 Bank64 proposal retained as conditional target; cabled landing unselected,,"PROPOSED cable and FPGA assignment; not approved, powered or tested"
STIM_CLK,29,['19'],XEM→ASIC,Stimulation timing clock,Frequency unspecified; slides describe 64 STIM_CLK cycles before charge balancing,"['Pins.xlsx Sheet1 B11 (STM_CLK)', 'Slides 27–28 (STIM_CLK)']",28,50,AF19,64,HP,IO_L15N_T2L_N5_AD11N_64,MC5-37,Existing carrier R6 Bank64 proposal retained as conditional target; cabled landing unselected,,"PROPOSED cable and FPGA assignment; not approved, powered or tested"
STIM_EN,31,['17'],XEM→ASIC,Enable stimulation,"Enable polarity, fail-safe default, interlocks and sequencing unqualified","['Pins.xlsx Sheet1 B12', 'Slides 27–28']",30,55,Y20,64,HP,IO_L19P_T3L_N0_DBC_AD9P_64,MC5-32,Existing carrier R6 Bank64 proposal retained as conditional target; cabled landing unselected,,"PROPOSED cable and FPGA assignment; not approved, powered or tested"
STIM_CHB,33,['15'],XEM→ASIC,Charge-balancing control,Assert after 64 stimulation clock cycles in illustrated sequence; timing and polarity unqualified,"['Pins.xlsx Sheet1 B13', 'Slides 27–28']",32,57,Y21,64,HP,IO_L19N_T3L_N1_DBC_AD9N_64,MC5-30,Existing carrier R6 Bank64 proposal retained as conditional target; cabled landing unselected,,"PROPOSED cable and FPGA assignment; not approved, powered or tested"
SYNC,34,['13'],ASIC→XEM,Frame/channel alignment marker,One SYNC per 1024 recording-clock-cycle frame; pulse shape and setup/hold unavailable,"['Pins.xlsx Sheet1 D5', 'Slides 14–17']",34,63,AB21,64,HP,IO_L12P_T1U_N10_GC_64,MC5-26,Existing carrier R6 Bank64 proposal retained as conditional target; cabled landing unselected,,"PROPOSED cable and FPGA assignment; not approved, powered or tested"
CLK32MHZ,36,['11'],ASIC→XEM,Returned recording clock used to capture data,Recording clock nominal 32 MHz; falling-edge capture in returned clock domain recorded in later requirements summary; source timing margins unavailable,"['Pins.xlsx Sheet1 D2,D4 (Chip out/CLK32MHZ)', 'Slides 14–17 (returned clock/read/sync/data)']",36,56,AD20,64,HP,IO_L13P_T2L_N0_GC_QBC_64,MC5-31,Existing carrier R6 Bank64 proposal retained as conditional target; cabled landing unselected,,"PROPOSED cable and FPGA assignment; not approved, powered or tested"
D<5>,38,['9'],ASIC→XEM,ADC recording data line 5,Four ADCs/time-multiplexed groups per line; falling-edge capture later confirmed; guaranteed timing and output loading unavailable,"['Pins.xlsx Sheet1 D3 (D<1:8>)', 'Slides 5,14–17 (8 multiplexed data lines)']",38,47,AA20,64,HP,IO_L21P_T3L_N4_AD8P_64,MC5-40,Existing carrier R6 Bank64 proposal retained as conditional target; cabled landing unselected,,"PROPOSED cable and FPGA assignment; not approved, powered or tested"
D<6>,40,['7'],ASIC→XEM,ADC recording data line 6,Four ADCs/time-multiplexed groups per line; falling-edge capture later confirmed; guaranteed timing and output loading unavailable,"['Pins.xlsx Sheet1 D3 (D<1:8>)', 'Slides 5,14–17 (8 multiplexed data lines)']",40,49,AB20,64,HP,IO_L21N_T3L_N5_AD8N_64,MC5-38,Existing carrier R6 Bank64 proposal retained as conditional target; cabled landing unselected,,"PROPOSED cable and FPGA assignment; not approved, powered or tested"
D<7>,42,['5'],ASIC→XEM,ADC recording data line 7,Four ADCs/time-multiplexed groups per line; falling-edge capture later confirmed; guaranteed timing and output loading unavailable,"['Pins.xlsx Sheet1 D3 (D<1:8>)', 'Slides 5,14–17 (8 multiplexed data lines)']",42,51,AA19,64,HP,IO_L20P_T3L_N2_AD1P_64,MC5-36,Existing carrier R6 Bank64 proposal retained as conditional target; cabled landing unselected,,"PROPOSED cable and FPGA assignment; not approved, powered or tested"
D<8>,44,['3'],ASIC→XEM,ADC recording data line 8,Four ADCs/time-multiplexed groups per line; falling-edge capture later confirmed; guaranteed timing and output loading unavailable,"['Pins.xlsx Sheet1 D3 (D<1:8>)', 'Slides 5,14–17 (8 multiplexed data lines)']",44,53,AB19,64,HP,IO_L20N_T3L_N3_AD1N_64,MC5-34,Existing carrier R6 Bank64 proposal retained as conditional target; cabled landing unselected,,"PROPOSED cable and FPGA assignment; not approved, powered or tested"
READ,46,['1'],ASIC→XEM,Marks start of new amplifier data,16 READ events per 1024 recording-clock-cycle frame; pulse shape and setup/hold unavailable,"['Pins.xlsx Sheet1 D6', 'Slides 14–17']",46,42,AF17,64,HP,IO_L17N_T2U_N9_AD10N_64,MC4-5,Existing carrier R6 Bank64 proposal retained as conditional target; cabled landing unselected,,"PROPOSED cable and FPGA assignment; not approved, powered or tested"
