ref,pad,uuid,raw_net,x_mm,y_mm,width_mm,height_mm,drill_x_mm,drill_y_mm,attribute,layers
C1,1,2b0c8bfa-819b-4330-9e5f-366ba47aa0f2,LINK_12V,31.1,10.825,1.15,2.7,0.0,0.0,1,"F.Cu,F.Mask,F.Paste"
C1,2,7dda0b4a-05b9-490f-995b-7106e3c841b1,GND,31.1,13.775,1.15,2.7,0.0,0.0,1,"F.Cu,F.Mask,F.Paste"
C2,1,2502b7dc-c4b7-4d70-88dc-18318b8d393f,LINK_12V,29.955,15.48,0.9,0.95,0.0,0.0,1,"F.Cu,F.Mask,F.Paste"
C2,2,ed02c852-65d7-4845-8453-2babccbbff3a,GND,31.505,15.48,0.9,0.95,0.0,0.0,1,"F.Cu,F.Mask,F.Paste"
C3,1,c1d863b1-e30e-480b-a6de-19a9a03b6596,LINK_12V,5.98,25.529999,1.15,1.8,0.0,0.0,1,"B.Cu,B.Mask,B.Paste"
C3,2,317882f0-2201-4834-ace9-773da3408f77,GND,3.03,25.529999,1.15,1.8,0.0,0.0,1,"B.Cu,B.Mask,B.Paste"
C4,1,b2b1dfb3-a304-458c-9283-6e795a3b6656,LINK_12V,6.18,27.529999,0.9,0.95,0.0,0.0,1,"B.Cu,B.Mask,B.Paste"
C4,2,b64465af-4438-43b4-8062-83a4426f4e92,GND,4.63,27.529999,0.9,0.95,0.0,0.0,1,"B.Cu,B.Mask,B.Paste"
C5,1,9b3182ee-9016-4f77-b500-e4ca70ff1dba,VCORE_REG_1V025,2.38,17.379999,1.0,1.45,0.0,0.0,1,"B.Cu,B.Mask,B.Paste"
C5,2,2c9656d6-5dca-47bb-a03c-5ba981a00660,GND,2.38,19.279999,1.0,1.45,0.0,0.0,1,"B.Cu,B.Mask,B.Paste"
C6,1,00622f05-3d9c-4c3e-9dd7-92b08d9a88ec,SS_CORE,8.88,21.529999,0.9,0.95,0.0,0.0,1,"B.Cu,B.Mask,B.Paste"
C6,2,d39acd9e-6ef0-4d4c-a9ef-afa093ce093b,GND,8.88,23.079999,0.9,0.95,0.0,0.0,1,"B.Cu,B.Mask,B.Paste"
C7,1,7e80d719-efe5-4fe9-817f-69aef9543f8c,LINK_12V,3.65,33.684999,1.15,1.8,0.0,0.0,1,"F.Cu,F.Mask,F.Paste"
C7,2,fa1edb71-4301-4f2a-86fe-0ce5ec7fcaa0,GND,6.6,33.684999,1.15,1.8,0.0,0.0,1,"F.Cu,F.Mask,F.Paste"
C8,1,bafb080b-173d-40c9-9d4d-f2a6bd4e3f5a,LINK_12V,1.975,32.759999,0.9,0.95,0.0,0.0,1,"F.Cu,F.Mask,F.Paste"
C8,2,24b08211-261c-493a-b512-cdaa83a7fa01,GND,1.975,34.309999,0.9,0.95,0.0,0.0,1,"F.Cu,F.Mask,F.Paste"
C9,1,a51aa00d-e5b5-47a7-9f34-ae3712b81cb4,VCCAUX_1V8,8.625,25.535,1.0,1.45,0.0,0.0,1,"F.Cu,F.Mask,F.Paste"
C9,2,e9159dfb-f866-4a10-be64-29698e06e0b2,GND,8.625,27.435,1.0,1.45,0.0,0.0,1,"F.Cu,F.Mask,F.Paste"
C10,1,646d5925-bf6a-433b-b0b6-703ce2ada1f4,SS_AUX,2.125,29.685,0.9,0.95,0.0,0.0,1,"F.Cu,F.Mask,F.Paste"
C10,2,541dcf22-2815-4db5-a221-7a8f97b7b127,GND,2.125,31.235,0.9,0.95,0.0,0.0,1,"F.Cu,F.Mask,F.Paste"
C11,1,4541889f-2cbe-4bdd-9599-781e9439a667,LINK_12V,3.65,22.435,1.15,1.8,0.0,0.0,1,"F.Cu,F.Mask,F.Paste"
C11,2,14a84359-c41a-454f-bf76-18b982729de1,GND,6.6,22.435,1.15,1.8,0.0,0.0,1,"F.Cu,F.Mask,F.Paste"
C12,1,ec57de8e-fc85-473a-9982-3e2fdddac8ea,LINK_12V,1.975,21.51,0.9,0.95,0.0,0.0,1,"F.Cu,F.Mask,F.Paste"
C12,2,1baecc74-9f4a-4974-9ad8-ca427596596f,GND,1.975,23.06,0.9,0.95,0.0,0.0,1,"F.Cu,F.Mask,F.Paste"
C13,1,86b2f905-24b2-4648-b24b-17c1f43da610,VCC_CFG_3V3,8.625,14.285,1.0,1.45,0.0,0.0,1,"F.Cu,F.Mask,F.Paste"
C13,2,621f3164-f269-49b2-b2ab-0444e21db86f,GND,8.625,16.185,1.0,1.45,0.0,0.0,1,"F.Cu,F.Mask,F.Paste"
C14,1,47c83cea-adc0-49b1-8b89-f1a43da6c02f,SS_CFG,2.125,18.435,0.9,0.95,0.0,0.0,1,"F.Cu,F.Mask,F.Paste"
C14,2,70508e02-6679-4749-85fa-311bd6349778,GND,2.125,19.985,0.9,0.95,0.0,0.0,1,"F.Cu,F.Mask,F.Paste"
C15,1,270049af-6adb-4daf-bf38-30bcd4d28d24,LINK_12V,7.054999,12.1,1.15,1.8,0.0,0.0,1,"B.Cu,B.Mask,B.Paste"
C15,2,5b32a90f-452f-4605-a79f-d3036f213f45,GND,4.104999,12.1,1.15,1.8,0.0,0.0,1,"B.Cu,B.Mask,B.Paste"
C16,1,ede3a8e6-ebdd-49f5-a65e-693ce35731e6,LINK_12V,8.729999,11.175,0.9,0.95,0.0,0.0,1,"B.Cu,B.Mask,B.Paste"
C16,2,4b572b4d-cb96-4cce-b34f-7b8218340d8d,GND,8.729999,12.725,0.9,0.95,0.0,0.0,1,"B.Cu,B.Mask,B.Paste"
C17,1,10da42ed-6eba-4308-bcea-21e01bc64ded,VCC_ASIC_1V5,2.079999,3.95,1.0,1.45,0.0,0.0,1,"B.Cu,B.Mask,B.Paste"
C17,2,25a2c77f-2984-40c8-96fd-45d844106fb1,GND,2.079999,5.85,1.0,1.45,0.0,0.0,1,"B.Cu,B.Mask,B.Paste"
C18,1,d070c8a6-4737-4f50-b07a-6f339f987eb4,SS_ASIC,8.579999,8.1,0.9,0.95,0.0,0.0,1,"B.Cu,B.Mask,B.Paste"
C18,2,8ce4dabe-616a-4551-9d19-043cd736d849,GND,8.579999,9.65,0.9,0.95,0.0,0.0,1,"B.Cu,B.Mask,B.Paste"
C20,1,af77b780-d47d-4cf2-9cd6-90ca880972f0,VCCINT_1V0,10.58,32.15,2.07,2.59,0.0,0.0,1,"B.Cu,B.Mask,B.Paste"
C20,2,13e44774-cae6-4569-813d-055f41d5a318,GND,16.82,32.15,2.07,2.59,0.0,0.0,1,"B.Cu,B.Mask,B.Paste"
C21,1,2ab42056-d8b0-4b7a-9e59-7ebc8f92b871,VCCINT_1V0,24.85,6.325,1.15,2.7,0.0,0.0,1,"B.Cu,B.Mask,B.Paste"
C21,2,7d7b9bff-578e-40c1-8ce1-5069005d6718,GND,24.85,9.275,1.15,2.7,0.0,0.0,1,"B.Cu,B.Mask,B.Paste"
C22,1,1f9a29fa-bb48-4512-8b51-6e5d9d7e4c70,VCCINT_1V0,11.15,20.95,1.0,1.45,0.0,0.0,1,"B.Cu,B.Mask,B.Paste"
C22,2,3e53ce6d-abf4-4789-8e68-690c16f3d8d9,GND,11.15,19.05,1.0,1.45,0.0,0.0,1,"B.Cu,B.Mask,B.Paste"
C23,1,1519d59e-9f36-458a-a725-624dfb118109,VCCINT_1V0,15.05,27.2,1.0,1.45,0.0,0.0,1,"B.Cu,B.Mask,B.Paste"
C23,2,00178df1-f784-43b0-81d8-19130e8840fd,GND,16.95,27.2,1.0,1.45,0.0,0.0,1,"B.Cu,B.Mask,B.Paste"
C24,1,7528b27b-7a6d-45e6-ac78-76763684df3e,VCCINT_1V0,27.75,19.95,1.0,1.45,0.0,0.0,1,"B.Cu,B.Mask,B.Paste"
C24,2,0df00652-3808-4c1d-a78c-f6c8281fa9f0,GND,29.65,19.95,1.0,1.45,0.0,0.0,1,"B.Cu,B.Mask,B.Paste"
C25,1,ae3d4850-40f6-4d96-8db3-8e5879bd6691,VCCINT_1V0,19.1,28.65,1.0,1.45,0.0,0.0,1,"B.Cu,B.Mask,B.Paste"
C25,2,26e42337-640c-40d0-8690-aa4f41ffe516,GND,21.0,28.65,1.0,1.45,0.0,0.0,1,"B.Cu,B.Mask,B.Paste"
C26,1,a6637244-89c2-407d-9883-bba58b5bfbe8,VCCINT_1V0,12.8,10.6,1.0,1.45,0.0,0.0,1,"B.Cu,B.Mask,B.Paste"
C26,2,1b3a0caf-9766-4d5e-9afe-bdaa62a958ae,GND,14.7,10.6,1.0,1.45,0.0,0.0,1,"B.Cu,B.Mask,B.Paste"
C27,1,d0cc7de9-4353-4426-a9d2-c75a8825242d,VCCINT_1V0,23.8,28.35,1.0,1.45,0.0,0.0,1,"B.Cu,B.Mask,B.Paste"
C27,2,be1ae808-0623-43bc-ba48-8ce5813da288,GND,23.8,26.45,1.0,1.45,0.0,0.0,1,"B.Cu,B.Mask,B.Paste"
C28,1,625a7286-3976-47a7-a1ce-3b6cbb765128,VCCINT_1V0,18.0,22.075,0.9,0.95,0.0,0.0,1,"B.Cu,B.Mask,B.Paste"
C28,2,7e022022-4a63-4351-bfa8-6fbb3f16c5ec,GND,18.0,20.525,0.9,0.95,0.0,0.0,1,"B.Cu,B.Mask,B.Paste"
C29,1,226ef8f0-bf34-4194-b66c-7c025b4ad462,VCCINT_1V0,16.95,18.875,0.9,0.95,0.0,0.0,1,"B.Cu,B.Mask,B.Paste"
C29,2,44f24722-7f8d-45b9-936d-08fe816b614f,GND,16.95,17.325,0.9,0.95,0.0,0.0,1,"B.Cu,B.Mask,B.Paste"
C30,1,35bbb3b0-2af8-46ac-857a-4d4adc7bd94a,VCCINT_1V0,20.675,22.95,0.9,0.95,0.0,0.0,1,"B.Cu,B.Mask,B.Paste"
C30,2,71dbf828-9dd3-4920-9528-bc356b7282ba,GND,22.225,22.95,0.9,0.95,0.0,0.0,1,"B.Cu,B.Mask,B.Paste"
C31,1,d757fe0d-38b7-450c-9f19-8e2638ed7bab,VCCINT_1V0,17.7,14.875,0.9,0.95,0.0,0.0,1,"B.Cu,B.Mask,B.Paste"
C31,2,6bcb3ef0-895d-4e89-94a4-32971fb2c49f,GND,17.7,13.325,0.9,0.95,0.0,0.0,1,"B.Cu,B.Mask,B.Paste"
C32,1,f20fb90e-ed5d-4a72-b2e8-8c7c3bcd6188,VCCINT_1V0,16.3,22.075,0.9,0.95,0.0,0.0,1,"B.Cu,B.Mask,B.Paste"
C32,2,7f469162-b8f3-43b6-9694-99053f485e2c,GND,16.3,20.525,0.9,0.95,0.0,0.0,1,"B.Cu,B.Mask,B.Paste"
C33,1,863f0854-07ce-4e34-af18-450b37e7ab9d,VCCINT_1V0,16.0,15.625,0.9,0.95,0.0,0.0,1,"B.Cu,B.Mask,B.Paste"
C33,2,d1720ac4-5445-41a7-9941-bd0b31f22c97,GND,16.0,14.075,0.9,0.95,0.0,0.0,1,"B.Cu,B.Mask,B.Paste"
C34,1,f0a679d5-bed2-475b-a45c-2b7a043dd496,VCCINT_1V0,15.25,18.825,0.9,0.95,0.0,0.0,1,"B.Cu,B.Mask,B.Paste"
C34,2,3dfa2981-59cb-4e10-a4aa-228051601af9,GND,15.25,17.275,0.9,0.95,0.0,0.0,1,"B.Cu,B.Mask,B.Paste"
C35,1,706a7a27-6ee8-41e5-9af7-4ddb9b03ec29,VCCINT_1V0,23.9,22.775,0.9,0.95,0.0,0.0,1,"B.Cu,B.Mask,B.Paste"
C35,2,a3c22214-20cf-4a7d-a4f3-710750aa5ca2,GND,23.9,21.225,0.9,0.95,0.0,0.0,1,"B.Cu,B.Mask,B.Paste"
C36,1,8b3e0d0c-80c7-4c27-a036-9019b5dee413,VCCINT_1V0,22.15,17.975,0.9,0.95,0.0,0.0,1,"B.Cu,B.Mask,B.Paste"
C36,2,b5300267-1a12-486f-b949-33c202fcfddc,GND,22.15,16.425,0.9,0.95,0.0,0.0,1,"B.Cu,B.Mask,B.Paste"
C37,1,1cf7296b-25b3-4cb7-88fb-500fe848482b,VCCINT_1V0,19.625,13.45,0.9,0.95,0.0,0.0,1,"B.Cu,B.Mask,B.Paste"
C37,2,80600a01-fcac-4770-b694-c6ef7547eae2,GND,21.175,13.45,0.9,0.95,0.0,0.0,1,"B.Cu,B.Mask,B.Paste"
C40,1,c451390c-4f41-41c7-8886-d444cd08d791,VCCAUX_1V8,28.825,6.1,1.15,2.7,0.0,0.0,1,"B.Cu,B.Mask,B.Paste"
C40,2,03ae0430-58ba-41cc-8c98-dc4aa6cd61e8,GND,31.775,6.1,1.15,2.7,0.0,0.0,1,"B.Cu,B.Mask,B.Paste"
C41,1,7ad1b51b-fd61-4a1a-b3c1-791b3a1ae844,VCCAUX_1V8,21.5,26.6,1.0,1.45,0.0,0.0,1,"B.Cu,B.Mask,B.Paste"
C41,2,4d22e292-da39-405f-b64c-364a9177f9ac,GND,21.5,24.7,1.0,1.45,0.0,0.0,1,"B.Cu,B.Mask,B.Paste"
C42,1,1bb84878-4793-43a9-b382-a4168bc229fc,VCCAUX_1V8,28.5,15.35,1.0,1.45,0.0,0.0,1,"B.Cu,B.Mask,B.Paste"
C42,2,02d8186a-2ec5-44bd-9adc-869d16daa307,GND,28.5,13.45,1.0,1.45,0.0,0.0,1,"B.Cu,B.Mask,B.Paste"
C43,1,55a73114-ce39-4aaf-ae8b-752051953573,VCCAUX_1V8,22.0,21.275,0.9,0.95,0.0,0.0,1,"B.Cu,B.Mask,B.Paste"
C43,2,b7cb2531-365b-44e1-8e07-7c81f5c691b9,GND,22.0,19.725,0.9,0.95,0.0,0.0,1,"B.Cu,B.Mask,B.Paste"
C44,1,87c68e6d-3080-45ba-b0ae-0c652adcf522,VCCAUX_1V8,24.0,19.575,0.9,0.95,0.0,0.0,1,"B.Cu,B.Mask,B.Paste"
C44,2,55e3cf4a-c2bc-40ff-b2de-7b6260fa56ad,GND,24.0,18.025,0.9,0.95,0.0,0.0,1,"B.Cu,B.Mask,B.Paste"
C45,1,1eb21cd3-b4b8-4e84-a6da-f39018c7e7b2,VCCAUX_1V8,20.25,21.275,0.9,0.95,0.0,0.0,1,"B.Cu,B.Mask,B.Paste"
C45,2,e5407526-0fc3-49dd-90cb-22c4ef2892b8,GND,20.25,19.725,0.9,0.95,0.0,0.0,1,"B.Cu,B.Mask,B.Paste"
C46,1,316da883-6a4b-4e6d-bc79-79042b51791b,VCCAUX_1V8,24.75,16.325,0.9,0.95,0.0,0.0,1,"B.Cu,B.Mask,B.Paste"
C46,2,d2c4b025-fd30-4e55-bf8e-71c245043047,GND,24.75,14.775,0.9,0.95,0.0,0.0,1,"B.Cu,B.Mask,B.Paste"
C50,1,4d59cf74-7209-4ef8-a1bb-b5dd1293d708,VCC_CFG_3V3,19.375,31.65,1.15,2.7,0.0,0.0,1,"B.Cu,B.Mask,B.Paste"
C50,2,28106009-8cf9-48e0-82d4-ab3041919bc0,GND,22.325,31.65,1.15,2.7,0.0,0.0,1,"B.Cu,B.Mask,B.Paste"
C51,1,060a48a9-c608-4f5d-a5ae-9a10e3a2642c,VCC_CFG_3V3,28.75,26.15,1.0,1.45,0.0,0.0,1,"B.Cu,B.Mask,B.Paste"
C51,2,55e8cf87-ce46-4adf-b316-ccbdb8ed1863,GND,28.75,24.25,1.0,1.45,0.0,0.0,1,"B.Cu,B.Mask,B.Paste"
C52,1,44a919b6-d56a-4267-bd6d-c87adaf8aa46,VCC_CFG_3V3,25.8,28.2,1.0,1.45,0.0,0.0,1,"B.Cu,B.Mask,B.Paste"
C52,2,a1d766b8-4454-4adb-811c-fe28412c1cef,GND,27.7,28.2,1.0,1.45,0.0,0.0,1,"B.Cu,B.Mask,B.Paste"
C53,1,f37b1964-6f80-4f4a-9aa0-889b207480c1,VCC_CFG_3V3,26.8,26.075,0.9,0.95,0.0,0.0,1,"B.Cu,B.Mask,B.Paste"
C53,2,3bb5b714-bfae-46d7-815c-d46074d3e631,GND,26.8,24.525,0.9,0.95,0.0,0.0,1,"B.Cu,B.Mask,B.Paste"
C54,1,80bf976e-b414-4a3b-883b-d7ba26b2edba,VCC_CFG_3V3,26.0,20.475,0.9,0.95,0.0,0.0,1,"B.Cu,B.Mask,B.Paste"
C54,2,114f13a6-ba7c-44ff-874c-57144592ce73,GND,26.0,18.925,0.9,0.95,0.0,0.0,1,"B.Cu,B.Mask,B.Paste"
C55,1,1a83551e-16c0-480f-ad60-acfc4811aa42,VCC_CFG_3V3,23.475,24.7,0.9,0.95,0.0,0.0,1,"B.Cu,B.Mask,B.Paste"
C55,2,290fcd41-0f40-4277-888b-c1a451df0f66,GND,25.025,24.7,0.9,0.95,0.0,0.0,1,"B.Cu,B.Mask,B.Paste"
C56,1,60387e93-f3d1-4f3c-b48f-9f04ec4d91b7,VCC_CFG_3V3,25.625,22.25,0.9,0.95,0.0,0.0,1,"B.Cu,B.Mask,B.Paste"
C56,2,61823fe7-153a-4e37-b38f-ab44f8812a29,GND,27.175,22.25,0.9,0.95,0.0,0.0,1,"B.Cu,B.Mask,B.Paste"
C57,1,045862ef-98a3-4c22-b3a0-80b5419d4d97,VCC_CFG_3V3,19.7,8.0,1.0,1.45,0.0,0.0,1,"B.Cu,B.Mask,B.Paste"
C57,2,eea4a420-2ead-414c-88ae-a57c2ec7f9bc,GND,21.6,8.0,1.0,1.45,0.0,0.0,1,"B.Cu,B.Mask,B.Paste"
C58,1,90dad130-a453-4ae5-8f7c-ff1dc5ad2786,VCC_CFG_3V3,15.95,8.0,1.0,1.45,0.0,0.0,1,"B.Cu,B.Mask,B.Paste"
C58,2,6d21f278-0109-4cbf-9603-b3d7cd3c94b3,GND,17.85,8.0,1.0,1.45,0.0,0.0,1,"B.Cu,B.Mask,B.Paste"
C59,1,96146210-8803-44c3-aa87-0a5a43396ec5,VCC_CFG_3V3,19.875,11.75,0.9,0.95,0.0,0.0,1,"B.Cu,B.Mask,B.Paste"
C59,2,b512e587-b050-4acf-8a77-84f604ba302b,GND,21.425,11.75,0.9,0.95,0.0,0.0,1,"B.Cu,B.Mask,B.Paste"
C60,1,59f76533-70ba-4034-a938-05565d73773f,VCC_CFG_3V3,19.875,10.0,0.9,0.95,0.0,0.0,1,"B.Cu,B.Mask,B.Paste"
C60,2,3df345a0-5126-4e18-91b5-74f028f7d4a2,GND,21.425,10.0,0.9,0.95,0.0,0.0,1,"B.Cu,B.Mask,B.Paste"
C61,1,cc3217e8-bff4-4ea6-bb0e-96865cace2c1,VCC_CFG_3V3,23.15,13.025,0.9,0.95,0.0,0.0,1,"B.Cu,B.Mask,B.Paste"
C61,2,f7da920b-9a8f-46e8-97c2-01d63593d272,GND,23.15,11.475,0.9,0.95,0.0,0.0,1,"B.Cu,B.Mask,B.Paste"
C62,1,9327359b-27c0-47d2-b263-cd0fcce194a6,VCC_CFG_3V3,18.15,11.525,0.9,0.95,0.0,0.0,1,"B.Cu,B.Mask,B.Paste"
C62,2,d78f4406-38be-41c8-8011-30ed592e389a,GND,18.15,9.975,0.9,0.95,0.0,0.0,1,"B.Cu,B.Mask,B.Paste"
C63,1,b36c81e6-56c8-4503-a6b2-577f414f5da1,VCC_CFG_3V3,28.825,31.1,1.15,2.7,0.0,0.0,1,"B.Cu,B.Mask,B.Paste"
C63,2,91b73dcc-6864-456f-97ef-61e0a4ae4856,GND,31.775,31.1,1.15,2.7,0.0,0.0,1,"B.Cu,B.Mask,B.Paste"
C64,1,4de4c630-a11a-4f69-bad2-7a2a72e4ef8c,VCC_ASIC_1V5,30.73,12.149999,1.0,1.45,0.0,0.0,1,"B.Cu,B.Mask,B.Paste"
C64,2,016c2427-3137-46d6-9f73-f3b9eebcb38e,GND,30.73,10.249999,1.0,1.45,0.0,0.0,1,"B.Cu,B.Mask,B.Paste"
C65,1,bf148120-79ec-48ee-b6bc-70818fe82135,VCC_ASIC_1V5,29.7,17.5,1.0,1.45,0.0,0.0,1,"B.Cu,B.Mask,B.Paste"
C65,2,9658d21b-9645-4c05-8795-49479e9de7be,GND,31.6,17.5,1.0,1.45,0.0,0.0,1,"B.Cu,B.Mask,B.Paste"
C66,1,cf1c3ceb-f19e-4ee0-a0ed-9dd80a77bbe5,VCC_ASIC_1V5,25.225,11.7,0.9,0.95,0.0,0.0,1,"B.Cu,B.Mask,B.Paste"
C66,2,6af1b247-bd5d-43e4-a672-846e23d046b0,GND,26.775,11.7,0.9,0.95,0.0,0.0,1,"B.Cu,B.Mask,B.Paste"
C67,1,7afb948f-b8d1-43d5-a034-b78760d57061,VCC_ASIC_1V5,26.425,17.1,0.9,0.95,0.0,0.0,1,"B.Cu,B.Mask,B.Paste"
C67,2,2c465fbf-538e-4d71-9ce6-cef49df6fecb,GND,27.975,17.1,0.9,0.95,0.0,0.0,1,"B.Cu,B.Mask,B.Paste"
C68,1,58246d6b-bad6-4508-8de6-6df93f12af96,VCC_ASIC_1V5,26.45,15.125,0.9,0.95,0.0,0.0,1,"B.Cu,B.Mask,B.Paste"
C68,2,8bd7dc50-5002-4dda-a474-71f3d16ac6a4,GND,26.45,13.575,0.9,0.95,0.0,0.0,1,"B.Cu,B.Mask,B.Paste"
C69,1,d0499006-bf64-4441-b527-a13e8b3188dd,VCC_ASIC_1V5,28.48,11.755,0.9,0.95,0.0,0.0,1,"B.Cu,B.Mask,B.Paste"
C69,2,727ece20-1849-44fa-b962-a8c3e71cdf2f,GND,28.48,10.205,0.9,0.95,0.0,0.0,1,"B.Cu,B.Mask,B.Paste"
C70,1,f2e956b9-0456-4f53-a576-3a146644327e,VCC_ASIC_1V5,12.05,25.0,1.0,1.45,0.0,0.0,1,"B.Cu,B.Mask,B.Paste"
C70,2,a59f3f4e-6a59-4fde-9e9e-a83dfd66bb8c,GND,12.05,23.1,1.0,1.45,0.0,0.0,1,"B.Cu,B.Mask,B.Paste"
C71,1,b42e1d5b-42a8-45a1-9e93-d634f67c06e9,VCC_ASIC_1V5,11.35,27.05,1.0,1.45,0.0,0.0,1,"B.Cu,B.Mask,B.Paste"
C71,2,906437b5-3237-4578-b152-65d73d06bb7e,GND,13.25,27.05,1.0,1.45,0.0,0.0,1,"B.Cu,B.Mask,B.Paste"
C72,1,708a9a2b-4c48-44e3-9b2d-2973985e049b,VCC_ASIC_1V5,18.8,26.075,0.9,0.95,0.0,0.0,1,"B.Cu,B.Mask,B.Paste"
C72,2,0ce4c2d9-5a97-4870-bd3e-e63bd1def199,GND,18.8,24.525,0.9,0.95,0.0,0.0,1,"B.Cu,B.Mask,B.Paste"
C73,1,51265694-ce32-406f-a1ae-a02872209ce6,VCC_ASIC_1V5,14.0,24.475,0.9,0.95,0.0,0.0,1,"B.Cu,B.Mask,B.Paste"
C73,2,55920d1c-0310-4ce3-855b-4289a079f6d4,GND,14.0,22.925,0.9,0.95,0.0,0.0,1,"B.Cu,B.Mask,B.Paste"
C74,1,60c718fe-29c3-43cc-972c-125edd619704,VCC_ASIC_1V5,16.399999,25.275,0.9,0.95,0.0,0.0,1,"B.Cu,B.Mask,B.Paste"
C74,2,93e9942e-f241-426c-b78d-974c68f935d1,GND,16.399999,23.725,0.9,0.95,0.0,0.0,1,"B.Cu,B.Mask,B.Paste"
C75,1,7de13002-59b4-465b-aa1c-56154845ec02,VCC_ASIC_1V5,13.075,21.15,0.9,0.95,0.0,0.0,1,"B.Cu,B.Mask,B.Paste"
C75,2,3a8850db-f984-475a-aabb-50d0b930d718,GND,14.625,21.15,0.9,0.95,0.0,0.0,1,"B.Cu,B.Mask,B.Paste"
C76,1,e154c6c5-87cb-4f56-9645-df1dcad8931f,VCC_ASIC_1V5,10.55,17.25,1.0,1.45,0.0,0.0,1,"B.Cu,B.Mask,B.Paste"
C76,2,09f36373-b852-452b-9af6-4d61a33fecf3,GND,10.55,15.35,1.0,1.45,0.0,0.0,1,"B.Cu,B.Mask,B.Paste"
C77,1,87d5aeee-70b6-40eb-a8cf-bf39f8d44dde,VCC_ASIC_1V5,10.55,13.5,1.0,1.45,0.0,0.0,1,"B.Cu,B.Mask,B.Paste"
C77,2,f10c050b-4e9f-41a5-8ed2-9bffc11e9625,GND,10.55,11.6,1.0,1.45,0.0,0.0,1,"B.Cu,B.Mask,B.Paste"
C78,1,d2980dfc-4a62-449a-bd85-f00ac2f4628f,VCC_ASIC_1V5,13.2,18.875,0.9,0.95,0.0,0.0,1,"B.Cu,B.Mask,B.Paste"
C78,2,8d5fded5-f3da-4819-b921-39b3ca97cf8e,GND,13.2,17.325,0.9,0.95,0.0,0.0,1,"B.Cu,B.Mask,B.Paste"
C79,1,60afe2fd-ddad-4743-89f9-6e748f170a00,VCC_ASIC_1V5,14.3,14.075,0.9,0.95,0.0,0.0,1,"B.Cu,B.Mask,B.Paste"
C79,2,47bbec27-b101-4a68-bbf6-150c4426f350,GND,14.3,12.525,0.9,0.95,0.0,0.0,1,"B.Cu,B.Mask,B.Paste"
C80,1,2d6e4d3b-d345-41b1-958e-9ecc8e680550,VCC_ASIC_1V5,12.55,15.575,0.9,0.95,0.0,0.0,1,"B.Cu,B.Mask,B.Paste"
C80,2,d5b4d0a9-f54e-4240-9485-1e33cabd3bf2,GND,12.55,14.025,0.9,0.95,0.0,0.0,1,"B.Cu,B.Mask,B.Paste"
C81,1,f0d9e43f-0d5b-4b5f-bd74-a7c5be2654da,VCC_ASIC_1V5,16.45,11.625,0.9,0.95,0.0,0.0,1,"B.Cu,B.Mask,B.Paste"
C81,2,4b4999a4-9d2f-46b4-ab46-b77ff6ed2f61,GND,16.45,10.075,0.9,0.95,0.0,0.0,1,"B.Cu,B.Mask,B.Paste"
C82,1,0b1e55ca-413c-4ab8-a527-472aefd22435,VCC_ASIC_1V5,31.100001,26.025,1.15,2.7,0.0,0.0,1,"F.Cu,F.Mask,F.Paste"
C82,2,18edab53-692c-4076-8b33-b7343ea4f36c,GND,31.100001,23.075,1.15,2.7,0.0,0.0,1,"F.Cu,F.Mask,F.Paste"
C90,1,7d33e4b9-3ad8-4f0a-8644-95b0e1d4e5d4,VCCAUX_1V8,20.4,18.075,0.9,0.95,0.0,0.0,1,"B.Cu,B.Mask,B.Paste"
C90,2,be870a69-dbec-4fd1-b81f-c565deaf35f5,GND,20.4,16.525,0.9,0.95,0.0,0.0,1,"B.Cu,B.Mask,B.Paste"
C91,1,4915c441-2aea-4341-bc74-6e17faa176cd,VCCAUX_1V8,18.65,18.075,0.9,0.95,0.0,0.0,1,"B.Cu,B.Mask,B.Paste"
C91,2,a9896240-fec5-45ff-a284-1516c0414feb,GND,18.65,16.525,0.9,0.95,0.0,0.0,1,"B.Cu,B.Mask,B.Paste"
C100,1,fcfab2dd-30d3-4270-b97a-ede499192faf,VCC_CFG_3V3,23.05,4.78,0.56,0.62,0.0,0.0,1,"B.Cu,B.Mask,B.Paste"
C100,2,ab7eda58-8a3b-4c4c-81d3-95000de86c21,GND,23.05,3.82,0.56,0.62,0.0,0.0,1,"B.Cu,B.Mask,B.Paste"
C101,1,80983435-f0de-403e-a0a8-28566458b45b,VCC_CFG_3V3,24.3,4.78,0.56,0.62,0.0,0.0,1,"B.Cu,B.Mask,B.Paste"
C101,2,3b90087f-11cc-4a1b-b89c-dcde658f5e6a,GND,24.3,3.82,0.56,0.62,0.0,0.0,1,"B.Cu,B.Mask,B.Paste"
C102,1,3f0f2a1c-93bf-4dff-9aa7-a3c3345d5471,VCC_CFG_3V3,1.96,10.730001,0.56,0.62,0.0,0.0,1,"F.Cu,F.Mask,F.Paste"
C102,2,ccbaf6ca-927d-464c-adcf-84e7222197c8,GND,1.96,9.770001,0.56,0.62,0.0,0.0,1,"F.Cu,F.Mask,F.Paste"
C103,1,1689a569-8f6b-4bd1-bfa8-b7501c848fa7,VCC_CFG_3V3,1.96,12.980001,0.56,0.62,0.0,0.0,1,"F.Cu,F.Mask,F.Paste"
C103,2,c04dd0af-ee66-41e7-af3b-8a4f1df6ea96,GND,1.96,12.020001,0.56,0.62,0.0,0.0,1,"F.Cu,F.Mask,F.Paste"
J4,1,9acf6a50-a2b0-41a3-aa61-a8863050eb0a,VCC_CFG_3V3,26.425,3.7,0.23,0.85,0.0,0.0,1,"F.Cu,F.Mask,F.Paste"
J4,2,78fa3568-5486-4ccd-8f46-d5c0d28edcb6,JTAG_TMS,27.65,3.9,0.23,1.0,0.0,0.0,1,"F.Cu,F.Mask,F.Paste"
J4,3,ad8fd1cb-b103-4269-991f-353cb00b92c3,unconnected-(J4-PAIR0_P_RESERVED-Pad3),26.425,4.1,0.23,0.85,0.0,0.0,1,"F.Cu,F.Mask,F.Paste"
J4,4,f0646a2c-6cf4-4314-bce8-c7c7530a3a09,GND,27.65,4.3,0.23,1.0,0.0,0.0,1,"F.Cu,F.Mask,F.Paste"
J4,5,da099d67-534e-4c14-86d4-0f364281aa70,unconnected-(J4-PAIR0_N_RESERVED-Pad5),26.425,4.5,0.23,0.85,0.0,0.0,1,"F.Cu,F.Mask,F.Paste"
J4,6,1f3c33c8-3d00-4be0-b758-4902fb367b9f,unconnected-(J4-PAIR1_P_RESERVED-Pad6),27.65,4.7,0.23,1.0,0.0,0.0,1,"F.Cu,F.Mask,F.Paste"
J4,7,39c88b3c-f39d-4310-94a9-3c19c3220747,GND,26.425,4.9,0.23,0.85,0.0,0.0,1,"F.Cu,F.Mask,F.Paste"
J4,8,9cae5b51-2e8b-4c63-9ee2-b33362a7d56a,unconnected-(J4-PAIR1_N_RESERVED-Pad8),27.65,5.1,0.23,1.0,0.0,0.0,1,"F.Cu,F.Mask,F.Paste"
J4,9,46a71ef1-546a-421c-86da-1680dee8b4dc,unconnected-(J4-PAIR2_P_RESERVED-Pad9),26.425,5.3,0.23,0.85,0.0,0.0,1,"F.Cu,F.Mask,F.Paste"
J4,10,e2f30437-895b-4691-a8d2-018405cf37ff,GND,27.65,5.5,0.23,1.0,0.0,0.0,1,"F.Cu,F.Mask,F.Paste"
J4,11,d85757dc-26d7-4ea9-8be8-e550d7ef927a,unconnected-(J4-PAIR2_N_RESERVED-Pad11),26.425,5.7,0.23,0.85,0.0,0.0,1,"F.Cu,F.Mask,F.Paste"
J4,12,3908639b-3334-40f3-8dc6-4745b6eb6672,unconnected-(J4-PAIR3_P_RESERVED-Pad12),27.65,5.9,0.23,1.0,0.0,0.0,1,"F.Cu,F.Mask,F.Paste"
J4,13,4a8a9201-9169-4fe5-8378-9bef37098024,GND,26.425,6.1,0.23,0.85,0.0,0.0,1,"F.Cu,F.Mask,F.Paste"
J4,14,d10e4d2f-227d-4d10-8b7c-4edb74a85e31,unconnected-(J4-PAIR3_N_RESERVED-Pad14),27.65,6.3,0.23,1.0,0.0,0.0,1,"F.Cu,F.Mask,F.Paste"
J4,15,3d38914c-dc34-4708-8017-fe7f38f76402,JTAG_TDI,26.425,6.5,0.23,0.85,0.0,0.0,1,"F.Cu,F.Mask,F.Paste"
J4,16,394608a2-c9b7-423f-9c45-628efd2541a3,GND,27.65,6.7,0.23,1.0,0.0,0.0,1,"F.Cu,F.Mask,F.Paste"
J4,17,ececaf84-89db-4e28-9783-3dcc70904b03,JTAG_TCK,26.425,6.9,0.23,0.85,0.0,0.0,1,"F.Cu,F.Mask,F.Paste"
J4,18,d526a0b0-37bb-4088-a41f-8c5a8306e406,JTAG_TDO,27.65,7.1,0.23,1.0,0.0,0.0,1,"F.Cu,F.Mask,F.Paste"
J4,19,b3e9300f-be6a-40f2-ad79-ad5cf8517473,LINK_12V,26.425,7.3,0.23,0.85,0.0,0.0,1,"F.Cu,F.Mask,F.Paste"
J4,SH,90667109-ca9a-43c8-b368-4ed782462034,GND,27.84,8.6,1.5,2.55,0.65,1.7,0,"F.Cu,F.Mask,B.Cu,B.Mask,In1.Cu,In2.Cu,In3.Cu,In4.Cu,In5.Cu,In6.Cu,In7.Cu,In8.Cu,In9.Cu,In10.Cu,In11.Cu,In12.Cu,In13.Cu,In14.Cu,In15.Cu,In16.Cu,In17.Cu,In18.Cu,In19.Cu,In20.Cu,In21.Cu,In22.Cu,In23.Cu,In24.Cu,In25.Cu,In26.Cu,In27.Cu,In28.Cu,In29.Cu,In30.Cu"
J4,SH,ca55ae5c-c2de-416a-8fe1-3ff41c192b85,GND,31.2,8.6,1.5,2.55,0.65,1.7,0,"F.Cu,F.Mask,B.Cu,B.Mask,In1.Cu,In2.Cu,In3.Cu,In4.Cu,In5.Cu,In6.Cu,In7.Cu,In8.Cu,In9.Cu,In10.Cu,In11.Cu,In12.Cu,In13.Cu,In14.Cu,In15.Cu,In16.Cu,In17.Cu,In18.Cu,In19.Cu,In20.Cu,In21.Cu,In22.Cu,In23.Cu,In24.Cu,In25.Cu,In26.Cu,In27.Cu,In28.Cu,In29.Cu,In30.Cu"
J4,SH,5624c1b6-3fe4-490e-b35b-e128771579a1,GND,27.84,2.4,1.5,2.55,0.65,1.7,0,"F.Cu,F.Mask,B.Cu,B.Mask,In1.Cu,In2.Cu,In3.Cu,In4.Cu,In5.Cu,In6.Cu,In7.Cu,In8.Cu,In9.Cu,In10.Cu,In11.Cu,In12.Cu,In13.Cu,In14.Cu,In15.Cu,In16.Cu,In17.Cu,In18.Cu,In19.Cu,In20.Cu,In21.Cu,In22.Cu,In23.Cu,In24.Cu,In25.Cu,In26.Cu,In27.Cu,In28.Cu,In29.Cu,In30.Cu"
J4,SH,e5f5dd5c-7094-4356-9a1c-3aec07fb3567,GND,31.2,2.4,1.5,2.55,0.65,1.7,0,"F.Cu,F.Mask,B.Cu,B.Mask,In1.Cu,In2.Cu,In3.Cu,In4.Cu,In5.Cu,In6.Cu,In7.Cu,In8.Cu,In9.Cu,In10.Cu,In11.Cu,In12.Cu,In13.Cu,In14.Cu,In15.Cu,In16.Cu,In17.Cu,In18.Cu,In19.Cu,In20.Cu,In21.Cu,In22.Cu,In23.Cu,In24.Cu,In25.Cu,In26.Cu,In27.Cu,In28.Cu,In29.Cu,In30.Cu"
J5,,f028428e-956f-4eb3-ad82-ff9734e0fa8f,,4.135,1.83,1.02,1.02,1.02,1.02,3,"F.Cu,F.Mask,B.Cu,B.Mask,In1.Cu,In2.Cu,In3.Cu,In4.Cu,In5.Cu,In6.Cu,In7.Cu,In8.Cu,In9.Cu,In10.Cu,In11.Cu,In12.Cu,In13.Cu,In14.Cu,In15.Cu,In16.Cu,In17.Cu,In18.Cu,In19.Cu,In20.Cu,In21.Cu,In22.Cu,In23.Cu,In24.Cu,In25.Cu,In26.Cu,In27.Cu,In28.Cu,In29.Cu,In30.Cu"
J5,,96c6320f-a848-486c-8ce9-b67c22eab9ab,,24.265,1.83,1.02,1.02,1.02,1.02,3,"F.Cu,F.Mask,B.Cu,B.Mask,In1.Cu,In2.Cu,In3.Cu,In4.Cu,In5.Cu,In6.Cu,In7.Cu,In8.Cu,In9.Cu,In10.Cu,In11.Cu,In12.Cu,In13.Cu,In14.Cu,In15.Cu,In16.Cu,In17.Cu,In18.Cu,In19.Cu,In20.Cu,In21.Cu,In22.Cu,In23.Cu,In24.Cu,In25.Cu,In26.Cu,In27.Cu,In28.Cu,In29.Cu,In30.Cu"
J5,1,e9844470-1384-43fb-83a1-7733df2723cc,,6.94855,7.365,0.279,2.27,0.0,0.0,1,"F.Cu,F.Mask,F.Paste"
J5,2,61bfdead-00d5-41ca-b95a-e250ab50e4b8,,6.94855,1.635,0.279,2.27,0.0,0.0,1,"F.Cu,F.Mask,F.Paste"
J5,3,03bcaa5f-e983-4594-886c-df97cc5c3f93,,7.44865,7.365,0.279,2.27,0.0,0.0,1,"F.Cu,F.Mask,F.Paste"
J5,4,fad8f640-501c-4f92-b672-6902356f73c6,,7.44865,1.635,0.279,2.27,0.0,0.0,1,"F.Cu,F.Mask,F.Paste"
J5,5,a0a69957-cae3-41c4-b257-2eb2ad455022,,7.94875,7.365,0.279,2.27,0.0,0.0,1,"F.Cu,F.Mask,F.Paste"
J5,6,0c671b82-96db-47b1-ab64-bb967ca95dc2,,7.94875,1.635,0.279,2.27,0.0,0.0,1,"F.Cu,F.Mask,F.Paste"
J5,7,da6eb021-ba6d-4f70-99eb-2c35aa20172d,,8.44885,7.365,0.279,2.27,0.0,0.0,1,"F.Cu,F.Mask,F.Paste"
J5,8,2459f122-8b73-42c5-a3df-8d02a6ba9635,,8.44885,1.635,0.279,2.27,0.0,0.0,1,"F.Cu,F.Mask,F.Paste"
J5,9,a95d560b-c739-44fa-9b38-c251c9e994f9,,8.94895,7.365,0.279,2.27,0.0,0.0,1,"F.Cu,F.Mask,F.Paste"
J5,10,243d841f-f576-430e-95a3-9fd7716c17d6,,8.94895,1.635,0.279,2.27,0.0,0.0,1,"F.Cu,F.Mask,F.Paste"
J5,11,d29f1447-fdae-4865-8b38-7dc4793dbdba,,9.44905,7.365,0.279,2.27,0.0,0.0,1,"F.Cu,F.Mask,F.Paste"
J5,12,136cddb9-ad56-4f1a-9258-941161549b09,,9.44905,1.635,0.279,2.27,0.0,0.0,1,"F.Cu,F.Mask,F.Paste"
J5,13,94c92e5c-2581-4203-b3ab-72cb9bfdea28,,9.94915,7.365,0.279,2.27,0.0,0.0,1,"F.Cu,F.Mask,F.Paste"
J5,14,f4274b81-1cb0-49ec-b1a0-7dfd019d114a,,9.94915,1.635,0.279,2.27,0.0,0.0,1,"F.Cu,F.Mask,F.Paste"
J5,15,86ff0a9c-300f-466e-87fb-ec7eb97d8b48,,10.44925,7.365,0.279,2.27,0.0,0.0,1,"F.Cu,F.Mask,F.Paste"
J5,16,594f63df-22f4-4b50-b547-1d37ef5d2c42,,10.44925,1.635,0.279,2.27,0.0,0.0,1,"F.Cu,F.Mask,F.Paste"
J5,17,739ecbb2-67f0-41dd-aade-73d7f4c333c7,,10.94935,7.365,0.279,2.27,0.0,0.0,1,"F.Cu,F.Mask,F.Paste"
J5,18,31b28d28-373e-4e70-bf05-83f8a35511a2,,10.94935,1.635,0.279,2.27,0.0,0.0,1,"F.Cu,F.Mask,F.Paste"
J5,19,76cc2bce-dcd8-40fc-9ebd-700a181d92d4,,11.44945,7.365,0.279,2.27,0.0,0.0,1,"F.Cu,F.Mask,F.Paste"
J5,20,98125870-d4e4-4e72-b232-01b1855327fb,,11.44945,1.635,0.279,2.27,0.0,0.0,1,"F.Cu,F.Mask,F.Paste"
J5,21,226164c6-44f7-445e-9284-3ec6f149d7bc,,11.94955,7.365,0.279,2.27,0.0,0.0,1,"F.Cu,F.Mask,F.Paste"
J5,22,8ce79c1e-7f73-48c8-97c2-168eee9e5b44,,11.94955,1.635,0.279,2.27,0.0,0.0,1,"F.Cu,F.Mask,F.Paste"
J5,23,449662b1-93f5-45e9-9531-bb0347d20a49,,12.44965,7.365,0.279,2.27,0.0,0.0,1,"F.Cu,F.Mask,F.Paste"
J5,24,84c296e4-6261-4ef4-bfca-310f0fc8ad4c,,12.44965,1.635,0.279,2.27,0.0,0.0,1,"F.Cu,F.Mask,F.Paste"
J5,25,818316b7-9084-4fd5-b182-5dae002098a4,,12.94975,7.365,0.279,2.27,0.0,0.0,1,"F.Cu,F.Mask,F.Paste"
J5,26,837c75a7-0e54-4d2b-924d-9b96b1fbd47f,,12.94975,1.635,0.279,2.27,0.0,0.0,1,"F.Cu,F.Mask,F.Paste"
J5,27,67a025f1-69a4-455b-9759-9736894896ec,,13.44985,7.365,0.279,2.27,0.0,0.0,1,"F.Cu,F.Mask,F.Paste"
J5,28,87b5a4d5-0ff3-4b08-9a56-1e50e818c019,,13.44985,1.635,0.279,2.27,0.0,0.0,1,"F.Cu,F.Mask,F.Paste"
J5,29,be2621a3-bda2-4edc-a8eb-b9f6e0e2f89a,,13.94995,7.365,0.279,2.27,0.0,0.0,1,"F.Cu,F.Mask,F.Paste"
J5,30,9c933053-b7a5-4ef8-8fed-5f9220fe2d22,,13.94995,1.635,0.279,2.27,0.0,0.0,1,"F.Cu,F.Mask,F.Paste"
J5,31,cd08ad0a-520e-427a-b2e0-4748e279d0cc,,14.45005,7.365,0.279,2.27,0.0,0.0,1,"F.Cu,F.Mask,F.Paste"
J5,32,ab2d3ab3-1636-433e-8e68-bca75fce4eff,,14.45005,1.635,0.279,2.27,0.0,0.0,1,"F.Cu,F.Mask,F.Paste"
J5,33,9db0efd4-2832-4f71-8c89-42afd8976993,,14.95015,7.365,0.279,2.27,0.0,0.0,1,"F.Cu,F.Mask,F.Paste"
J5,34,d1644d1a-aef4-4c47-8a98-c3acfec8b46e,,14.95015,1.635,0.279,2.27,0.0,0.0,1,"F.Cu,F.Mask,F.Paste"
J5,35,02769c23-cbb7-4e0c-afcf-5bea0c620382,,15.45025,7.365,0.279,2.27,0.0,0.0,1,"F.Cu,F.Mask,F.Paste"
J5,36,8c621bed-49b4-47dc-b267-cb80047b686f,,15.45025,1.635,0.279,2.27,0.0,0.0,1,"F.Cu,F.Mask,F.Paste"
J5,37,8611b458-8139-45fb-a808-786501747d57,,15.95035,7.365,0.279,2.27,0.0,0.0,1,"F.Cu,F.Mask,F.Paste"
J5,38,4180e3f5-2d39-494f-bd01-746a911a4178,,15.95035,1.635,0.279,2.27,0.0,0.0,1,"F.Cu,F.Mask,F.Paste"
J5,39,9c0ef401-4090-4ef9-8400-3142816696a6,,16.45045,7.365,0.279,2.27,0.0,0.0,1,"F.Cu,F.Mask,F.Paste"
J5,40,ccdfae57-3c57-49ea-964b-feb49f7b579c,,16.45045,1.635,0.279,2.27,0.0,0.0,1,"F.Cu,F.Mask,F.Paste"
J5,41,bf8469ec-6785-481c-bd3e-6a7924a94ef5,,16.95055,7.365,0.279,2.27,0.0,0.0,1,"F.Cu,F.Mask,F.Paste"
J5,42,e272683e-a9fb-41a3-969d-da214cad242c,,16.95055,1.635,0.279,2.27,0.0,0.0,1,"F.Cu,F.Mask,F.Paste"
J5,43,2cf11ed1-2575-41cb-88e8-6a1509863182,,17.45065,7.365,0.279,2.27,0.0,0.0,1,"F.Cu,F.Mask,F.Paste"
J5,44,320a9c3c-0bc9-4690-9cc0-c039c595014f,,17.45065,1.635,0.279,2.27,0.0,0.0,1,"F.Cu,F.Mask,F.Paste"
J5,45,42b43a6a-45b4-4dee-8db6-8334ebc29517,,17.95075,7.365,0.279,2.27,0.0,0.0,1,"F.Cu,F.Mask,F.Paste"
J5,46,8d2c30f5-057e-45f5-bade-ccd26cf753aa,,17.95075,1.635,0.279,2.27,0.0,0.0,1,"F.Cu,F.Mask,F.Paste"
J5,47,2dc68065-1930-43f4-bd0c-9b6f3683b9ba,,18.45085,7.365,0.279,2.27,0.0,0.0,1,"F.Cu,F.Mask,F.Paste"
J5,48,c66b1fd0-4209-4a32-8797-970c7d0b5ef8,,18.45085,1.635,0.279,2.27,0.0,0.0,1,"F.Cu,F.Mask,F.Paste"
J5,49,0acf5249-8d00-448d-81a0-44d3f0d72c14,,18.95095,7.365,0.279,2.27,0.0,0.0,1,"F.Cu,F.Mask,F.Paste"
J5,50,a25cc273-37e0-45cc-a13a-488077a6212b,,18.95095,1.635,0.279,2.27,0.0,0.0,1,"F.Cu,F.Mask,F.Paste"
J5,51,47234f85-f552-48ac-b699-db2e2d1ed038,,19.45105,7.365,0.279,2.27,0.0,0.0,1,"F.Cu,F.Mask,F.Paste"
J5,52,8cc7db67-3d76-4ba3-9af0-25004af82a92,,19.45105,1.635,0.279,2.27,0.0,0.0,1,"F.Cu,F.Mask,F.Paste"
J5,53,972d9009-480d-4e3e-b59a-db6985b6c8f6,,19.95115,7.365,0.279,2.27,0.0,0.0,1,"F.Cu,F.Mask,F.Paste"
J5,54,a0d85249-fd52-4aa0-8344-7f5f993ea851,,19.95115,1.635,0.279,2.27,0.0,0.0,1,"F.Cu,F.Mask,F.Paste"
J5,55,d0b7488a-3c0e-47ec-941e-8414694a25c8,,20.45125,7.365,0.279,2.27,0.0,0.0,1,"F.Cu,F.Mask,F.Paste"
J5,56,65b71fa1-87c5-44ff-b3c9-e40c712e1a10,,20.45125,1.635,0.279,2.27,0.0,0.0,1,"F.Cu,F.Mask,F.Paste"
J5,57,509bce0c-b812-4a6c-8db2-7771321b4260,,20.95135,7.365,0.279,2.27,0.0,0.0,1,"F.Cu,F.Mask,F.Paste"
J5,58,af19634b-b193-494b-aa31-850aadae7a18,,20.95135,1.635,0.279,2.27,0.0,0.0,1,"F.Cu,F.Mask,F.Paste"
J5,59,31c2e881-6772-4378-9b8d-c28ccbe445a1,,21.45145,7.365,0.279,2.27,0.0,0.0,1,"F.Cu,F.Mask,F.Paste"
J5,60,fbc72a83-d11a-4585-a208-0f02bc54fee9,,21.45145,1.635,0.279,2.27,0.0,0.0,1,"F.Cu,F.Mask,F.Paste"
J5,G,44de79d0-6432-425e-bfda-cdbdac9f8a43,GND,6.135,4.5,2.54,0.43,0.0,0.0,1,"F.Cu,F.Mask,F.Paste"
J5,G,2331fc06-7d6a-422d-bbd8-80692c0316f1,GND,11.025,4.5,4.7,0.43,0.0,0.0,1,"F.Cu,F.Mask,F.Paste"
J5,G,907d5666-25d3-4339-9acc-351819c47a30,GND,17.375,4.5,4.7,0.43,0.0,0.0,1,"F.Cu,F.Mask,F.Paste"
J5,G,deaa4d3f-0dbc-41c6-ae6b-c253c242d228,GND,22.265,4.5,2.54,0.43,0.0,0.0,1,"F.Cu,F.Mask,F.Paste"
J6,,326511ca-9d24-4010-bf3c-0225e0d36e5a,,11.435,28.83,1.02,1.02,1.02,1.02,3,"F.Cu,F.Mask,B.Cu,B.Mask,In1.Cu,In2.Cu,In3.Cu,In4.Cu,In5.Cu,In6.Cu,In7.Cu,In8.Cu,In9.Cu,In10.Cu,In11.Cu,In12.Cu,In13.Cu,In14.Cu,In15.Cu,In16.Cu,In17.Cu,In18.Cu,In19.Cu,In20.Cu,In21.Cu,In22.Cu,In23.Cu,In24.Cu,In25.Cu,In26.Cu,In27.Cu,In28.Cu,In29.Cu,In30.Cu"
J6,,1b73a610-efd5-454f-9aa2-db6d004a6ab2,,31.565,28.83,1.02,1.02,1.02,1.02,3,"F.Cu,F.Mask,B.Cu,B.Mask,In1.Cu,In2.Cu,In3.Cu,In4.Cu,In5.Cu,In6.Cu,In7.Cu,In8.Cu,In9.Cu,In10.Cu,In11.Cu,In12.Cu,In13.Cu,In14.Cu,In15.Cu,In16.Cu,In17.Cu,In18.Cu,In19.Cu,In20.Cu,In21.Cu,In22.Cu,In23.Cu,In24.Cu,In25.Cu,In26.Cu,In27.Cu,In28.Cu,In29.Cu,In30.Cu"
J6,1,a4d7a471-0acf-4a20-9002-4aea986aafc4,,14.24855,34.365,0.279,2.27,0.0,0.0,1,"F.Cu,F.Mask,F.Paste"
J6,2,81577d58-f87a-4d8e-934d-b9f4961681c2,,14.24855,28.635,0.279,2.27,0.0,0.0,1,"F.Cu,F.Mask,F.Paste"
J6,3,c48b0fa5-0c83-49eb-a824-7427e6a77026,,14.74865,34.365,0.279,2.27,0.0,0.0,1,"F.Cu,F.Mask,F.Paste"
J6,4,6a6d00cc-22e7-4432-b537-ce42ff022b8f,,14.74865,28.635,0.279,2.27,0.0,0.0,1,"F.Cu,F.Mask,F.Paste"
J6,5,c2c56c32-ab78-4e99-8147-ce0c078577cb,,15.24875,34.365,0.279,2.27,0.0,0.0,1,"F.Cu,F.Mask,F.Paste"
J6,6,5640a16f-bdff-44d7-a465-3c6fb1b1a738,,15.24875,28.635,0.279,2.27,0.0,0.0,1,"F.Cu,F.Mask,F.Paste"
J6,7,5087f69c-6f85-4e10-8451-270308279deb,,15.74885,34.365,0.279,2.27,0.0,0.0,1,"F.Cu,F.Mask,F.Paste"
J6,8,68d87875-c0a7-4d74-8045-764b6e3f489b,,15.74885,28.635,0.279,2.27,0.0,0.0,1,"F.Cu,F.Mask,F.Paste"
J6,9,9430bc98-3ea9-4eae-a9cc-3856d99513b2,,16.24895,34.365,0.279,2.27,0.0,0.0,1,"F.Cu,F.Mask,F.Paste"
J6,10,9e7f8ed8-0611-4ad9-a6a0-6243ca1b3c82,,16.24895,28.635,0.279,2.27,0.0,0.0,1,"F.Cu,F.Mask,F.Paste"
J6,11,fbaa2bbd-4d65-4ce3-9bfd-88623ac3320e,,16.74905,34.365,0.279,2.27,0.0,0.0,1,"F.Cu,F.Mask,F.Paste"
J6,12,65996b37-499e-4c8e-a68e-2b6d4603e418,,16.74905,28.635,0.279,2.27,0.0,0.0,1,"F.Cu,F.Mask,F.Paste"
J6,13,39241113-5eed-4b9d-9644-e99781166753,,17.24915,34.365,0.279,2.27,0.0,0.0,1,"F.Cu,F.Mask,F.Paste"
J6,14,bfff36e8-db0f-40fe-b66d-0b4ec0242398,,17.24915,28.635,0.279,2.27,0.0,0.0,1,"F.Cu,F.Mask,F.Paste"
J6,15,c848c904-9fd6-465f-94a9-40b0a4371f31,,17.74925,34.365,0.279,2.27,0.0,0.0,1,"F.Cu,F.Mask,F.Paste"
J6,16,9ec27fd0-f227-4eba-90e1-2baf55d3ee83,,17.74925,28.635,0.279,2.27,0.0,0.0,1,"F.Cu,F.Mask,F.Paste"
J6,17,5bd584cb-9b64-40f2-ba13-49b5a5a1be7d,,18.24935,34.365,0.279,2.27,0.0,0.0,1,"F.Cu,F.Mask,F.Paste"
J6,18,7d81c558-0bb8-4560-b5b5-d7339c50b384,,18.24935,28.635,0.279,2.27,0.0,0.0,1,"F.Cu,F.Mask,F.Paste"
J6,19,dccf9816-70b6-4d55-8512-71e362a67c8a,,18.74945,34.365,0.279,2.27,0.0,0.0,1,"F.Cu,F.Mask,F.Paste"
J6,20,fd2c8177-79eb-425b-98bd-3f4fe655b9b2,,18.74945,28.635,0.279,2.27,0.0,0.0,1,"F.Cu,F.Mask,F.Paste"
J6,21,bb1ea2c0-81b0-4dca-87d4-66cb4544bf26,,19.24955,34.365,0.279,2.27,0.0,0.0,1,"F.Cu,F.Mask,F.Paste"
J6,22,2cc9603b-55ad-4588-a76c-5f985b9e4df6,,19.24955,28.635,0.279,2.27,0.0,0.0,1,"F.Cu,F.Mask,F.Paste"
J6,23,58c834f3-fcc6-475f-99ed-5eaa09707459,,19.74965,34.365,0.279,2.27,0.0,0.0,1,"F.Cu,F.Mask,F.Paste"
J6,24,cd1c0674-dfb5-461a-a79a-0c3a139bab1e,,19.74965,28.635,0.279,2.27,0.0,0.0,1,"F.Cu,F.Mask,F.Paste"
J6,25,7933e1cc-4239-4911-8af1-d174ddd13ab9,,20.24975,34.365,0.279,2.27,0.0,0.0,1,"F.Cu,F.Mask,F.Paste"
J6,26,cb0b3f1b-3ea9-4d3a-9116-d21343a349e2,,20.24975,28.635,0.279,2.27,0.0,0.0,1,"F.Cu,F.Mask,F.Paste"
J6,27,8145d0ad-2041-4ff1-8a9e-60c0e2341970,,20.74985,34.365,0.279,2.27,0.0,0.0,1,"F.Cu,F.Mask,F.Paste"
J6,28,259104ed-ecbc-4c2b-8b0a-d5db6b2537d6,,20.74985,28.635,0.279,2.27,0.0,0.0,1,"F.Cu,F.Mask,F.Paste"
J6,29,99db4f3c-c3a8-4878-b922-1f34672aa762,,21.24995,34.365,0.279,2.27,0.0,0.0,1,"F.Cu,F.Mask,F.Paste"
J6,30,43fde353-6176-4134-9e04-fa76dddec517,,21.24995,28.635,0.279,2.27,0.0,0.0,1,"F.Cu,F.Mask,F.Paste"
J6,31,0295ecfb-89e0-49e5-a57c-a5de768f0b7e,,21.75005,34.365,0.279,2.27,0.0,0.0,1,"F.Cu,F.Mask,F.Paste"
J6,32,9621504e-85d0-4a59-8b62-7a5d4f139910,,21.75005,28.635,0.279,2.27,0.0,0.0,1,"F.Cu,F.Mask,F.Paste"
J6,33,29cc3794-41fe-45d4-8c81-2bd2c0023027,,22.25015,34.365,0.279,2.27,0.0,0.0,1,"F.Cu,F.Mask,F.Paste"
J6,34,3272dbf8-2f54-4bb3-933f-148242b7bfe1,,22.25015,28.635,0.279,2.27,0.0,0.0,1,"F.Cu,F.Mask,F.Paste"
J6,35,edc2b685-4624-4d0d-8062-ab4c96017cbc,,22.75025,34.365,0.279,2.27,0.0,0.0,1,"F.Cu,F.Mask,F.Paste"
J6,36,15b0acb5-4e25-49e8-81f7-bc887d0d4eea,,22.75025,28.635,0.279,2.27,0.0,0.0,1,"F.Cu,F.Mask,F.Paste"
J6,37,9966f382-20c5-483f-a84a-5ff0305d7f48,,23.25035,34.365,0.279,2.27,0.0,0.0,1,"F.Cu,F.Mask,F.Paste"
J6,38,369702e5-6a2d-4d65-a164-703e3965c863,,23.25035,28.635,0.279,2.27,0.0,0.0,1,"F.Cu,F.Mask,F.Paste"
J6,39,cda90c75-59f3-4c6e-a655-766db7c55c17,,23.75045,34.365,0.279,2.27,0.0,0.0,1,"F.Cu,F.Mask,F.Paste"
J6,40,859d5a1b-c98b-47c6-9c65-60d5df02b2b9,,23.75045,28.635,0.279,2.27,0.0,0.0,1,"F.Cu,F.Mask,F.Paste"
J6,41,ef9763c2-1ba3-4c79-8101-9437423edca4,,24.25055,34.365,0.279,2.27,0.0,0.0,1,"F.Cu,F.Mask,F.Paste"
J6,42,dfd83809-b3a1-493f-bbe1-f8408e01a7ef,,24.25055,28.635,0.279,2.27,0.0,0.0,1,"F.Cu,F.Mask,F.Paste"
J6,43,73ffe0d4-3b21-435d-b1b9-cef288f2469c,,24.75065,34.365,0.279,2.27,0.0,0.0,1,"F.Cu,F.Mask,F.Paste"
J6,44,61e5efe7-52c1-4d5a-ac4d-9c58ede4e27f,,24.75065,28.635,0.279,2.27,0.0,0.0,1,"F.Cu,F.Mask,F.Paste"
J6,45,7629aee5-3f78-4f06-9ec7-6c66dbb330d1,,25.25075,34.365,0.279,2.27,0.0,0.0,1,"F.Cu,F.Mask,F.Paste"
J6,46,e3b626a6-681a-48f0-8980-d59bba487076,,25.25075,28.635,0.279,2.27,0.0,0.0,1,"F.Cu,F.Mask,F.Paste"
J6,47,54dfabbc-09ff-4dfa-8dab-1a89c53e3195,,25.75085,34.365,0.279,2.27,0.0,0.0,1,"F.Cu,F.Mask,F.Paste"
J6,48,4c5b0db4-3d69-4e5b-b195-e9a253f644f4,,25.75085,28.635,0.279,2.27,0.0,0.0,1,"F.Cu,F.Mask,F.Paste"
J6,49,45a5e829-655a-4fe1-89b7-f02528315017,,26.25095,34.365,0.279,2.27,0.0,0.0,1,"F.Cu,F.Mask,F.Paste"
J6,50,a05063b7-b2cd-4cd1-8e8b-20f70cbe5bd0,,26.25095,28.635,0.279,2.27,0.0,0.0,1,"F.Cu,F.Mask,F.Paste"
J6,51,71b7a41b-0bee-4d11-b998-75d63a461f60,,26.75105,34.365,0.279,2.27,0.0,0.0,1,"F.Cu,F.Mask,F.Paste"
J6,52,7feb873e-1a44-4c25-a832-6899c29c000c,,26.75105,28.635,0.279,2.27,0.0,0.0,1,"F.Cu,F.Mask,F.Paste"
J6,53,a26cb9c1-29c5-4a05-b7f1-485e65ea343d,,27.25115,34.365,0.279,2.27,0.0,0.0,1,"F.Cu,F.Mask,F.Paste"
J6,54,e6f1233e-2c21-41d1-9a6d-4f9796742a8a,,27.25115,28.635,0.279,2.27,0.0,0.0,1,"F.Cu,F.Mask,F.Paste"
J6,55,0642afff-2a88-4637-9105-8aa78fcd0ffc,,27.75125,34.365,0.279,2.27,0.0,0.0,1,"F.Cu,F.Mask,F.Paste"
J6,56,8fb85e0e-ec4a-45e1-b95a-d058a7d4cd4b,,27.75125,28.635,0.279,2.27,0.0,0.0,1,"F.Cu,F.Mask,F.Paste"
J6,57,1fa42952-299d-4309-9470-26f7fcc71cb2,,28.25135,34.365,0.279,2.27,0.0,0.0,1,"F.Cu,F.Mask,F.Paste"
J6,58,0af3a360-795f-473d-a23a-bdff66a9ffe5,,28.25135,28.635,0.279,2.27,0.0,0.0,1,"F.Cu,F.Mask,F.Paste"
J6,59,b2ab7725-283b-427b-bf28-ce33f12ddc6f,,28.75145,34.365,0.279,2.27,0.0,0.0,1,"F.Cu,F.Mask,F.Paste"
J6,60,6c7962d4-02d2-4c36-9c95-95a26331d85a,,28.75145,28.635,0.279,2.27,0.0,0.0,1,"F.Cu,F.Mask,F.Paste"
J6,G,b73bbc2d-620f-44b7-836c-a03e0c952d46,GND,13.435,31.5,2.54,0.43,0.0,0.0,1,"F.Cu,F.Mask,F.Paste"
J6,G,50e6be12-5213-47b1-80eb-73cb6b5a9f33,GND,18.325,31.5,4.7,0.43,0.0,0.0,1,"F.Cu,F.Mask,F.Paste"
J6,G,ef7e2db6-691c-4938-9751-bb40e5fdb0c7,GND,24.675,31.5,4.7,0.43,0.0,0.0,1,"F.Cu,F.Mask,F.Paste"
J6,G,6882a4db-96e3-4eca-af4f-1ad67b9ec39e,GND,29.565,31.5,2.54,0.43,0.0,0.0,1,"F.Cu,F.Mask,F.Paste"
L1,1,e6b728dc-6e29-47cb-97f5-31424d0fdffe,SW_CORE,5.88,19.514999,0.98,3.4,0.0,0.0,1,"B.Cu,B.Mask,B.Paste"
L1,2,1954b271-62cf-4d03-b851-785acda57bae,VCORE_REG_1V025,5.88,17.144999,0.98,3.4,0.0,0.0,1,"B.Cu,B.Mask,B.Paste"
L2,1,112b6851-772f-49af-805e-9cbc9596bff4,SW_AUX,5.125,27.67,0.98,3.4,0.0,0.0,1,"F.Cu,F.Mask,F.Paste"
L2,2,8f8b3afe-6cec-4463-be66-d245a7946b6c,VCCAUX_1V8,5.125,25.3,0.98,3.4,0.0,0.0,1,"F.Cu,F.Mask,F.Paste"
L3,1,b6130f84-87bb-4f08-95ab-93d5a5210c44,SW_CFG,5.125,16.42,0.98,3.4,0.0,0.0,1,"F.Cu,F.Mask,F.Paste"
L3,2,7fac3cff-215a-40e2-9b71-2d2e43296a23,VCC_CFG_3V3,5.125,14.05,0.98,3.4,0.0,0.0,1,"F.Cu,F.Mask,F.Paste"
L4,1,7c657a2e-6734-4576-8e3b-b8dad6c11970,SW_ASIC,5.579999,6.085,0.98,3.4,0.0,0.0,1,"B.Cu,B.Mask,B.Paste"
L4,2,9e42dc19-201d-44c0-9e1f-606d64b72c76,VCC_ASIC_1V5,5.579999,3.715,0.98,3.4,0.0,0.0,1,"B.Cu,B.Mask,B.Paste"
R1,1,d9c8bc46-53ec-4cc8-85da-c2c5d346ee1b,VCORE_REG_1V025,3.08,21.954999,0.8,0.95,0.0,0.0,1,"B.Cu,B.Mask,B.Paste"
R1,2,e175b71e-2ae7-4e0b-907b-c89da31a01dc,FB_CORE,3.08,23.604999,0.8,0.95,0.0,0.0,1,"B.Cu,B.Mask,B.Paste"
R2,1,197ee4be-0415-45ef-9428-7a1e5b2ce552,FB_CORE,1.53,23.604999,0.8,0.95,0.0,0.0,1,"B.Cu,B.Mask,B.Paste"
R2,2,92b99306-5b3c-4a9b-97f2-57bdd6eb0e97,GND,1.53,21.954999,0.8,0.95,0.0,0.0,1,"B.Cu,B.Mask,B.Paste"
R3,1,047a4391-c5ab-4fcc-b232-1f1455e0a537,VCCAUX_1V8,7.925,30.11,0.8,0.95,0.0,0.0,1,"F.Cu,F.Mask,F.Paste"
R3,2,845b4b65-d788-4bbb-a0d1-795aa1f22970,FB_AUX,7.925,31.76,0.8,0.95,0.0,0.0,1,"F.Cu,F.Mask,F.Paste"
R4,1,5a0f3212-5489-4ff6-a42a-4536936dda08,FB_AUX,9.475,31.76,0.8,0.95,0.0,0.0,1,"F.Cu,F.Mask,F.Paste"
R4,2,f2ea04d7-58b6-43dd-a012-8cdcaa6bc41c,GND,9.475,30.11,0.8,0.95,0.0,0.0,1,"F.Cu,F.Mask,F.Paste"
R5,1,a29858e5-4be5-45db-bfe2-eb1d88ac4bf9,VCC_CFG_3V3,7.925,18.86,0.8,0.95,0.0,0.0,1,"F.Cu,F.Mask,F.Paste"
R5,2,b849ad8d-a718-4b9b-8e3a-8de5b644eb25,FB_CFG,7.925,20.51,0.8,0.95,0.0,0.0,1,"F.Cu,F.Mask,F.Paste"
R6,1,e0017862-361b-4c5b-897c-e1e64db33d53,FB_CFG,9.475,20.51,0.8,0.95,0.0,0.0,1,"F.Cu,F.Mask,F.Paste"
R6,2,c60a120e-08e5-4373-a60b-3e1a01e6bb2e,GND,9.475,18.86,0.8,0.95,0.0,0.0,1,"F.Cu,F.Mask,F.Paste"
R7,1,00c1f25a-0afa-4bd5-a5f6-d360dc2eb402,VCC_ASIC_1V5,2.779999,8.525,0.8,0.95,0.0,0.0,1,"B.Cu,B.Mask,B.Paste"
R7,2,0cedcb38-fadb-468b-8b79-637d87cd4abb,FB_ASIC,2.779999,10.175,0.8,0.95,0.0,0.0,1,"B.Cu,B.Mask,B.Paste"
R8,1,f4df9526-33cc-490d-a362-e0c460844cdb,FB_ASIC,1.229999,12.84,0.8,0.95,0.0,0.0,1,"B.Cu,B.Mask,B.Paste"
R8,2,53b16406-458e-439d-b99c-054eb142a162,GND,1.229999,11.19,0.8,0.95,0.0,0.0,1,"B.Cu,B.Mask,B.Paste"
R9,1,1505d8e6-c8c5-444a-86db-5a1981cc641a,VCORE_REG_1V025,4.4175,14.629999,1.125,1.75,0.0,0.0,1,"B.Cu,B.Mask,B.Paste"
R9,2,99e2b74b-6c6b-47d6-b926-a33da5fd18f0,VCCINT_1V0,7.3425,14.629999,1.125,1.75,0.0,0.0,1,"B.Cu,B.Mask,B.Paste"
R10,1,8d1c993b-38b8-437f-bed1-b02af00a1833,LINK_12V,2.805,27.529999,0.8,0.95,0.0,0.0,1,"B.Cu,B.Mask,B.Paste"
R10,2,b835da0c-4fda-43fb-961d-4ca154b6c64c,PG_CORE,1.155,27.529999,0.8,0.95,0.0,0.0,1,"B.Cu,B.Mask,B.Paste"
R11,1,c1f3f6b3-a35a-4553-b0f4-567dfdfeb2d1,LINK_12V,8.2,33.685,0.8,0.95,0.0,0.0,1,"F.Cu,F.Mask,F.Paste"
R11,2,41b286b2-f99f-46a8-aea5-c9db76cc5070,PG_AUX,9.85,33.685,0.8,0.95,0.0,0.0,1,"F.Cu,F.Mask,F.Paste"
R12,1,39d243bc-c264-4204-bc5a-c0c78d5ea4e8,VCC_CFG_3V3,8.2,22.0,0.8,0.95,0.0,0.0,1,"F.Cu,F.Mask,F.Paste"
R12,2,53413479-e782-4b9b-adf6-bcd4acbdaec3,PGOOD_IO,9.85,22.0,0.8,0.95,0.0,0.0,1,"F.Cu,F.Mask,F.Paste"
R100,1,d869beb3-a561-47a6-82df-42169dd09027,VCC_CFG_3V3,13.29,7.55,0.54,0.64,0.0,0.0,1,"B.Cu,B.Mask,B.Paste"
R100,2,5b2c31e1-f032-4d95-b727-dd3d1db30393,FLASH_CS_B,14.31,7.55,0.54,0.64,0.0,0.0,1,"B.Cu,B.Mask,B.Paste"
R101,1,2c8bb05c-0335-43e9-a71d-c9355813078c,VCC_CFG_3V3,12.05,2.81,0.54,0.64,0.0,0.0,1,"B.Cu,B.Mask,B.Paste"
R101,2,44c1eff0-7087-428d-a515-eead133542fc,FLASH_DQ2,12.05,1.79,0.54,0.64,0.0,0.0,1,"B.Cu,B.Mask,B.Paste"
R102,1,087287a2-c276-4797-abc8-a3b7370d7e3d,VCC_CFG_3V3,23.05,2.559999,0.54,0.64,0.0,0.0,1,"B.Cu,B.Mask,B.Paste"
R102,2,1f32eb49-4a88-42a6-9526-b5a2c9a07b38,FLASH_DQ3,23.05,1.539999,0.54,0.64,0.0,0.0,1,"B.Cu,B.Mask,B.Paste"
R103,1,ff62dbac-a838-4eaa-b6b4-51bb8755b3e5,FPGA_CCLK,19.09,14.9,0.54,0.64,0.0,0.0,1,"B.Cu,B.Mask,B.Paste"
R103,2,5ce6eb5f-9836-4750-8f93-96e4561c9f65,FLASH_SCLK,20.11,14.9,0.54,0.64,0.0,0.0,1,"B.Cu,B.Mask,B.Paste"
R104,1,05bd7ebc-2f32-4983-94a0-77f417ba7c14,FPGA_CFG_DQ0,13.29,8.8,0.54,0.64,0.0,0.0,1,"B.Cu,B.Mask,B.Paste"
R104,2,022fd37f-f4bf-4dd5-ade0-d2fc388bd4c5,FLASH_DQ0,14.31,8.8,0.54,0.64,0.0,0.0,1,"B.Cu,B.Mask,B.Paste"
R105,1,ac78dffb-f934-4aa6-83f0-9f2d3117062b,FPGA_CFG_DQ1,12.05,5.06,0.54,0.64,0.0,0.0,1,"B.Cu,B.Mask,B.Paste"
R105,2,561bc5a7-eca2-4fa9-af01-58a12dd4dbf2,FLASH_DQ1,12.05,4.04,0.54,0.64,0.0,0.0,1,"B.Cu,B.Mask,B.Paste"
R106,1,31840812-0910-432c-82ea-d1305c58c612,FPGA_CFG_DQ2,12.05,7.31,0.54,0.64,0.0,0.0,1,"B.Cu,B.Mask,B.Paste"
R106,2,ae5390a2-875e-4a7c-88f9-2742fb8a60e0,FLASH_DQ2,12.05,6.29,0.54,0.64,0.0,0.0,1,"B.Cu,B.Mask,B.Paste"
R107,1,525eab1b-c688-4dc3-98a0-06e4a427e990,FPGA_CFG_DQ3,10.8,4.31,0.54,0.64,0.0,0.0,1,"B.Cu,B.Mask,B.Paste"
R107,2,6361d174-b2bc-4a50-b006-e610942f36df,FLASH_DQ3,10.8,3.29,0.54,0.64,0.0,0.0,1,"B.Cu,B.Mask,B.Paste"
R108,1,3544469b-986b-4985-945d-c0f60eef3f44,VCC_CFG_3V3,30.92,19.720001,0.54,0.64,0.0,0.0,1,"F.Cu,F.Mask,F.Paste"
R108,2,f47336fb-c6ba-40f1-86a7-8e9bb7699c72,FPGA_PROGRAM_B,31.94,19.720001,0.54,0.64,0.0,0.0,1,"F.Cu,F.Mask,F.Paste"
R109,1,ead91900-997b-42e2-a8fd-7a698646fb0c,VCC_CFG_3V3,19.54,9.3,0.54,0.64,0.0,0.0,1,"F.Cu,F.Mask,F.Paste"
R109,2,59980020-4a8b-4324-8810-4d4f75021403,FPGA_INIT_B,20.56,9.3,0.54,0.64,0.0,0.0,1,"F.Cu,F.Mask,F.Paste"
R110,1,bd97abf8-e7f3-402d-be75-1be030070192,VCC_CFG_3V3,30.92,21.720001,0.54,0.64,0.0,0.0,1,"F.Cu,F.Mask,F.Paste"
R110,2,cb5502e2-1abf-4681-a170-71334ea4f2eb,FPGA_DONE,31.94,21.720001,0.54,0.64,0.0,0.0,1,"F.Cu,F.Mask,F.Paste"
R111,1,377a4cd3-142b-4300-833a-65cf16b96894,VCC_CFG_3V3,30.92,20.720001,0.54,0.64,0.0,0.0,1,"F.Cu,F.Mask,F.Paste"
R111,2,14a890fe-e5c2-4e4b-9315-4e14d8fb68b4,CFG_M0,31.94,20.720001,0.54,0.64,0.0,0.0,1,"F.Cu,F.Mask,F.Paste"
R112,1,e2a1ea0e-b700-4eb3-aa18-4e2417225f0d,CFG_M1,17.29,9.3,0.54,0.64,0.0,0.0,1,"F.Cu,F.Mask,F.Paste"
R112,2,abee995b-5547-42dc-8747-7b3c282b16f1,GND,18.31,9.3,0.54,0.64,0.0,0.0,1,"F.Cu,F.Mask,F.Paste"
R113,1,eac9af2b-a5f4-401f-a8c5-eba2cc3c8215,CFG_M2,21.79,9.3,0.54,0.64,0.0,0.0,1,"F.Cu,F.Mask,F.Paste"
R113,2,9093d21b-8f97-496f-a116-c7d14cc54cb6,GND,22.81,9.3,0.54,0.64,0.0,0.0,1,"F.Cu,F.Mask,F.Paste"
R114,1,d35efb90-6711-41dd-967e-a31cf1092baf,VCC_CFG_3V3,29.970001,21.69,0.54,0.64,0.0,0.0,1,"F.Cu,F.Mask,F.Paste"
R114,2,9ac7cafa-b3a3-4f0e-ae41-ec33c6bfbdd9,CFG_PUDC_B,29.970001,20.67,0.54,0.64,0.0,0.0,1,"F.Cu,F.Mask,F.Paste"
R115,1,0ada447e-c59c-44ef-8970-d62d87951769,VCC_CFG_3V3,30.92,18.72,0.54,0.64,0.0,0.0,1,"F.Cu,F.Mask,F.Paste"
R115,2,0e513332-c290-4618-9acf-e0669d214ab5,JTAG_TMS,31.94,18.72,0.54,0.64,0.0,0.0,1,"F.Cu,F.Mask,F.Paste"
R116,1,cea8e428-25c5-4fe7-9736-7bf19c5e1fac,VCC_CFG_3V3,15.04,9.3,0.54,0.64,0.0,0.0,1,"F.Cu,F.Mask,F.Paste"
R116,2,a86c6cb6-92e5-4658-be73-341c41dfd121,JTAG_TDI,16.06,9.3,0.54,0.64,0.0,0.0,1,"F.Cu,F.Mask,F.Paste"
R117,1,d7446c5a-2edb-4fca-bf5e-18e3786943c2,VCC_CFG_3V3,23.920001,9.469999,0.54,0.64,0.0,0.0,1,"F.Cu,F.Mask,F.Paste"
R117,2,d8f44da2-e356-463b-88bf-c4138ddad1bb,JTAG_TCK,24.940001,9.469999,0.54,0.64,0.0,0.0,1,"F.Cu,F.Mask,F.Paste"
R118,1,1d92ffc2-ceaa-4fff-bb52-217830a6acb2,FPGA_TDO,22.29,14.9,0.54,0.64,0.0,0.0,1,"B.Cu,B.Mask,B.Paste"
R118,2,db930f10-b784-436d-aa3f-e6401200b50e,JTAG_TDO,23.31,14.9,0.54,0.64,0.0,0.0,1,"B.Cu,B.Mask,B.Paste"
R119,1,a4560490-7e82-4b90-ab87-2f8a67ad468c,OSC_32M_RAW,7.96,10.760001,0.54,0.64,0.0,0.0,1,"F.Cu,F.Mask,F.Paste"
R119,2,07c27551-3c49-454c-b0c2-e9607ca6128d,CLK_32MHZ,7.96,9.740001,0.54,0.64,0.0,0.0,1,"F.Cu,F.Mask,F.Paste"
U1,A1,34b61f95-8103-4072-af93-521a520bb3eb,unconnected-(U1C-IO_L9N_T1_DQS_AD7N_35-PadA1),13.2,11.7,0.4,0.4,0.0,0.0,1,"F.Cu,F.Mask,F.Paste"
U1,A2,83e5f376-f7a1-4b7b-83f9-0634a3578819,GND,14.0,11.7,0.4,0.4,0.0,0.0,1,"F.Cu,F.Mask,F.Paste"
U1,A3,1e7ad0f3-f42e-4a31-8129-43526c802f23,unconnected-(U1C-IO_L8N_T1_AD14N_35-PadA3),14.8,11.7,0.4,0.4,0.0,0.0,1,"F.Cu,F.Mask,F.Paste"
U1,A4,09f0af0e-3756-41f4-9804-3f2ef49cef23,unconnected-(U1C-IO_L8P_T1_AD14P_35-PadA4),15.6,11.7,0.4,0.4,0.0,0.0,1,"F.Cu,F.Mask,F.Paste"
U1,A5,5778c8e3-ae2e-4a87-bbbb-9a628209ae91,unconnected-(U1C-IO_L3N_T0_DQS_AD5N_35-PadA5),16.4,11.7,0.4,0.4,0.0,0.0,1,"F.Cu,F.Mask,F.Paste"
U1,A6,444f853e-c440-41ff-a485-6558370ccfc6,unconnected-(U1C-IO_L3P_T0_DQS_AD5P_35-PadA6),17.2,11.7,0.4,0.4,0.0,0.0,1,"F.Cu,F.Mask,F.Paste"
U1,A7,04445471-ce71-4acd-a95d-f0a12b589ef1,VCC_ASIC_1V5,18.0,11.7,0.4,0.4,0.0,0.0,1,"F.Cu,F.Mask,F.Paste"
U1,A8,554a6fb8-a72e-4a85-b123-5f1987821ded,unconnected-(U1B-IO_L12N_T1_MRCC_16-PadA8),18.8,11.7,0.4,0.4,0.0,0.0,1,"F.Cu,F.Mask,F.Paste"
U1,A9,db9124e6-d67b-463f-82c3-abcaa5c28a74,unconnected-(U1B-IO_L14N_T2_SRCC_16-PadA9),19.6,11.7,0.4,0.4,0.0,0.0,1,"F.Cu,F.Mask,F.Paste"
U1,A10,d6affb14-9aa5-4f88-9d58-5eb88224c744,unconnected-(U1B-IO_L14P_T2_SRCC_16-PadA10),20.4,11.7,0.4,0.4,0.0,0.0,1,"F.Cu,F.Mask,F.Paste"
U1,A11,113f579c-fa57-4cfe-a770-3bac9df89ede,unconnected-(U1A-IO_L4N_T0_15-PadA11),21.2,11.7,0.4,0.4,0.0,0.0,1,"F.Cu,F.Mask,F.Paste"
U1,A12,b5dbbc32-7e1e-4ae2-94a3-fb3300a65df0,GND,22.0,11.7,0.4,0.4,0.0,0.0,1,"F.Cu,F.Mask,F.Paste"
U1,A13,fe861331-f10a-4497-89f2-f8f9f40b70fc,unconnected-(U1A-IO_L9P_T1_DQS_AD3P_15-PadA13),22.8,11.7,0.4,0.4,0.0,0.0,1,"F.Cu,F.Mask,F.Paste"
U1,A14,59a08004-9b01-4e0a-83f8-15a7ebdc6db1,unconnected-(U1A-IO_L9N_T1_DQS_AD3N_15-PadA14),23.6,11.7,0.4,0.4,0.0,0.0,1,"F.Cu,F.Mask,F.Paste"
U1,A15,c59f5f9c-cf0d-45bd-a68e-adc0f0ff73fb,unconnected-(U1A-IO_L8P_T1_AD10P_15-PadA15),24.4,11.7,0.4,0.4,0.0,0.0,1,"F.Cu,F.Mask,F.Paste"
U1,A16,3908439e-ad1b-497e-b72c-38ab77984e78,unconnected-(U1A-IO_L8N_T1_AD10N_15-PadA16),25.2,11.7,0.4,0.4,0.0,0.0,1,"F.Cu,F.Mask,F.Paste"
U1,A17,1bd20cdf-9a7a-49f9-b2ac-c4ebdb58606e,VCC_ASIC_1V5,26.0,11.7,0.4,0.4,0.0,0.0,1,"F.Cu,F.Mask,F.Paste"
U1,A18,b761c59a-73ca-4a4e-b119-142b8fa42627,unconnected-(U1A-IO_L10N_T1_AD11N_15-PadA18),26.8,11.7,0.4,0.4,0.0,0.0,1,"F.Cu,F.Mask,F.Paste"
U1,B1,75f29e1f-297e-4a46-8d08-7d653d4182c5,unconnected-(U1C-IO_L9P_T1_DQS_AD7P_35-PadB1),13.2,12.5,0.4,0.4,0.0,0.0,1,"F.Cu,F.Mask,F.Paste"
U1,B2,0cec109b-777e-484e-abfd-c9ff552d42af,unconnected-(U1C-IO_L10N_T1_AD15N_35-PadB2),14.0,12.5,0.4,0.4,0.0,0.0,1,"F.Cu,F.Mask,F.Paste"
U1,B3,562df67b-72d3-4b9e-a344-b859631546a6,unconnected-(U1C-IO_L10P_T1_AD15P_35-PadB3),14.8,12.5,0.4,0.4,0.0,0.0,1,"F.Cu,F.Mask,F.Paste"
U1,B4,1f5b59e3-126e-41c5-b557-22828d5b41ba,unconnected-(U1C-IO_L7N_T1_AD6N_35-PadB4),15.6,12.5,0.4,0.4,0.0,0.0,1,"F.Cu,F.Mask,F.Paste"
U1,B5,4d1a595d-0238-481d-8d74-0f1cc93b2bc4,GND,16.4,12.5,0.4,0.4,0.0,0.0,1,"F.Cu,F.Mask,F.Paste"
U1,B6,8abeba7e-25c1-47d3-a896-00f16f43c51d,unconnected-(U1C-IO_L2N_T0_AD12N_35-PadB6),17.2,12.5,0.4,0.4,0.0,0.0,1,"F.Cu,F.Mask,F.Paste"
U1,B7,e4498809-cce6-4a6b-bdb6-1b9a236c120b,unconnected-(U1C-IO_L2P_T0_AD12P_35-PadB7),18.0,12.5,0.4,0.4,0.0,0.0,1,"F.Cu,F.Mask,F.Paste"
U1,B8,cf19f64b-dedb-41f3-b63f-4c1ad9e09b13,unconnected-(U1B-IO_L12P_T1_MRCC_16-PadB8),18.8,12.5,0.4,0.4,0.0,0.0,1,"F.Cu,F.Mask,F.Paste"
U1,B9,8086b59b-2af4-41ed-8a40-f257c0b47e30,unconnected-(U1B-IO_L11N_T1_SRCC_16-PadB9),19.6,12.5,0.4,0.4,0.0,0.0,1,"F.Cu,F.Mask,F.Paste"
U1,B10,c7aab6e7-1ddb-441c-bab3-fe9f07a8a294,VCC_CFG_3V3,20.4,12.5,0.4,0.4,0.0,0.0,1,"F.Cu,F.Mask,F.Paste"
U1,B11,7062e0a0-e814-4f79-ab10-ff85633c24c1,unconnected-(U1A-IO_L4P_T0_15-PadB11),21.2,12.5,0.4,0.4,0.0,0.0,1,"F.Cu,F.Mask,F.Paste"
U1,B12,01b8a4b8-1a01-4fb6-9b2a-f4b0b15fda9b,unconnected-(U1A-IO_L3N_T0_DQS_AD1N_15-PadB12),22.0,12.5,0.4,0.4,0.0,0.0,1,"F.Cu,F.Mask,F.Paste"
U1,B13,f01d5377-a510-4496-804c-94c62c2b92b3,unconnected-(U1A-IO_L2P_T0_AD8P_15-PadB13),22.8,12.5,0.4,0.4,0.0,0.0,1,"F.Cu,F.Mask,F.Paste"
U1,B14,801a8b86-1625-495e-a8c9-c74accf6a454,unconnected-(U1A-IO_L2N_T0_AD8N_15-PadB14),23.6,12.5,0.4,0.4,0.0,0.0,1,"F.Cu,F.Mask,F.Paste"
U1,B15,75e4ef8c-8349-4d9f-82c0-4414dc31d1d9,GND,24.4,12.5,0.4,0.4,0.0,0.0,1,"F.Cu,F.Mask,F.Paste"
U1,B16,0f151fed-c113-4c86-82f1-178e40708649,unconnected-(U1A-IO_L7P_T1_AD2P_15-PadB16),25.2,12.5,0.4,0.4,0.0,0.0,1,"F.Cu,F.Mask,F.Paste"
U1,B17,032eb61b-c6a0-4b87-9899-f764e406c34d,unconnected-(U1A-IO_L7N_T1_AD2N_15-PadB17),26.0,12.5,0.4,0.4,0.0,0.0,1,"F.Cu,F.Mask,F.Paste"
U1,B18,a70f06f5-c6f6-490d-b9ac-7e3de00b2bca,unconnected-(U1A-IO_L10P_T1_AD11P_15-PadB18),26.8,12.5,0.4,0.4,0.0,0.0,1,"F.Cu,F.Mask,F.Paste"
U1,C1,2e21c892-1afd-47c1-bd19-764e22e6636a,unconnected-(U1C-IO_L16N_T2_35-PadC1),13.2,13.3,0.4,0.4,0.0,0.0,1,"F.Cu,F.Mask,F.Paste"
U1,C2,a86a7713-5ccd-4d4a-930f-74726606572b,unconnected-(U1C-IO_L16P_T2_35-PadC2),14.0,13.3,0.4,0.4,0.0,0.0,1,"F.Cu,F.Mask,F.Paste"
U1,C3,cb21bee7-af7f-4e20-bd71-881ad73d5b0a,VCC_ASIC_1V5,14.8,13.3,0.4,0.4,0.0,0.0,1,"F.Cu,F.Mask,F.Paste"
U1,C4,29b6af9d-df4e-4ede-a305-dc9f61a6d7cd,unconnected-(U1C-IO_L7P_T1_AD6P_35-PadC4),15.6,13.3,0.4,0.4,0.0,0.0,1,"F.Cu,F.Mask,F.Paste"
U1,C5,28d61f22-e443-4662-8393-20395129719f,unconnected-(U1C-IO_L1N_T0_AD4N_35-PadC5),16.4,13.3,0.4,0.4,0.0,0.0,1,"F.Cu,F.Mask,F.Paste"
U1,C6,1de30a22-cb72-47b2-8f26-a82987232dc6,unconnected-(U1C-IO_L1P_T0_AD4P_35-PadC6),17.2,13.3,0.4,0.4,0.0,0.0,1,"F.Cu,F.Mask,F.Paste"
U1,C7,966cc7b3-6473-45d3-ac58-882d02c29051,unconnected-(U1C-IO_L4N_T0_35-PadC7),18.0,13.3,0.4,0.4,0.0,0.0,1,"F.Cu,F.Mask,F.Paste"
U1,C8,f7b408d9-92d8-4b32-aa64-fa49c4003778,GND,18.8,13.3,0.4,0.4,0.0,0.0,1,"F.Cu,F.Mask,F.Paste"
U1,C9,ce2046ad-05db-46f0-b9ed-d1a358578903,unconnected-(U1B-IO_L11P_T1_SRCC_16-PadC9),19.6,13.3,0.4,0.4,0.0,0.0,1,"F.Cu,F.Mask,F.Paste"
U1,C10,ef0d6326-1888-4561-bfc4-dd8d6975f705,unconnected-(U1B-IO_L13N_T2_MRCC_16-PadC10),20.4,13.3,0.4,0.4,0.0,0.0,1,"F.Cu,F.Mask,F.Paste"
U1,C11,dd72b04d-cbdc-4a8b-8fd9-33003367acbe,unconnected-(U1B-IO_L13P_T2_MRCC_16-PadC11),21.2,13.3,0.4,0.4,0.0,0.0,1,"F.Cu,F.Mask,F.Paste"
U1,C12,c96d2ea5-daac-4781-b0fb-547f59e18f09,unconnected-(U1A-IO_L3P_T0_DQS_AD1P_15-PadC12),22.0,13.3,0.4,0.4,0.0,0.0,1,"F.Cu,F.Mask,F.Paste"
U1,C13,ff1f214b-5a75-4aad-8b5c-2f85950693d1,VCC_ASIC_1V5,22.8,13.3,0.4,0.4,0.0,0.0,1,"F.Cu,F.Mask,F.Paste"
U1,C14,fd2ec648-5420-4c07-9279-18a732af5e61,unconnected-(U1A-IO_L1N_T0_AD0N_15-PadC14),23.6,13.3,0.4,0.4,0.0,0.0,1,"F.Cu,F.Mask,F.Paste"
U1,C15,be060323-94ba-4e78-8d54-6a6681597117,unconnected-(U1A-IO_L12N_T1_MRCC_15-PadC15),24.4,13.3,0.4,0.4,0.0,0.0,1,"F.Cu,F.Mask,F.Paste"
U1,C16,6769cd63-c35c-49ee-937d-61cd8f36bdf6,unconnected-(U1A-IO_L20P_T3_A20_15-PadC16),25.2,13.3,0.4,0.4,0.0,0.0,1,"F.Cu,F.Mask,F.Paste"
U1,C17,077f524f-eca6-48ee-a9df-8fd0b0c2e9c6,unconnected-(U1A-IO_L20N_T3_A19_15-PadC17),26.0,13.3,0.4,0.4,0.0,0.0,1,"F.Cu,F.Mask,F.Paste"
U1,C18,587fbf11-03f0-4a05-af61-a6d0d0a51c1c,GND,26.8,13.3,0.4,0.4,0.0,0.0,1,"F.Cu,F.Mask,F.Paste"
U1,D1,73fd72a2-fe4d-44b5-9a23-ee17a468f215,GND,13.2,14.1,0.4,0.4,0.0,0.0,1,"F.Cu,F.Mask,F.Paste"
U1,D2,e646dd15-bdf9-45ec-b8f2-4d41f03ca8c6,unconnected-(U1C-IO_L14N_T2_SRCC_35-PadD2),14.0,14.1,0.4,0.4,0.0,0.0,1,"F.Cu,F.Mask,F.Paste"
U1,D3,5cdf6a5a-9796-420a-b055-5b05f7eb977c,unconnected-(U1C-IO_L12N_T1_MRCC_35-PadD3),14.8,14.1,0.4,0.4,0.0,0.0,1,"F.Cu,F.Mask,F.Paste"
U1,D4,6aa5ce5e-5447-4237-b4c9-5e5f1167d274,unconnected-(U1C-IO_L11N_T1_SRCC_35-PadD4),15.6,14.1,0.4,0.4,0.0,0.0,1,"F.Cu,F.Mask,F.Paste"
U1,D5,cecb0ef7-d821-437f-9615-d9a9d1842edc,unconnected-(U1C-IO_L11P_T1_SRCC_35-PadD5),16.4,14.1,0.4,0.4,0.0,0.0,1,"F.Cu,F.Mask,F.Paste"
U1,D6,ef496ff0-6578-4aa7-ac63-a75efb800338,VCC_ASIC_1V5,17.2,14.1,0.4,0.4,0.0,0.0,1,"F.Cu,F.Mask,F.Paste"
U1,D7,474acc7b-8de6-49d5-84d9-ad9342022cfa,unconnected-(U1C-IO_L6N_T0_VREF_35-PadD7),18.0,14.1,0.4,0.4,0.0,0.0,1,"F.Cu,F.Mask,F.Paste"
U1,D8,e5791ad5-0f76-40ae-8659-bf8b39341355,unconnected-(U1C-IO_L4P_T0_35-PadD8),18.8,14.1,0.4,0.4,0.0,0.0,1,"F.Cu,F.Mask,F.Paste"
U1,D9,c094629d-501e-4a1c-a0c9-acdc93bd4d4d,unconnected-(U1B-IO_L6N_T0_VREF_16-PadD9),19.6,14.1,0.4,0.4,0.0,0.0,1,"F.Cu,F.Mask,F.Paste"
U1,D10,81a409d7-4f10-469d-89b6-e200ebe691a2,unconnected-(U1B-IO_L19N_T3_VREF_16-PadD10),20.4,14.1,0.4,0.4,0.0,0.0,1,"F.Cu,F.Mask,F.Paste"
U1,D11,7bdd4ef4-1bad-4b30-a9a3-c523a86a48d5,GND,21.2,14.1,0.4,0.4,0.0,0.0,1,"F.Cu,F.Mask,F.Paste"
U1,D12,17a2bece-4aee-4e19-9a47-34fa07e99799,unconnected-(U1A-IO_L6P_T0_15-PadD12),22.0,14.1,0.4,0.4,0.0,0.0,1,"F.Cu,F.Mask,F.Paste"
U1,D13,95e7ce63-78bb-4a05-b912-23482a397eac,unconnected-(U1A-IO_L6N_T0_VREF_15-PadD13),22.8,14.1,0.4,0.4,0.0,0.0,1,"F.Cu,F.Mask,F.Paste"
U1,D14,c86b1e61-ca68-4c8e-a617-cc02c6cb8c55,unconnected-(U1A-IO_L1P_T0_AD0P_15-PadD14),23.6,14.1,0.4,0.4,0.0,0.0,1,"F.Cu,F.Mask,F.Paste"
U1,D15,8c93b10e-b373-4a1c-9e83-bfcf27cad774,unconnected-(U1A-IO_L12P_T1_MRCC_15-PadD15),24.4,14.1,0.4,0.4,0.0,0.0,1,"F.Cu,F.Mask,F.Paste"
U1,D16,a45fd17d-0e2a-4a0d-8874-a7e1785b801a,VCC_ASIC_1V5,25.2,14.1,0.4,0.4,0.0,0.0,1,"F.Cu,F.Mask,F.Paste"
U1,D17,ffa2d83f-9d71-4693-a669-629defda1306,unconnected-(U1A-IO_L16N_T2_A27_15-PadD17),26.0,14.1,0.4,0.4,0.0,0.0,1,"F.Cu,F.Mask,F.Paste"
U1,D18,daeb7ff4-f903-43f9-b91c-7742ffbd6031,unconnected-(U1A-IO_L21N_T3_DQS_A18_15-PadD18),26.8,14.1,0.4,0.4,0.0,0.0,1,"F.Cu,F.Mask,F.Paste"
U1,E1,edd9afaf-5437-43a9-a51b-e7a82e246905,unconnected-(U1C-IO_L18N_T2_35-PadE1),13.2,14.9,0.4,0.4,0.0,0.0,1,"F.Cu,F.Mask,F.Paste"
U1,E2,c71672f5-6fff-47cb-a5c4-be0e091e48ee,unconnected-(U1C-IO_L14P_T2_SRCC_35-PadE2),14.0,14.9,0.4,0.4,0.0,0.0,1,"F.Cu,F.Mask,F.Paste"
U1,E3,0cf3575c-8645-45d6-83ed-f9e506229f96,unconnected-(U1C-IO_L12P_T1_MRCC_35-PadE3),14.8,14.9,0.4,0.4,0.0,0.0,1,"F.Cu,F.Mask,F.Paste"
U1,E4,6ae17d30-a643-4108-9b9b-78c310a6c0b4,GND,15.6,14.9,0.4,0.4,0.0,0.0,1,"F.Cu,F.Mask,F.Paste"
U1,E5,65970f98-832b-432b-bf61-f574e4ad2c99,unconnected-(U1C-IO_L5N_T0_AD13N_35-PadE5),16.4,14.9,0.4,0.4,0.0,0.0,1,"F.Cu,F.Mask,F.Paste"
U1,E6,062716e6-667f-49e8-9310-335f8fc7505e,unconnected-(U1C-IO_L5P_T0_AD13P_35-PadE6),17.2,14.9,0.4,0.4,0.0,0.0,1,"F.Cu,F.Mask,F.Paste"
U1,E7,d4883ffe-f020-422c-ac91-9ba389f607fb,unconnected-(U1C-IO_L6P_T0_35-PadE7),18.0,14.9,0.4,0.4,0.0,0.0,1,"F.Cu,F.Mask,F.Paste"
U1,E8,3218dac6-694f-40a1-8227-1fadae80a05f,GND,18.8,14.9,0.4,0.4,0.0,0.0,1,"F.Cu,F.Mask,F.Paste"
U1,E9,148dd27b-6494-4ce3-9b9d-df1b7f45ec89,FPGA_CCLK,19.6,14.9,0.4,0.4,0.0,0.0,1,"F.Cu,F.Mask,F.Paste"
U1,E10,3b606f7e-2adf-4229-a06f-502c3da5f30f,JTAG_TCK,20.4,14.9,0.4,0.4,0.0,0.0,1,"F.Cu,F.Mask,F.Paste"
U1,E11,19e76998-f48c-4400-9321-dfa1e983c5f3,JTAG_TDI,21.2,14.9,0.4,0.4,0.0,0.0,1,"F.Cu,F.Mask,F.Paste"
U1,E12,8e45cc00-f94b-4d01-ab58-b1847566d183,JTAG_TMS,22.0,14.9,0.4,0.4,0.0,0.0,1,"F.Cu,F.Mask,F.Paste"
U1,E13,1d115112-f11f-4747-b853-cc4ec44f67b7,FPGA_TDO,22.8,14.9,0.4,0.4,0.0,0.0,1,"F.Cu,F.Mask,F.Paste"
U1,E14,999fa935-dd4b-4d31-a20a-3c227af00789,GND,23.6,14.9,0.4,0.4,0.0,0.0,1,"F.Cu,F.Mask,F.Paste"
U1,E15,553c01ec-a87b-4737-8f2c-6b9a145e8879,unconnected-(U1A-IO_L11P_T1_SRCC_15-PadE15),24.4,14.9,0.4,0.4,0.0,0.0,1,"F.Cu,F.Mask,F.Paste"
U1,E16,a98bbfe5-351d-45a0-9273-f5f3e3be9efc,unconnected-(U1A-IO_L11N_T1_SRCC_15-PadE16),25.2,14.9,0.4,0.4,0.0,0.0,1,"F.Cu,F.Mask,F.Paste"
U1,E17,4fc991dd-a87e-4297-88b3-6dee9ca9a40b,unconnected-(U1A-IO_L16P_T2_A28_15-PadE17),26.0,14.9,0.4,0.4,0.0,0.0,1,"F.Cu,F.Mask,F.Paste"
U1,E18,d77979c6-ef98-4d7d-9677-2eb01744576a,unconnected-(U1A-IO_L21P_T3_DQS_15-PadE18),26.8,14.9,0.4,0.4,0.0,0.0,1,"F.Cu,F.Mask,F.Paste"
U1,F1,76a065cd-898c-436d-a65e-e4989d1360b6,unconnected-(U1C-IO_L18P_T2_35-PadF1),13.2,15.7,0.4,0.4,0.0,0.0,1,"F.Cu,F.Mask,F.Paste"
U1,F2,a700a94d-e167-42c5-9c41-cca417072291,VCC_ASIC_1V5,14.0,15.7,0.4,0.4,0.0,0.0,1,"F.Cu,F.Mask,F.Paste"
U1,F3,2c066b12-6f0a-4016-852b-e0ea87596a04,unconnected-(U1C-IO_L13N_T2_MRCC_35-PadF3),14.8,15.7,0.4,0.4,0.0,0.0,1,"F.Cu,F.Mask,F.Paste"
U1,F4,6792ef59-0ad6-4863-8d4d-f8c04647720f,unconnected-(U1C-IO_L13P_T2_MRCC_35-PadF4),15.6,15.7,0.4,0.4,0.0,0.0,1,"F.Cu,F.Mask,F.Paste"
U1,F5,4b9500cf-aa0b-494e-a306-7a96bbca2291,unconnected-(U1C-IO_0_35-PadF5),16.4,15.7,0.4,0.4,0.0,0.0,1,"F.Cu,F.Mask,F.Paste"
U1,F6,68c02f89-8c2e-4575-8e17-8297b6944bd0,unconnected-(U1C-IO_L19N_T3_VREF_35-PadF6),17.2,15.7,0.4,0.4,0.0,0.0,1,"F.Cu,F.Mask,F.Paste"
U1,F7,5d9f65a9-4701-402e-9161-222d77d47dc5,GND,18.0,15.7,0.4,0.4,0.0,0.0,1,"F.Cu,F.Mask,F.Paste"
U1,F8,62617097-ea1c-4a5f-9a9a-25fc7b08030f,VCCINT_1V0,18.8,15.7,0.4,0.4,0.0,0.0,1,"F.Cu,F.Mask,F.Paste"
U1,F9,808ab4ce-3f06-48f9-ac25-6b7c0c999a3f,GND,19.6,15.7,0.4,0.4,0.0,0.0,1,"F.Cu,F.Mask,F.Paste"
U1,F10,e3e0a036-a9f6-489e-877a-8bb9355e61d6,VCCINT_1V0,20.4,15.7,0.4,0.4,0.0,0.0,1,"F.Cu,F.Mask,F.Paste"
U1,F11,eccce660-29d8-4282-a7a9-f61987452e06,GND,21.2,15.7,0.4,0.4,0.0,0.0,1,"F.Cu,F.Mask,F.Paste"
U1,F12,91d824c5-48ab-4a1d-bf5c-05ac56581765,VCCAUX_1V8,22.0,15.7,0.4,0.4,0.0,0.0,1,"F.Cu,F.Mask,F.Paste"
U1,F13,d3167ece-4785-4728-a07f-df24f7fe59af,unconnected-(U1A-IO_L5P_T0_AD9P_15-PadF13),22.8,15.7,0.4,0.4,0.0,0.0,1,"F.Cu,F.Mask,F.Paste"
U1,F14,4a90a695-9033-412a-ac6c-4c383bd51170,unconnected-(U1A-IO_L5N_T0_AD9N_15-PadF14),23.6,15.7,0.4,0.4,0.0,0.0,1,"F.Cu,F.Mask,F.Paste"
U1,F15,72469642-4449-441b-9d4d-02c7d97e09b6,unconnected-(U1A-IO_L14P_T2_SRCC_15-PadF15),24.4,15.7,0.4,0.4,0.0,0.0,1,"F.Cu,F.Mask,F.Paste"
U1,F16,e676ca06-981f-43ae-a90a-e8c668f2208b,unconnected-(U1A-IO_L14N_T2_SRCC_15-PadF16),25.2,15.7,0.4,0.4,0.0,0.0,1,"F.Cu,F.Mask,F.Paste"
U1,F17,ece140ab-6265-4bb0-ac17-97837132d813,GND,26.0,15.7,0.4,0.4,0.0,0.0,1,"F.Cu,F.Mask,F.Paste"
U1,F18,c760feb4-d39a-4871-8b40-f64cd3df436c,unconnected-(U1A-IO_L22N_T3_A16_15-PadF18),26.8,15.7,0.4,0.4,0.0,0.0,1,"F.Cu,F.Mask,F.Paste"
U1,G1,db582ab2-024d-403d-870a-8e501a2d3882,unconnected-(U1C-IO_L17N_T2_35-PadG1),13.2,16.5,0.4,0.4,0.0,0.0,1,"F.Cu,F.Mask,F.Paste"
U1,G2,712f1eea-bd94-446c-af7b-65f06f4a93af,unconnected-(U1C-IO_L15N_T2_DQS_35-PadG2),14.0,16.5,0.4,0.4,0.0,0.0,1,"F.Cu,F.Mask,F.Paste"
U1,G3,78fe8f6b-4b3f-4d5f-88d5-e128759f6c55,unconnected-(U1C-IO_L20N_T3_35-PadG3),14.8,16.5,0.4,0.4,0.0,0.0,1,"F.Cu,F.Mask,F.Paste"
U1,G4,d43bf686-f439-43bb-8437-130b63608807,unconnected-(U1C-IO_L20P_T3_35-PadG4),15.6,16.5,0.4,0.4,0.0,0.0,1,"F.Cu,F.Mask,F.Paste"
U1,G5,8a9e2936-90d8-40a0-9a26-c9f6f3e4f304,VCC_ASIC_1V5,16.4,16.5,0.4,0.4,0.0,0.0,1,"F.Cu,F.Mask,F.Paste"
U1,G6,5be3f2e3-e1af-4b09-b6a7-7d2ff96638c9,unconnected-(U1C-IO_L19P_T3_35-PadG6),17.2,16.5,0.4,0.4,0.0,0.0,1,"F.Cu,F.Mask,F.Paste"
U1,G7,050729f8-1201-4e0b-bd9c-ce2a7076a5ab,VCCINT_1V0,18.0,16.5,0.4,0.4,0.0,0.0,1,"F.Cu,F.Mask,F.Paste"
U1,G8,e0d8e783-77d7-4629-9b9b-7290b4617977,GND,18.8,16.5,0.4,0.4,0.0,0.0,1,"F.Cu,F.Mask,F.Paste"
U1,G9,9ef3e16d-1dcc-4cfd-bc98-922c5d0d41d5,VCCINT_1V0,19.6,16.5,0.4,0.4,0.0,0.0,1,"F.Cu,F.Mask,F.Paste"
U1,G10,e79756bc-b544-4a78-9236-01013bd9e3be,GND,20.4,16.5,0.4,0.4,0.0,0.0,1,"F.Cu,F.Mask,F.Paste"
U1,G11,3d5c6580-a57d-46a8-a246-cefa3a63fe7d,VCCINT_1V0,21.2,16.5,0.4,0.4,0.0,0.0,1,"F.Cu,F.Mask,F.Paste"
U1,G12,3bab8ec8-409c-46c9-b208-7f9e544b847e,GND,22.0,16.5,0.4,0.4,0.0,0.0,1,"F.Cu,F.Mask,F.Paste"
U1,G13,7b037f19-fabb-44e4-ab48-97bd6f5eb7d4,unconnected-(U1A-IO_0_15-PadG13),22.8,16.5,0.4,0.4,0.0,0.0,1,"F.Cu,F.Mask,F.Paste"
U1,G14,3dbc9581-04a0-488c-a1a0-f0d9eec1b787,unconnected-(U1A-IO_L15N_T2_DQS_ADV_B_15-PadG14),23.6,16.5,0.4,0.4,0.0,0.0,1,"F.Cu,F.Mask,F.Paste"
U1,G15,e689018e-708f-45de-a27d-d9de5a1b9a55,VCC_ASIC_1V5,24.4,16.5,0.4,0.4,0.0,0.0,1,"F.Cu,F.Mask,F.Paste"
U1,G16,1d455224-8ec9-4300-beb9-51dab8d9e1c1,unconnected-(U1A-IO_L13N_T2_MRCC_15-PadG16),25.2,16.5,0.4,0.4,0.0,0.0,1,"F.Cu,F.Mask,F.Paste"
U1,G17,f0458319-f23f-472f-8878-1e7256196bbd,unconnected-(U1A-IO_L18N_T2_A23_15-PadG17),26.0,16.5,0.4,0.4,0.0,0.0,1,"F.Cu,F.Mask,F.Paste"
U1,G18,effa735e-39c5-4e74-9c43-ebb7119ef0ad,unconnected-(U1A-IO_L22P_T3_A17_15-PadG18),26.8,16.5,0.4,0.4,0.0,0.0,1,"F.Cu,F.Mask,F.Paste"
U1,H1,984b9896-5692-4372-baf3-8025bd3e0735,unconnected-(U1C-IO_L17P_T2_35-PadH1),13.2,17.3,0.4,0.4,0.0,0.0,1,"F.Cu,F.Mask,F.Paste"
U1,H2,7741ca8c-d565-4b1a-ad38-57f86e997c0c,unconnected-(U1C-IO_L15P_T2_DQS_35-PadH2),14.0,17.3,0.4,0.4,0.0,0.0,1,"F.Cu,F.Mask,F.Paste"
U1,H3,de154cc1-1a53-4292-ac80-016a0820d9b4,GND,14.8,17.3,0.4,0.4,0.0,0.0,1,"F.Cu,F.Mask,F.Paste"
U1,H4,52640d35-cda1-40c7-a5e8-26ae607b307e,unconnected-(U1C-IO_L21N_T3_DQS_35-PadH4),15.6,17.3,0.4,0.4,0.0,0.0,1,"F.Cu,F.Mask,F.Paste"
U1,H5,bc15abcb-f57c-436d-a6d1-af49fe963b9d,unconnected-(U1C-IO_L24N_T3_35-PadH5),16.4,17.3,0.4,0.4,0.0,0.0,1,"F.Cu,F.Mask,F.Paste"
U1,H6,f6855fac-54a6-4e6a-bf91-420e88955b7c,unconnected-(U1C-IO_L24P_T3_35-PadH6),17.2,17.3,0.4,0.4,0.0,0.0,1,"F.Cu,F.Mask,F.Paste"
U1,H7,56c14817-a299-4caf-9ed7-a20a02a2fe2b,GND,18.0,17.3,0.4,0.4,0.0,0.0,1,"F.Cu,F.Mask,F.Paste"
U1,H8,9d5826e8-a55c-4bc9-b576-055e01072e6b,VCCINT_1V0,18.8,17.3,0.4,0.4,0.0,0.0,1,"F.Cu,F.Mask,F.Paste"
U1,H9,6448536d-f33c-447b-9562-7974c4f08374,GND,19.6,17.3,0.4,0.4,0.0,0.0,1,"F.Cu,F.Mask,F.Paste"
U1,H10,4e616f4f-14ac-4e21-a572-0f31ece9bac6,VCCAUX_1V8,20.4,17.3,0.4,0.4,0.0,0.0,1,"F.Cu,F.Mask,F.Paste"
U1,H11,1831645d-9afd-4a71-8ae9-acb51075024a,GND,21.2,17.3,0.4,0.4,0.0,0.0,1,"F.Cu,F.Mask,F.Paste"
U1,H12,a946100d-6354-46eb-a84e-a8343fdc8b1c,VCCAUX_1V8,22.0,17.3,0.4,0.4,0.0,0.0,1,"F.Cu,F.Mask,F.Paste"
U1,H13,a40bff88-df47-427b-87dc-4b7c5e3d75ed,GND,22.8,17.3,0.4,0.4,0.0,0.0,1,"F.Cu,F.Mask,F.Paste"
U1,H14,ec9d02df-e97f-4a27-b872-346b7434172d,unconnected-(U1A-IO_L15P_T2_DQS_15-PadH14),23.6,17.3,0.4,0.4,0.0,0.0,1,"F.Cu,F.Mask,F.Paste"
U1,H15,4558cc7f-4472-42e5-937d-600f50b00100,unconnected-(U1A-IO_L19N_T3_A21_VREF_15-PadH15),24.4,17.3,0.4,0.4,0.0,0.0,1,"F.Cu,F.Mask,F.Paste"
U1,H16,66d0d674-f974-42ae-a1ad-42c9558a49b8,unconnected-(U1A-IO_L13P_T2_MRCC_15-PadH16),25.2,17.3,0.4,0.4,0.0,0.0,1,"F.Cu,F.Mask,F.Paste"
U1,H17,1f9d8c42-8018-4313-b3b6-0c2c65dc751c,unconnected-(U1A-IO_L18P_T2_A24_15-PadH17),26.0,17.3,0.4,0.4,0.0,0.0,1,"F.Cu,F.Mask,F.Paste"
U1,H18,ecef3ae2-632c-4117-b506-84332be9a927,VCC_ASIC_1V5,26.8,17.3,0.4,0.4,0.0,0.0,1,"F.Cu,F.Mask,F.Paste"
U1,J1,bb17051e-a581-4430-84dc-f4d2086435b0,VCC_ASIC_1V5,13.2,18.1,0.4,0.4,0.0,0.0,1,"F.Cu,F.Mask,F.Paste"
U1,J2,cc67f5ed-db2a-4899-99f1-832bc3daf778,unconnected-(U1C-IO_L22N_T3_35-PadJ2),14.0,18.1,0.4,0.4,0.0,0.0,1,"F.Cu,F.Mask,F.Paste"
U1,J3,19382034-f25a-4750-bc2a-14dad2bf3e2c,unconnected-(U1C-IO_L22P_T3_35-PadJ3),14.8,18.1,0.4,0.4,0.0,0.0,1,"F.Cu,F.Mask,F.Paste"
U1,J4,e7ce4240-1044-4469-8189-59dae44821e2,unconnected-(U1C-IO_L21P_T3_DQS_35-PadJ4),15.6,18.1,0.4,0.4,0.0,0.0,1,"F.Cu,F.Mask,F.Paste"
U1,J5,7ba78688-f4f4-4804-90bd-96d706d971a4,unconnected-(U1C-IO_25_35-PadJ5),16.4,18.1,0.4,0.4,0.0,0.0,1,"F.Cu,F.Mask,F.Paste"
U1,J6,7638bf2b-c1af-4033-b570-40e9f6582a81,GND,17.2,18.1,0.4,0.4,0.0,0.0,1,"F.Cu,F.Mask,F.Paste"
U1,J7,05d89415-be84-4b24-a772-b6186a51ecf8,VCCINT_1V0,18.0,18.1,0.4,0.4,0.0,0.0,1,"F.Cu,F.Mask,F.Paste"
U1,J8,fd9b01c1-38d8-4f34-8fc4-d2f604ff6c35,GND,18.8,18.1,0.4,0.4,0.0,0.0,1,"F.Cu,F.Mask,F.Paste"
U1,J9,63a7fe5b-d410-4c43-a904-36d287d4bb11,GND,19.6,18.1,0.4,0.4,0.0,0.0,1,"F.Cu,F.Mask,F.Paste"
U1,J10,e54d9470-7070-4f45-a60e-7d3a61d45f4a,GND,20.4,18.1,0.4,0.4,0.0,0.0,1,"F.Cu,F.Mask,F.Paste"
U1,J11,75dc78de-b091-4544-84ba-cf7541a8ee61,VCCINT_1V0,21.2,18.1,0.4,0.4,0.0,0.0,1,"F.Cu,F.Mask,F.Paste"
U1,J12,585db82a-7532-4e40-ba40-805ea8964c6f,GND,22.0,18.1,0.4,0.4,0.0,0.0,1,"F.Cu,F.Mask,F.Paste"
U1,J13,6fa6eb46-af73-4e07-8f63-d2a2badae72b,unconnected-(U1A-IO_L17N_T2_A25_15-PadJ13),22.8,18.1,0.4,0.4,0.0,0.0,1,"F.Cu,F.Mask,F.Paste"
U1,J14,d0842b7f-b80d-4ab6-9a24-da62c6daaca3,unconnected-(U1A-IO_L19P_T3_A22_15-PadJ14),23.6,18.1,0.4,0.4,0.0,0.0,1,"F.Cu,F.Mask,F.Paste"
U1,J15,e36dcda1-f4a4-4a64-bc4e-d45e4b767e5c,unconnected-(U1A-IO_L24N_T3_RS0_15-PadJ15),24.4,18.1,0.4,0.4,0.0,0.0,1,"F.Cu,F.Mask,F.Paste"
U1,J16,209e2341-d980-4753-b105-5feec35bec4a,GND,25.2,18.1,0.4,0.4,0.0,0.0,1,"F.Cu,F.Mask,F.Paste"
U1,J17,e45f12d5-1087-4352-bc6e-fbf35efaed56,unconnected-(U1A-IO_L23P_T3_FOE_B_15-PadJ17),26.0,18.1,0.4,0.4,0.0,0.0,1,"F.Cu,F.Mask,F.Paste"
U1,J18,238773c8-a2dd-4555-8268-4a474b89f9cc,unconnected-(U1A-IO_L23N_T3_FWE_B_15-PadJ18),26.8,18.1,0.4,0.4,0.0,0.0,1,"F.Cu,F.Mask,F.Paste"
U1,K1,39cc81b0-bc94-4214-99ea-7e651c9f398b,unconnected-(U1C-IO_L23N_T3_35-PadK1),13.2,18.9,0.4,0.4,0.0,0.0,1,"F.Cu,F.Mask,F.Paste"
U1,K2,35d6f376-2ad4-4162-b68e-4451ddf615bb,unconnected-(U1C-IO_L23P_T3_35-PadK2),14.0,18.9,0.4,0.4,0.0,0.0,1,"F.Cu,F.Mask,F.Paste"
U1,K3,8a9de223-4438-4cb8-992d-4249fa7c5ac2,unconnected-(U1B-IO_L2P_T0_34-PadK3),14.8,18.9,0.4,0.4,0.0,0.0,1,"F.Cu,F.Mask,F.Paste"
U1,K4,2eefba8f-3300-4914-8e13-287559b5b6b6,VCC_ASIC_1V5,15.6,18.9,0.4,0.4,0.0,0.0,1,"F.Cu,F.Mask,F.Paste"
U1,K5,81b7b4c1-1e97-4254-b2ac-b5cdbfcba500,unconnected-(U1B-IO_L5P_T0_34-PadK5),16.4,18.9,0.4,0.4,0.0,0.0,1,"F.Cu,F.Mask,F.Paste"
U1,K6,b5ea2ac4-b861-46c5-84a7-a2411ee1a94a,unconnected-(U1B-IO_0_34-PadK6),17.2,18.9,0.4,0.4,0.0,0.0,1,"F.Cu,F.Mask,F.Paste"
U1,K7,4e4af20f-b757-4024-977c-88fc4740caab,GND,18.0,18.9,0.4,0.4,0.0,0.0,1,"F.Cu,F.Mask,F.Paste"
U1,K8,bebd6206-e586-4ad2-8720-414562c29491,VCCINT_1V0,18.8,18.9,0.4,0.4,0.0,0.0,1,"F.Cu,F.Mask,F.Paste"
U1,K9,b4ddc776-698e-4fe4-8312-afe9f1f1aa5d,GND,19.6,18.9,0.4,0.4,0.0,0.0,1,"F.Cu,F.Mask,F.Paste"
U1,K10,d3b48e67-4f5f-418e-8ffe-b4b40026f236,GND,20.4,18.9,0.4,0.4,0.0,0.0,1,"F.Cu,F.Mask,F.Paste"
U1,K11,3074facd-fee9-40f6-8907-09a87fd14d3b,GND,21.2,18.9,0.4,0.4,0.0,0.0,1,"F.Cu,F.Mask,F.Paste"
U1,K12,ed354189-a7c3-4512-8cfc-ae58405bcaa2,VCCAUX_1V8,22.0,18.9,0.4,0.4,0.0,0.0,1,"F.Cu,F.Mask,F.Paste"
U1,K13,73fbe20e-49dc-4b58-aa32-38733929e701,unconnected-(U1A-IO_L17P_T2_A26_15-PadK13),22.8,18.9,0.4,0.4,0.0,0.0,1,"F.Cu,F.Mask,F.Paste"
U1,K14,9026197a-fc63-41ae-968f-619086040a67,VCC_ASIC_1V5,23.6,18.9,0.4,0.4,0.0,0.0,1,"F.Cu,F.Mask,F.Paste"
U1,K15,9951dad3-2d18-4a3f-b4b7-c65196387c25,unconnected-(U1A-IO_L24P_T3_RS1_15-PadK15),24.4,18.9,0.4,0.4,0.0,0.0,1,"F.Cu,F.Mask,F.Paste"
U1,K16,a776462d-3efb-4c7d-a8bd-92242092f0e5,unconnected-(U1A-IO_25_15-PadK16),25.2,18.9,0.4,0.4,0.0,0.0,1,"F.Cu,F.Mask,F.Paste"
U1,K17,a90e7059-3346-46e3-9e80-d78089b4f51d,FPGA_CFG_DQ0,26.0,18.9,0.4,0.4,0.0,0.0,1,"F.Cu,F.Mask,F.Paste"
U1,K18,013ed200-1208-4bfc-9455-baa7b738f5c3,FPGA_CFG_DQ1,26.8,18.9,0.4,0.4,0.0,0.0,1,"F.Cu,F.Mask,F.Paste"
U1,L1,386e2b11-93b6-4760-b90c-0c79a409b60c,unconnected-(U1B-IO_L1P_T0_34-PadL1),13.2,19.7,0.4,0.4,0.0,0.0,1,"F.Cu,F.Mask,F.Paste"
U1,L2,42a9caad-39fb-44ff-af28-d4518deb07eb,GND,14.0,19.7,0.4,0.4,0.0,0.0,1,"F.Cu,F.Mask,F.Paste"
U1,L3,f148b8af-e2cc-4840-80c0-08f2434fa381,unconnected-(U1B-IO_L2N_T0_34-PadL3),14.8,19.7,0.4,0.4,0.0,0.0,1,"F.Cu,F.Mask,F.Paste"
U1,L4,94d69bf9-cb8d-4e33-803b-ad9d4963a0d0,unconnected-(U1B-IO_L5N_T0_34-PadL4),15.6,19.7,0.4,0.4,0.0,0.0,1,"F.Cu,F.Mask,F.Paste"
U1,L5,f718d889-1701-423f-a145-3311d6703e59,unconnected-(U1B-IO_L6N_T0_VREF_34-PadL5),16.4,19.7,0.4,0.4,0.0,0.0,1,"F.Cu,F.Mask,F.Paste"
U1,L6,103a452f-5f62-459f-8cbd-60a2e63cb226,unconnected-(U1B-IO_L6P_T0_34-PadL6),17.2,19.7,0.4,0.4,0.0,0.0,1,"F.Cu,F.Mask,F.Paste"
U1,L7,9ffbfae4-0547-489b-b6ca-de206231b359,VCCINT_1V0,18.0,19.7,0.4,0.4,0.0,0.0,1,"F.Cu,F.Mask,F.Paste"
U1,L8,5d163467-d56c-4219-9c8c-78541ee746ba,GND,18.8,19.7,0.4,0.4,0.0,0.0,1,"F.Cu,F.Mask,F.Paste"
U1,L9,9227dfe5-45be-4ceb-aa4c-83b7ddb0d298,unconnected-(U1D-DXN_0-PadL9),19.6,19.7,0.4,0.4,0.0,0.0,1,"F.Cu,F.Mask,F.Paste"
U1,L10,92a1aa69-09c1-4724-ac6f-222ee2430632,unconnected-(U1D-DXP_0-PadL10),20.4,19.7,0.4,0.4,0.0,0.0,1,"F.Cu,F.Mask,F.Paste"
U1,L11,c1361d07-7795-4737-9cc8-72e9a788b6b8,VCCINT_1V0,21.2,19.7,0.4,0.4,0.0,0.0,1,"F.Cu,F.Mask,F.Paste"
U1,L12,d185ecc4-5f56-4f47-a8cf-c3cd963d36a3,GND,22.0,19.7,0.4,0.4,0.0,0.0,1,"F.Cu,F.Mask,F.Paste"
U1,L13,60212b7d-1baf-41e6-a2eb-d2d3c143cfea,FLASH_CS_B,22.8,19.7,0.4,0.4,0.0,0.0,1,"F.Cu,F.Mask,F.Paste"
U1,L14,606d0fea-dd4a-480c-98ca-479f0295d302,FPGA_CFG_DQ2,23.6,19.7,0.4,0.4,0.0,0.0,1,"F.Cu,F.Mask,F.Paste"
U1,L15,df0835c6-2919-4192-9ce5-a3124abbc02b,CFG_PUDC_B,24.4,19.7,0.4,0.4,0.0,0.0,1,"F.Cu,F.Mask,F.Paste"
U1,L16,940806f0-1bea-4036-a96c-a4c022954133,unconnected-(U1A-IO_L3N_T0_DQS_EMCCLK_14-PadL16),25.2,19.7,0.4,0.4,0.0,0.0,1,"F.Cu,F.Mask,F.Paste"
U1,L17,14e30142-05bf-4173-9491-8ca2d0bc8178,VCC_CFG_3V3,26.0,19.7,0.4,0.4,0.0,0.0,1,"F.Cu,F.Mask,F.Paste"
U1,L18,fb069c9c-f244-4f16-9320-16631f7dfca6,unconnected-(U1A-IO_L4P_T0_D04_14-PadL18),26.8,19.7,0.4,0.4,0.0,0.0,1,"F.Cu,F.Mask,F.Paste"
U1,M1,a8772348-61ff-4f62-88e5-f0cca7ee05bc,unconnected-(U1B-IO_L1N_T0_34-PadM1),13.2,20.5,0.4,0.4,0.0,0.0,1,"F.Cu,F.Mask,F.Paste"
U1,M2,e6ede35a-8f58-4338-81b1-5381b2b27e97,unconnected-(U1B-IO_L4N_T0_34-PadM2),14.0,20.5,0.4,0.4,0.0,0.0,1,"F.Cu,F.Mask,F.Paste"
U1,M3,62ece1bc-0374-4261-b0dc-96b9b9abe111,unconnected-(U1B-IO_L4P_T0_34-PadM3),14.8,20.5,0.4,0.4,0.0,0.0,1,"F.Cu,F.Mask,F.Paste"
U1,M4,65526f9a-1baf-4d84-b703-c485ef1819e3,unconnected-(U1B-IO_L16P_T2_34-PadM4),15.6,20.5,0.4,0.4,0.0,0.0,1,"F.Cu,F.Mask,F.Paste"
U1,M5,564aef46-269d-4f3e-91fc-8fe269c4c09b,GND,16.4,20.5,0.4,0.4,0.0,0.0,1,"F.Cu,F.Mask,F.Paste"
U1,M6,efb43fd6-cc90-48c8-813c-05d68f148d84,unconnected-(U1B-IO_L18P_T2_34-PadM6),17.2,20.5,0.4,0.4,0.0,0.0,1,"F.Cu,F.Mask,F.Paste"
U1,M7,369cb8d0-2e83-435e-87f3-4c18055ac195,GND,18.0,20.5,0.4,0.4,0.0,0.0,1,"F.Cu,F.Mask,F.Paste"
U1,M8,e84c80d5-de83-47da-b3cb-6f67765e668c,VCCINT_1V0,18.8,20.5,0.4,0.4,0.0,0.0,1,"F.Cu,F.Mask,F.Paste"
U1,M9,bac912d4-0ecf-450d-9918-0ab87d075f1f,GND,19.6,20.5,0.4,0.4,0.0,0.0,1,"F.Cu,F.Mask,F.Paste"
U1,M10,31a570d8-90f9-4caa-8340-2fdd43855e31,VCCINT_1V0,20.4,20.5,0.4,0.4,0.0,0.0,1,"F.Cu,F.Mask,F.Paste"
U1,M11,fa03bf52-6961-4f35-ac9f-ff053c7aee6f,GND,21.2,20.5,0.4,0.4,0.0,0.0,1,"F.Cu,F.Mask,F.Paste"
U1,M12,d1c69e4d-2886-4ba3-bea6-f0ca069ee3a6,VCCAUX_1V8,22.0,20.5,0.4,0.4,0.0,0.0,1,"F.Cu,F.Mask,F.Paste"
U1,M13,d2519111-ef11-4aa8-b663-97c8e5cc3d5f,unconnected-(U1A-IO_L6N_T0_D08_VREF_14-PadM13),22.8,20.5,0.4,0.4,0.0,0.0,1,"F.Cu,F.Mask,F.Paste"
U1,M14,6e59cf62-e2b4-46bf-8402-6bd46896d106,FPGA_CFG_DQ3,23.6,20.5,0.4,0.4,0.0,0.0,1,"F.Cu,F.Mask,F.Paste"
U1,M15,80757fd4-38e7-44ce-8cad-5ceed50a9795,GND,24.4,20.5,0.4,0.4,0.0,0.0,1,"F.Cu,F.Mask,F.Paste"
U1,M16,c1bfdb72-c32b-471f-bc39-92a2b12c92e2,unconnected-(U1A-IO_L10P_T1_D14_14-PadM16),25.2,20.5,0.4,0.4,0.0,0.0,1,"F.Cu,F.Mask,F.Paste"
U1,M17,3693d894-51ca-44c5-b73b-f8c57d885f28,unconnected-(U1A-IO_L10N_T1_D15_14-PadM17),26.0,20.5,0.4,0.4,0.0,0.0,1,"F.Cu,F.Mask,F.Paste"
U1,M18,95225cb8-64ee-4e72-ab47-2ea248a2e8ad,unconnected-(U1A-IO_L4N_T0_D05_14-PadM18),26.8,20.5,0.4,0.4,0.0,0.0,1,"F.Cu,F.Mask,F.Paste"
U1,N1,e6ca38fa-0973-45fe-86b5-4f9c4680fa44,unconnected-(U1B-IO_L3N_T0_DQS_34-PadN1),13.2,21.3,0.4,0.4,0.0,0.0,1,"F.Cu,F.Mask,F.Paste"
U1,N2,e53edf5c-ff78-416b-8bff-66a324935e6f,unconnected-(U1B-IO_L3P_T0_DQS_34-PadN2),14.0,21.3,0.4,0.4,0.0,0.0,1,"F.Cu,F.Mask,F.Paste"
U1,N3,7a8deb62-2808-46f8-aabc-dad249bee2cd,VCC_ASIC_1V5,14.8,21.3,0.4,0.4,0.0,0.0,1,"F.Cu,F.Mask,F.Paste"
U1,N4,44140b1a-9045-4cd1-b17b-12424a7bfb36,unconnected-(U1B-IO_L16N_T2_34-PadN4),15.6,21.3,0.4,0.4,0.0,0.0,1,"F.Cu,F.Mask,F.Paste"
U1,N5,c9550c86-0b24-40bf-bc7a-40934a46b68a,unconnected-(U1B-IO_L13P_T2_MRCC_34-PadN5),16.4,21.3,0.4,0.4,0.0,0.0,1,"F.Cu,F.Mask,F.Paste"
U1,N6,8b49812e-e767-4744-ab34-fc4ad8ddaedc,unconnected-(U1B-IO_L18N_T2_34-PadN6),17.2,21.3,0.4,0.4,0.0,0.0,1,"F.Cu,F.Mask,F.Paste"
U1,N7,b5530f08-3b7f-4a63-a991-1cb59bc9c2d9,VCCINT_1V0,18.0,21.3,0.4,0.4,0.0,0.0,1,"F.Cu,F.Mask,F.Paste"
U1,N8,560e1503-c4fc-4677-b64d-efd67b0a5247,GND,18.8,21.3,0.4,0.4,0.0,0.0,1,"F.Cu,F.Mask,F.Paste"
U1,N9,218dedee-687f-4133-9eb3-a9eb17d6362f,VCCINT_1V0,19.6,21.3,0.4,0.4,0.0,0.0,1,"F.Cu,F.Mask,F.Paste"
U1,N10,7cf961fc-b134-4630-b213-ac8ee1692bd9,GND,20.4,21.3,0.4,0.4,0.0,0.0,1,"F.Cu,F.Mask,F.Paste"
U1,N11,4ec43522-e12a-4787-ad58-7fae91e5fe2b,VCCINT_1V0,21.2,21.3,0.4,0.4,0.0,0.0,1,"F.Cu,F.Mask,F.Paste"
U1,N12,92970e98-df82-47d6-b236-cc53db7fa0a9,GND,22.0,21.3,0.4,0.4,0.0,0.0,1,"F.Cu,F.Mask,F.Paste"
U1,N13,28625904-92d2-4d26-ba1f-d4b82a10a519,VCC_CFG_3V3,22.8,21.3,0.4,0.4,0.0,0.0,1,"F.Cu,F.Mask,F.Paste"
U1,N14,7957b935-e7d5-41fb-8e6b-9adf82ebcea9,unconnected-(U1A-IO_L8P_T1_D11_14-PadN14),23.6,21.3,0.4,0.4,0.0,0.0,1,"F.Cu,F.Mask,F.Paste"
U1,N15,b76763f1-c434-4727-abaf-255ce185648e,unconnected-(U1A-IO_L11P_T1_SRCC_14-PadN15),24.4,21.3,0.4,0.4,0.0,0.0,1,"F.Cu,F.Mask,F.Paste"
U1,N16,032d8ea8-6536-4f71-b92f-a52c58bdf711,unconnected-(U1A-IO_L11N_T1_SRCC_14-PadN16),25.2,21.3,0.4,0.4,0.0,0.0,1,"F.Cu,F.Mask,F.Paste"
U1,N17,25756721-3fd3-46ce-8add-40648c9dac88,unconnected-(U1A-IO_L9P_T1_DQS_14-PadN17),26.0,21.3,0.4,0.4,0.0,0.0,1,"F.Cu,F.Mask,F.Paste"
U1,N18,5ae8df30-84b8-4da3-8a4e-38cf5e04320e,GND,26.8,21.3,0.4,0.4,0.0,0.0,1,"F.Cu,F.Mask,F.Paste"
U1,P1,8459c035-a81b-454d-a495-567fb0b2392b,GND,13.2,22.1,0.4,0.4,0.0,0.0,1,"F.Cu,F.Mask,F.Paste"
U1,P2,042fca18-3bcc-4cfa-869f-44d8af1bab51,unconnected-(U1B-IO_L15P_T2_DQS_34-PadP2),14.0,22.1,0.4,0.4,0.0,0.0,1,"F.Cu,F.Mask,F.Paste"
U1,P3,736ca203-31ed-4615-a0ba-85566162292a,unconnected-(U1B-IO_L14N_T2_SRCC_34-PadP3),14.8,22.1,0.4,0.4,0.0,0.0,1,"F.Cu,F.Mask,F.Paste"
U1,P4,fabf4f89-8213-493b-b600-587196329ec3,unconnected-(U1B-IO_L14P_T2_SRCC_34-PadP4),15.6,22.1,0.4,0.4,0.0,0.0,1,"F.Cu,F.Mask,F.Paste"
U1,P5,83869c71-64fd-4031-b071-c3ef15c17463,unconnected-(U1B-IO_L13N_T2_MRCC_34-PadP5),16.4,22.1,0.4,0.4,0.0,0.0,1,"F.Cu,F.Mask,F.Paste"
U1,P6,eaef5b8c-6721-4b43-9b03-e46a7ced0c69,VCC_ASIC_1V5,17.2,22.1,0.4,0.4,0.0,0.0,1,"F.Cu,F.Mask,F.Paste"
U1,P7,1127a784-ccce-4cde-88c3-9e01e8dd40cb,FPGA_INIT_B,18.0,22.1,0.4,0.4,0.0,0.0,1,"F.Cu,F.Mask,F.Paste"
U1,P8,e3c87d11-3890-4bf2-bc6a-c6711120cfc9,VCC_CFG_3V3,18.8,22.1,0.4,0.4,0.0,0.0,1,"F.Cu,F.Mask,F.Paste"
U1,P9,c53169a9-a00f-4a6a-bb38-2bc051e16b79,FPGA_PROGRAM_B,19.6,22.1,0.4,0.4,0.0,0.0,1,"F.Cu,F.Mask,F.Paste"
U1,P10,9ca79e63-c116-4fea-9bfb-fae222ec9ed1,FPGA_DONE,20.4,22.1,0.4,0.4,0.0,0.0,1,"F.Cu,F.Mask,F.Paste"
U1,P11,e63d34bf-cbbc-4701-9dc6-a39f57727eb6,CFG_M2,21.2,22.1,0.4,0.4,0.0,0.0,1,"F.Cu,F.Mask,F.Paste"
U1,P12,1ae55c58-00d2-447a-80ed-8485752569fb,CFG_M0,22.0,22.1,0.4,0.4,0.0,0.0,1,"F.Cu,F.Mask,F.Paste"
U1,P13,c2b27dc0-00bd-4855-84b6-b24898c8e09c,CFG_M1,22.8,22.1,0.4,0.4,0.0,0.0,1,"F.Cu,F.Mask,F.Paste"
U1,P14,865545fd-ac18-4888-b50d-6569f80b244f,unconnected-(U1A-IO_L8N_T1_D12_14-PadP14),23.6,22.1,0.4,0.4,0.0,0.0,1,"F.Cu,F.Mask,F.Paste"
U1,P15,5ee6aa8e-8da9-4e83-b810-b4b39633ee7f,unconnected-(U1A-IO_L13P_T2_MRCC_14-PadP15),24.4,22.1,0.4,0.4,0.0,0.0,1,"F.Cu,F.Mask,F.Paste"
U1,P16,def687dc-79bf-484a-9971-9a3a5530cfd0,VCC_CFG_3V3,25.2,22.1,0.4,0.4,0.0,0.0,1,"F.Cu,F.Mask,F.Paste"
U1,P17,cbcf3b3c-ae47-40cd-8417-0bf1bf0cd5e5,CLK_32MHZ,26.0,22.1,0.4,0.4,0.0,0.0,1,"F.Cu,F.Mask,F.Paste"
U1,P18,0831d071-a90a-4c3a-b54a-740b1c620a61,unconnected-(U1A-IO_L9N_T1_DQS_D13_14-PadP18),26.8,22.1,0.4,0.4,0.0,0.0,1,"F.Cu,F.Mask,F.Paste"
U1,R1,4e3e2544-2292-4cea-bbe6-50437cdbdc9c,unconnected-(U1B-IO_L17P_T2_34-PadR1),13.2,22.9,0.4,0.4,0.0,0.0,1,"F.Cu,F.Mask,F.Paste"
U1,R2,be2ae042-ea24-426f-b883-71f5b531fd96,unconnected-(U1B-IO_L15N_T2_DQS_34-PadR2),14.0,22.9,0.4,0.4,0.0,0.0,1,"F.Cu,F.Mask,F.Paste"
U1,R3,c5a08f46-5477-43aa-83c5-7edc016a1127,unconnected-(U1B-IO_L11P_T1_SRCC_34-PadR3),14.8,22.9,0.4,0.4,0.0,0.0,1,"F.Cu,F.Mask,F.Paste"
U1,R4,011375a3-e5bf-4bfc-b116-06ad5952920d,GND,15.6,22.9,0.4,0.4,0.0,0.0,1,"F.Cu,F.Mask,F.Paste"
U1,R5,d3ecae48-2971-4118-9784-f0c2e9ec7dbd,unconnected-(U1B-IO_L19N_T3_VREF_34-PadR5),16.4,22.9,0.4,0.4,0.0,0.0,1,"F.Cu,F.Mask,F.Paste"
U1,R6,31c90a9a-9822-49d9-8db4-312a42ee4e31,unconnected-(U1B-IO_L19P_T3_34-PadR6),17.2,22.9,0.4,0.4,0.0,0.0,1,"F.Cu,F.Mask,F.Paste"
U1,R7,6cd48340-b6a8-4e10-9e87-9d96218b53df,unconnected-(U1B-IO_L23P_T3_34-PadR7),18.0,22.9,0.4,0.4,0.0,0.0,1,"F.Cu,F.Mask,F.Paste"
U1,R8,6e4ae415-54c4-4470-ad7e-af57698189fa,unconnected-(U1B-IO_L24P_T3_34-PadR8),18.8,22.9,0.4,0.4,0.0,0.0,1,"F.Cu,F.Mask,F.Paste"
U1,R9,21e4ecb5-cc29-4bed-9c1a-529e0e00d74f,VCC_CFG_3V3,19.6,22.9,0.4,0.4,0.0,0.0,1,"F.Cu,F.Mask,F.Paste"
U1,R10,c13a5ec1-ca45-4932-9dd0-c6ea136817e4,unconnected-(U1A-IO_25_14-PadR10),20.4,22.9,0.4,0.4,0.0,0.0,1,"F.Cu,F.Mask,F.Paste"
U1,R11,e78d0e41-4d3d-4490-b89e-74b3de61544b,unconnected-(U1A-IO_0_14-PadR11),21.2,22.9,0.4,0.4,0.0,0.0,1,"F.Cu,F.Mask,F.Paste"
U1,R12,cb41564f-874b-4ca5-8e15-31cb53637ead,unconnected-(U1A-IO_L5P_T0_D06_14-PadR12),22.0,22.9,0.4,0.4,0.0,0.0,1,"F.Cu,F.Mask,F.Paste"
U1,R13,aa030ec5-0c4b-4b2b-81db-7dc5519ddaa0,unconnected-(U1A-IO_L5N_T0_D07_14-PadR13),22.8,22.9,0.4,0.4,0.0,0.0,1,"F.Cu,F.Mask,F.Paste"
U1,R14,b0531275-4250-4840-b595-df11180e8db4,GND,23.6,22.9,0.4,0.4,0.0,0.0,1,"F.Cu,F.Mask,F.Paste"
U1,R15,2ed41d7b-35f4-499b-a6fc-3e1df099efb1,unconnected-(U1A-IO_L13N_T2_MRCC_14-PadR15),24.4,22.9,0.4,0.4,0.0,0.0,1,"F.Cu,F.Mask,F.Paste"
U1,R16,db32a57b-3483-4e23-9a86-c1b621fff3dd,unconnected-(U1A-IO_L15P_T2_DQS_RDWR_B_14-PadR16),25.2,22.9,0.4,0.4,0.0,0.0,1,"F.Cu,F.Mask,F.Paste"
U1,R17,852c64de-abe7-4515-8bf3-e64b99605510,unconnected-(U1A-IO_L12N_T1_MRCC_14-PadR17),26.0,22.9,0.4,0.4,0.0,0.0,1,"F.Cu,F.Mask,F.Paste"
U1,R18,395efe66-55ab-4f5a-b624-76b1956794e6,unconnected-(U1A-IO_L7P_T1_D09_14-PadR18),26.8,22.9,0.4,0.4,0.0,0.0,1,"F.Cu,F.Mask,F.Paste"
U1,T1,cca2660c-7445-4cbb-a869-e10883a21a66,unconnected-(U1B-IO_L17N_T2_34-PadT1),13.2,23.7,0.4,0.4,0.0,0.0,1,"F.Cu,F.Mask,F.Paste"
U1,T2,792acf9c-8a1c-4222-b131-b955e63c78a3,VCC_ASIC_1V5,14.0,23.7,0.4,0.4,0.0,0.0,1,"F.Cu,F.Mask,F.Paste"
U1,T3,1a1a7e56-fca9-44fb-8cc9-c4a3ce665a9c,unconnected-(U1B-IO_L11N_T1_SRCC_34-PadT3),14.8,23.7,0.4,0.4,0.0,0.0,1,"F.Cu,F.Mask,F.Paste"
U1,T4,ef75da53-be19-4b50-83b1-cc3bff9bfe14,unconnected-(U1B-IO_L12N_T1_MRCC_34-PadT4),15.6,23.7,0.4,0.4,0.0,0.0,1,"F.Cu,F.Mask,F.Paste"
U1,T5,abed3c60-d500-486a-b558-b52be05f955f,unconnected-(U1B-IO_L12P_T1_MRCC_34-PadT5),16.4,23.7,0.4,0.4,0.0,0.0,1,"F.Cu,F.Mask,F.Paste"
U1,T6,26745fd5-fb69-46bc-aeb5-953d771aaa59,unconnected-(U1B-IO_L23N_T3_34-PadT6),17.2,23.7,0.4,0.4,0.0,0.0,1,"F.Cu,F.Mask,F.Paste"
U1,T7,7e3a0b7c-b07d-4f06-a742-ed1270567fb5,GND,18.0,23.7,0.4,0.4,0.0,0.0,1,"F.Cu,F.Mask,F.Paste"
U1,T8,3cf746b6-43d6-420c-ab6a-122ece7f7d90,unconnected-(U1B-IO_L24N_T3_34-PadT8),18.8,23.7,0.4,0.4,0.0,0.0,1,"F.Cu,F.Mask,F.Paste"
U1,T9,dfb06e2c-1d8c-4f68-b816-738eb5ba3be0,unconnected-(U1A-IO_L24P_T3_A01_D17_14-PadT9),19.6,23.7,0.4,0.4,0.0,0.0,1,"F.Cu,F.Mask,F.Paste"
U1,T10,ccfbb845-2e18-46ae-a9a3-af36e90bef57,unconnected-(U1A-IO_L24N_T3_A00_D16_14-PadT10),20.4,23.7,0.4,0.4,0.0,0.0,1,"F.Cu,F.Mask,F.Paste"
U1,T11,a6b717d0-8cae-4e03-9e4b-f97e01dfadda,unconnected-(U1A-IO_L19P_T3_A10_D26_14-PadT11),21.2,23.7,0.4,0.4,0.0,0.0,1,"F.Cu,F.Mask,F.Paste"
U1,T12,c8153d0f-a6d6-4053-93fc-ff084b1ce5d7,VCC_CFG_3V3,22.0,23.7,0.4,0.4,0.0,0.0,1,"F.Cu,F.Mask,F.Paste"
U1,T13,002c5bfc-1c90-4572-be7d-8a4f15d4d162,unconnected-(U1A-IO_L23P_T3_A03_D19_14-PadT13),22.8,23.7,0.4,0.4,0.0,0.0,1,"F.Cu,F.Mask,F.Paste"
U1,T14,543b6885-3627-4738-8579-69cb5b3c162c,unconnected-(U1A-IO_L14P_T2_SRCC_14-PadT14),23.6,23.7,0.4,0.4,0.0,0.0,1,"F.Cu,F.Mask,F.Paste"
U1,T15,68e5ce25-a006-4894-8ebf-8b8540bbd922,unconnected-(U1A-IO_L14N_T2_SRCC_14-PadT15),24.4,23.7,0.4,0.4,0.0,0.0,1,"F.Cu,F.Mask,F.Paste"
U1,T16,bbbb1017-860e-4e5d-bede-0b5b1691a934,unconnected-(U1A-IO_L15N_T2_DQS_DOUT_CSO_B_14-PadT16),25.2,23.7,0.4,0.4,0.0,0.0,1,"F.Cu,F.Mask,F.Paste"
U1,T17,70157523-b904-4b37-b498-50e12ebcc6a3,GND,26.0,23.7,0.4,0.4,0.0,0.0,1,"F.Cu,F.Mask,F.Paste"
U1,T18,5c768b13-8a36-4a2c-be81-014a28482b31,unconnected-(U1A-IO_L7N_T1_D10_14-PadT18),26.8,23.7,0.4,0.4,0.0,0.0,1,"F.Cu,F.Mask,F.Paste"
U1,U1,797b4df0-a9db-4eb5-b8d1-8f876e9546a4,unconnected-(U1B-IO_L7P_T1_34-PadU1),13.2,24.5,0.4,0.4,0.0,0.0,1,"F.Cu,F.Mask,F.Paste"
U1,U2,d06cfdbf-95f9-4094-b0c0-c90421d3751e,unconnected-(U1B-IO_L9P_T1_DQS_34-PadU2),14.0,24.5,0.4,0.4,0.0,0.0,1,"F.Cu,F.Mask,F.Paste"
U1,U3,2ca9d297-7c82-4641-9cbd-f0d760205d77,unconnected-(U1B-IO_L8N_T1_34-PadU3),14.8,24.5,0.4,0.4,0.0,0.0,1,"F.Cu,F.Mask,F.Paste"
U1,U4,f38269e6-ae37-42ad-943b-09ab8e2360a7,unconnected-(U1B-IO_L8P_T1_34-PadU4),15.6,24.5,0.4,0.4,0.0,0.0,1,"F.Cu,F.Mask,F.Paste"
U1,U5,3904e29c-27d2-4247-a085-9120ab1d1b2a,VCC_ASIC_1V5,16.4,24.5,0.4,0.4,0.0,0.0,1,"F.Cu,F.Mask,F.Paste"
U1,U6,fad5cfa9-821e-4e94-95e4-c3129155d660,unconnected-(U1B-IO_L22N_T3_34-PadU6),17.2,24.5,0.4,0.4,0.0,0.0,1,"F.Cu,F.Mask,F.Paste"
U1,U7,5c601ff1-5e5e-478d-ada8-74243119292a,unconnected-(U1B-IO_L22P_T3_34-PadU7),18.0,24.5,0.4,0.4,0.0,0.0,1,"F.Cu,F.Mask,F.Paste"
U1,U8,0c177b86-afac-4128-882c-611b9382d000,unconnected-(U1B-IO_25_34-PadU8),18.8,24.5,0.4,0.4,0.0,0.0,1,"F.Cu,F.Mask,F.Paste"
U1,U9,205c6d14-8ee4-41dd-9d30-282db7cbbd2a,unconnected-(U1B-IO_L21P_T3_DQS_34-PadU9),19.6,24.5,0.4,0.4,0.0,0.0,1,"F.Cu,F.Mask,F.Paste"
U1,U10,11a7bb36-3bc3-414e-9e2c-1581a9d62cc7,GND,20.4,24.5,0.4,0.4,0.0,0.0,1,"F.Cu,F.Mask,F.Paste"
U1,U11,76e43e0a-0260-4ed3-ae89-c3a80d208c22,unconnected-(U1A-IO_L19N_T3_A09_D25_VREF_14-PadU11),21.2,24.5,0.4,0.4,0.0,0.0,1,"F.Cu,F.Mask,F.Paste"
U1,U12,a51cdf23-4e1b-46cf-8024-afec5210d0ae,unconnected-(U1A-IO_L20P_T3_A08_D24_14-PadU12),22.0,24.5,0.4,0.4,0.0,0.0,1,"F.Cu,F.Mask,F.Paste"
U1,U13,38e1aceb-3cbd-465a-a64b-8759cdb7f81f,unconnected-(U1A-IO_L23N_T3_A02_D18_14-PadU13),22.8,24.5,0.4,0.4,0.0,0.0,1,"F.Cu,F.Mask,F.Paste"
U1,U14,816bda21-1a91-4b12-8594-c852bf4ccf50,unconnected-(U1A-IO_L22P_T3_A05_D21_14-PadU14),23.6,24.5,0.4,0.4,0.0,0.0,1,"F.Cu,F.Mask,F.Paste"
U1,U15,6a9bdee4-7b1b-4f01-bd5a-f33b86ee837b,VCC_CFG_3V3,24.4,24.5,0.4,0.4,0.0,0.0,1,"F.Cu,F.Mask,F.Paste"
U1,U16,6676a750-57c1-4668-ae71-e1fc0059ea97,unconnected-(U1A-IO_L18P_T2_A12_D28_14-PadU16),25.2,24.5,0.4,0.4,0.0,0.0,1,"F.Cu,F.Mask,F.Paste"
U1,U17,2bf45e52-524c-418a-880b-f7ea8e68d9c1,unconnected-(U1A-IO_L17P_T2_A14_D30_14-PadU17),26.0,24.5,0.4,0.4,0.0,0.0,1,"F.Cu,F.Mask,F.Paste"
U1,U18,4d77c04e-ccd9-48b2-8621-d4733e06e090,unconnected-(U1A-IO_L17N_T2_A13_D29_14-PadU18),26.8,24.5,0.4,0.4,0.0,0.0,1,"F.Cu,F.Mask,F.Paste"
U1,V1,41141b6d-9e81-46c6-8daf-28f6988b2b1a,unconnected-(U1B-IO_L7N_T1_34-PadV1),13.2,25.3,0.4,0.4,0.0,0.0,1,"F.Cu,F.Mask,F.Paste"
U1,V2,caeb8e71-f6eb-4356-a467-06791e3db2b6,unconnected-(U1B-IO_L9N_T1_DQS_34-PadV2),14.0,25.3,0.4,0.4,0.0,0.0,1,"F.Cu,F.Mask,F.Paste"
U1,V3,9536e34d-81af-494d-bbb3-47e69a99d0ed,GND,14.8,25.3,0.4,0.4,0.0,0.0,1,"F.Cu,F.Mask,F.Paste"
U1,V4,8792d8cc-cda6-4d26-bf0a-3ea2522186d9,unconnected-(U1B-IO_L10N_T1_34-PadV4),15.6,25.3,0.4,0.4,0.0,0.0,1,"F.Cu,F.Mask,F.Paste"
U1,V5,f1fd8c1b-65c0-4c96-80b5-79801c322101,unconnected-(U1B-IO_L10P_T1_34-PadV5),16.4,25.3,0.4,0.4,0.0,0.0,1,"F.Cu,F.Mask,F.Paste"
U1,V6,b0b063e6-a9be-42ce-a4a8-56913b761258,unconnected-(U1B-IO_L20N_T3_34-PadV6),17.2,25.3,0.4,0.4,0.0,0.0,1,"F.Cu,F.Mask,F.Paste"
U1,V7,fb708701-0b66-49c8-bc8d-81136c8942af,unconnected-(U1B-IO_L20P_T3_34-PadV7),18.0,25.3,0.4,0.4,0.0,0.0,1,"F.Cu,F.Mask,F.Paste"
U1,V8,4661780b-9856-4103-ac55-154c8b36c07f,VCC_ASIC_1V5,18.8,25.3,0.4,0.4,0.0,0.0,1,"F.Cu,F.Mask,F.Paste"
U1,V9,97385b1c-ffed-49be-ac62-7bc038fa27d0,unconnected-(U1B-IO_L21N_T3_DQS_34-PadV9),19.6,25.3,0.4,0.4,0.0,0.0,1,"F.Cu,F.Mask,F.Paste"
U1,V10,f37d4079-36d6-461d-87c0-3b11767ec7b0,unconnected-(U1A-IO_L21P_T3_DQS_14-PadV10),20.4,25.3,0.4,0.4,0.0,0.0,1,"F.Cu,F.Mask,F.Paste"
U1,V11,5794fed2-8bef-4276-8008-e4658d74202a,unconnected-(U1A-IO_L21N_T3_DQS_A06_D22_14-PadV11),21.2,25.3,0.4,0.4,0.0,0.0,1,"F.Cu,F.Mask,F.Paste"
U1,V12,a5264c77-1abc-4e70-8836-0342ba14a57c,unconnected-(U1A-IO_L20N_T3_A07_D23_14-PadV12),22.0,25.3,0.4,0.4,0.0,0.0,1,"F.Cu,F.Mask,F.Paste"
U1,V13,5facab72-41db-48a5-88de-dd96992ae54a,GND,22.8,25.3,0.4,0.4,0.0,0.0,1,"F.Cu,F.Mask,F.Paste"
U1,V14,a51db54d-533d-42b9-9140-7f39d987dc5a,unconnected-(U1A-IO_L22N_T3_A04_D20_14-PadV14),23.6,25.3,0.4,0.4,0.0,0.0,1,"F.Cu,F.Mask,F.Paste"
U1,V15,1db605c9-8a48-42c1-8a47-c0c0dd665109,unconnected-(U1A-IO_L16P_T2_CSI_B_14-PadV15),24.4,25.3,0.4,0.4,0.0,0.0,1,"F.Cu,F.Mask,F.Paste"
U1,V16,518eef95-8af5-4aa4-98dd-16651a9546d1,unconnected-(U1A-IO_L16N_T2_A15_D31_14-PadV16),25.2,25.3,0.4,0.4,0.0,0.0,1,"F.Cu,F.Mask,F.Paste"
U1,V17,19dca602-93f3-4db4-96a6-98166f0e40c7,unconnected-(U1A-IO_L18N_T2_A11_D27_14-PadV17),26.0,25.3,0.4,0.4,0.0,0.0,1,"F.Cu,F.Mask,F.Paste"
U1,V18,a929c45c-0e03-417e-92f4-2902eb8d25f3,VCC_CFG_3V3,26.8,25.3,0.4,0.4,0.0,0.0,1,"F.Cu,F.Mask,F.Paste"
U2,,dca58288-f8f0-4633-a9b2-a0201236dff2,,5.38,23.189999,0.66,0.25,0.0,0.0,1,B.Paste
U2,,1726e899-36c6-4972-a8ea-c5d10a13bdfb,,5.88,23.189999,0.66,0.25,0.0,0.0,1,B.Paste
U2,,260df38f-1af9-4275-9cd7-e584e28d907a,,6.38,23.189999,0.66,0.25,0.0,0.0,1,B.Paste
U2,,3dfebad8-6c4d-4c4d-a23b-eba91429a546,,5.38,22.329999,0.66,0.25,0.0,0.0,1,B.Paste
U2,,64d260d0-e9ea-42db-837d-c0d16542563f,,5.88,22.329999,0.66,0.25,0.0,0.0,1,B.Paste
U2,,63bd9793-6df8-47ea-a031-375b84cc3e75,,6.38,22.329999,0.66,0.25,0.0,0.0,1,B.Paste
U2,,175b3566-28ad-4564-acde-cf48cd0c7f47,,5.38,21.469999,0.66,0.25,0.0,0.0,1,B.Paste
U2,,a19de196-c310-42e5-b6d8-64e74ba9363a,,5.88,21.469999,0.66,0.25,0.0,0.0,1,B.Paste
U2,,e49dff76-8caa-4300-a4d7-0dc2e1aec321,,6.38,21.469999,0.66,0.25,0.0,0.0,1,B.Paste
U2,1,9cdd4876-d0d7-4e5a-8dfa-ed23f5da5408,LINK_12V,6.38,22.329999,2.5,0.35,0.0,0.0,1,"B.Cu,B.Mask"
U2,2,7dcd5e21-2e0c-47e7-afa0-3afbba2f31b7,SW_CORE,5.88,22.329999,2.5,0.35,0.0,0.0,1,"B.Cu,B.Mask"
U2,3,3583bf00-3200-46aa-aa23-1e7511e84f0b,GND,5.38,22.329999,2.5,0.35,0.0,0.0,1,"B.Cu,B.Mask"
U2,4,a6b060f6-caa8-4fda-b797-e892771a1ea2,unconnected-(U2-FB2-Pad4),4.48,23.079999,0.25,0.6,0.0,0.0,1,"B.Cu,B.Mask,B.Paste"
U2,5,9b79f14e-efca-4058-93a0-e046ce0d2699,FB_CORE,4.48,22.579999,0.25,0.6,0.0,0.0,1,"B.Cu,B.Mask,B.Paste"
U2,6,6b6c9fe8-3a40-4dde-8d5f-d878c1a689f2,VCORE_REG_1V025,4.48,22.079999,0.25,0.6,0.0,0.0,1,"B.Cu,B.Mask,B.Paste"
U2,7,87add51d-2e1e-42f2-a962-af778d3518ee,PG_CORE,4.48,21.579999,0.25,0.6,0.0,0.0,1,"B.Cu,B.Mask,B.Paste"
U2,8,1761c11f-ffa6-4ee0-9524-e8ddc1b8627c,LINK_12V,7.28,21.579999,0.25,0.6,0.0,0.0,1,"B.Cu,B.Mask,B.Paste"
U2,9,b260d1ed-37e3-4779-8ebe-5ef3ba0cd246,SS_CORE,7.28,22.079999,0.25,0.6,0.0,0.0,1,"B.Cu,B.Mask,B.Paste"
U2,10,0b3d2754-6bb8-4433-9011-65a70bcf5507,LINK_12V,7.28,22.579999,0.25,0.6,0.0,0.0,1,"B.Cu,B.Mask,B.Paste"
U2,11,5f2784fd-b518-48c3-b5cf-6244607a67c7,GND,7.28,23.079999,0.25,0.6,0.0,0.0,1,"B.Cu,B.Mask,B.Paste"
U3,,581fcbe2-4800-489d-abb2-8a7021b74c06,,4.625,31.345,0.66,0.25,0.0,0.0,1,F.Paste
U3,,d214a6b4-1ee3-485e-a267-0284e597ce18,,5.125,31.345,0.66,0.25,0.0,0.0,1,F.Paste
U3,,6acf69d2-91e3-483f-8e1e-90579ada78ba,,5.625,31.345,0.66,0.25,0.0,0.0,1,F.Paste
U3,,6497ebc2-0bf4-4796-b8a1-5d6592d88b4a,,4.625,30.485,0.66,0.25,0.0,0.0,1,F.Paste
U3,,b5a44326-03d0-4df7-ba76-378af7bdcb49,,5.125,30.485,0.66,0.25,0.0,0.0,1,F.Paste
U3,,abf9c382-8330-43c7-8a86-1c718d9272e6,,5.625,30.485,0.66,0.25,0.0,0.0,1,F.Paste
U3,,7a4fb767-1814-4eee-819d-3adc886079ca,,4.625,29.625,0.66,0.25,0.0,0.0,1,F.Paste
U3,,6fec8645-f464-4dd9-a848-d6142605679b,,5.125,29.625,0.66,0.25,0.0,0.0,1,F.Paste
U3,,ece4ff9f-bcd9-456f-864e-0a3364202c02,,5.625,29.625,0.66,0.25,0.0,0.0,1,F.Paste
U3,1,ff4cc10a-2536-4b66-ace0-b647afe384bc,LINK_12V,4.625,30.485,2.5,0.35,0.0,0.0,1,"F.Cu,F.Mask"
U3,2,43ee240b-3797-4f1e-8bc3-76fe38a5744a,SW_AUX,5.125,30.485,2.5,0.35,0.0,0.0,1,"F.Cu,F.Mask"
U3,3,c7e869ba-122c-4c4a-8f93-f369d5e882ac,GND,5.625,30.485,2.5,0.35,0.0,0.0,1,"F.Cu,F.Mask"
U3,4,0f4c6dd9-3708-4574-a227-b71562ea29ce,unconnected-(U3-FB2-Pad4),6.525,31.235,0.25,0.6,0.0,0.0,1,"F.Cu,F.Mask,F.Paste"
U3,5,e128839e-c8d6-48af-83d1-7ad70dbcbc6a,FB_AUX,6.525,30.735,0.25,0.6,0.0,0.0,1,"F.Cu,F.Mask,F.Paste"
U3,6,498f1e98-683b-4e7f-9b49-1166041bf8a7,VCCAUX_1V8,6.525,30.235,0.25,0.6,0.0,0.0,1,"F.Cu,F.Mask,F.Paste"
U3,7,3e03e540-860b-4f70-9667-06d3d5d42621,PG_AUX,6.525,29.735,0.25,0.6,0.0,0.0,1,"F.Cu,F.Mask,F.Paste"
U3,8,ec84da48-5e59-479c-a671-c9786df9e50e,PG_CORE,3.725,29.735,0.25,0.6,0.0,0.0,1,"F.Cu,F.Mask,F.Paste"
U3,9,68a72d05-b74c-4421-8b03-323b697ce9e9,SS_AUX,3.725,30.235,0.25,0.6,0.0,0.0,1,"F.Cu,F.Mask,F.Paste"
U3,10,898fe07a-a4bf-427c-8738-0a7473e9f1ec,LINK_12V,3.725,30.735,0.25,0.6,0.0,0.0,1,"F.Cu,F.Mask,F.Paste"
U3,11,d39b9309-0ea9-4e35-8bb9-000c8a505e52,GND,3.725,31.235,0.25,0.6,0.0,0.0,1,"F.Cu,F.Mask,F.Paste"
U4,,848c6d42-b4de-4da9-b347-c1f9d3d2f987,,4.625,20.095,0.66,0.25,0.0,0.0,1,F.Paste
U4,,bcd6bb07-4de2-4c58-ac3f-ec9c79e7f9e1,,5.125,20.095,0.66,0.25,0.0,0.0,1,F.Paste
U4,,5214b94c-5b29-4cee-85b6-2a6d5adbec42,,5.625,20.095,0.66,0.25,0.0,0.0,1,F.Paste
U4,,06208492-ec8a-4035-a79e-9a169304417d,,4.625,19.235,0.66,0.25,0.0,0.0,1,F.Paste
U4,,bc8349c1-df54-4b2f-bacb-3e2e89a5e8ac,,5.125,19.235,0.66,0.25,0.0,0.0,1,F.Paste
U4,,1dff6eb7-d084-43dc-8d09-37675d331c80,,5.625,19.235,0.66,0.25,0.0,0.0,1,F.Paste
U4,,b5039037-3c38-48af-813e-fa48afd8f5a2,,4.625,18.375,0.66,0.25,0.0,0.0,1,F.Paste
U4,,29892f66-54ca-42aa-88f7-480f27aaef62,,5.125,18.375,0.66,0.25,0.0,0.0,1,F.Paste
U4,,8010c286-7ca2-4c48-92a7-c2a681fe4979,,5.625,18.375,0.66,0.25,0.0,0.0,1,F.Paste
U4,1,10bb0f36-d82a-4495-8700-8b104ab19f75,LINK_12V,4.625,19.235,2.5,0.35,0.0,0.0,1,"F.Cu,F.Mask"
U4,2,0678fd59-fc9a-4aea-bf0a-297c39bee6cf,SW_CFG,5.125,19.235,2.5,0.35,0.0,0.0,1,"F.Cu,F.Mask"
U4,3,3ada8334-7403-4c71-a16e-c6d1ef4a087d,GND,5.625,19.235,2.5,0.35,0.0,0.0,1,"F.Cu,F.Mask"
U4,4,4a88af52-f7fc-44e4-a174-4c2e87e1c126,unconnected-(U4-FB2-Pad4),6.525,19.985,0.25,0.6,0.0,0.0,1,"F.Cu,F.Mask,F.Paste"
U4,5,e2a19a57-45ba-4948-8117-580cfc4de962,FB_CFG,6.525,19.485,0.25,0.6,0.0,0.0,1,"F.Cu,F.Mask,F.Paste"
U4,6,1ec251d1-7b9a-40b8-bb9c-d479e85d0e96,VCC_CFG_3V3,6.525,18.985,0.25,0.6,0.0,0.0,1,"F.Cu,F.Mask,F.Paste"
U4,7,9065431c-202d-4ba4-b434-1096679a6bb2,PGOOD_IO,6.525,18.485,0.25,0.6,0.0,0.0,1,"F.Cu,F.Mask,F.Paste"
U4,8,719a3d2d-4b73-473c-8cf7-d249f422db6e,PG_AUX,3.725,18.485,0.25,0.6,0.0,0.0,1,"F.Cu,F.Mask,F.Paste"
U4,9,32aeaa28-f97a-438b-9334-dc2b4da0a6b1,SS_CFG,3.725,18.985,0.25,0.6,0.0,0.0,1,"F.Cu,F.Mask,F.Paste"
U4,10,ae4ff061-8e66-4498-bbc0-c25a591ddce6,LINK_12V,3.725,19.485,0.25,0.6,0.0,0.0,1,"F.Cu,F.Mask,F.Paste"
U4,11,af7a4c90-c969-4e43-b5d8-4edececf8f88,GND,3.725,19.985,0.25,0.6,0.0,0.0,1,"F.Cu,F.Mask,F.Paste"
U5,,dd16f11e-fa9d-4fee-9218-c8a015c79d6c,,5.079999,9.76,0.66,0.25,0.0,0.0,1,B.Paste
U5,,ef972df6-41d7-4441-afa0-715402f0f3eb,,5.579999,9.76,0.66,0.25,0.0,0.0,1,B.Paste
U5,,0e247e77-71df-4c0a-9d81-9736708e75f7,,6.079999,9.76,0.66,0.25,0.0,0.0,1,B.Paste
U5,,e6b3eddd-1394-4abf-84f4-13d9a8655261,,5.079999,8.9,0.66,0.25,0.0,0.0,1,B.Paste
U5,,8063e1f8-87fe-445a-846b-be8b81ba5267,,5.579999,8.9,0.66,0.25,0.0,0.0,1,B.Paste
U5,,843ef225-dbb7-4fdf-9564-4af5e7fe8d9d,,6.079999,8.9,0.66,0.25,0.0,0.0,1,B.Paste
U5,,ba582c3a-9d1a-4fb1-b8d6-01fa63ec962b,,5.079999,8.04,0.66,0.25,0.0,0.0,1,B.Paste
U5,,654689eb-59c3-4730-932f-5c90a7f8a98b,,5.579999,8.04,0.66,0.25,0.0,0.0,1,B.Paste
U5,,9605aad6-d33c-4eab-8c6c-87d0511557a0,,6.079999,8.04,0.66,0.25,0.0,0.0,1,B.Paste
U5,1,239e05bd-4ea0-43a9-a2af-707e71bac293,LINK_12V,6.079999,8.9,2.5,0.35,0.0,0.0,1,"B.Cu,B.Mask"
U5,2,c6db1b25-a002-497f-91f1-0d8fa6881537,SW_ASIC,5.579999,8.9,2.5,0.35,0.0,0.0,1,"B.Cu,B.Mask"
U5,3,c71d10d9-9a26-44e9-9d28-2e4bfe594b2f,GND,5.079999,8.9,2.5,0.35,0.0,0.0,1,"B.Cu,B.Mask"
U5,4,6fd157fa-ce63-4f97-a2a8-6531a2f39e93,unconnected-(U5-FB2-Pad4),4.179999,9.65,0.25,0.6,0.0,0.0,1,"B.Cu,B.Mask,B.Paste"
U5,5,2c043dac-d1e0-43f3-a5ea-d990d394ec2b,FB_ASIC,4.179999,9.15,0.25,0.6,0.0,0.0,1,"B.Cu,B.Mask,B.Paste"
U5,6,2aded20e-623b-4fbd-b0fb-6da62b5f8e98,VCC_ASIC_1V5,4.179999,8.65,0.25,0.6,0.0,0.0,1,"B.Cu,B.Mask,B.Paste"
U5,7,afd1665f-4585-4dc9-97d1-634dd63b8577,PGOOD_IO,4.179999,8.15,0.25,0.6,0.0,0.0,1,"B.Cu,B.Mask,B.Paste"
U5,8,f5456b90-5586-4e9e-939b-e0394164c5ce,PG_AUX,6.979999,8.15,0.25,0.6,0.0,0.0,1,"B.Cu,B.Mask,B.Paste"
U5,9,4307593b-ffea-4343-b120-7493a9cca060,SS_ASIC,6.979999,8.65,0.25,0.6,0.0,0.0,1,"B.Cu,B.Mask,B.Paste"
U5,10,17bb6c80-a1e9-4d64-8b5d-0f4ce3a93e23,LINK_12V,6.979999,9.15,0.25,0.6,0.0,0.0,1,"B.Cu,B.Mask,B.Paste"
U5,11,9f1eeefe-d8d1-4c4f-8c81-f23abccdf98a,GND,6.979999,9.65,0.25,0.6,0.0,0.0,1,"B.Cu,B.Mask,B.Paste"
U6,1,8331b643-b209-4d9c-ab2b-fac392c146a9,FLASH_CS_B,13.9625,5.705,1.625,0.65,0.0,0.0,1,"B.Cu,B.Mask,B.Paste"
U6,2,d1641238-23ba-43ee-a015-9b3bae7deee1,FLASH_DQ1,13.9625,4.435,1.625,0.65,0.0,0.0,1,"B.Cu,B.Mask,B.Paste"
U6,3,4688639e-21b0-4d59-83f0-de095b5b958e,FLASH_DQ2,13.9625,3.165,1.625,0.65,0.0,0.0,1,"B.Cu,B.Mask,B.Paste"
U6,4,67f09dd9-b3fb-442e-a93f-a56f67d50cce,GND,13.9625,1.895,1.625,0.65,0.0,0.0,1,"B.Cu,B.Mask,B.Paste"
U6,5,f904b2b7-f74a-4880-b81a-e1eab752804b,FLASH_DQ0,21.1375,1.895,1.625,0.65,0.0,0.0,1,"B.Cu,B.Mask,B.Paste"
U6,6,09bae19d-ae0b-49a4-868f-98472bb6d95c,FLASH_SCLK,21.1375,3.165,1.625,0.65,0.0,0.0,1,"B.Cu,B.Mask,B.Paste"
U6,7,3857b729-1ebc-4549-9e51-59ca3239fa37,FLASH_DQ3,21.1375,4.435,1.625,0.65,0.0,0.0,1,"B.Cu,B.Mask,B.Paste"
U6,8,58bf32b2-03e7-4665-9cb2-de6636cff419,VCC_CFG_3V3,21.1375,5.705,1.625,0.65,0.0,0.0,1,"B.Cu,B.Mask,B.Paste"
Y1,1,1f096098-b4e7-43d1-bbdc-baec31737d01,VCC_CFG_3V3,3.91,11.825001,1.3,1.1,0.0,0.0,1,"F.Cu,F.Mask,F.Paste"
Y1,2,1c49ab9b-2e7a-4ccf-89f6-5a558318599d,GND,6.01,11.825001,1.3,1.1,0.0,0.0,1,"F.Cu,F.Mask,F.Paste"
Y1,3,b46f3e1d-9dcd-4aa6-afa2-250cbea1427f,OSC_32M_RAW,6.01,10.175001,1.3,1.1,0.0,0.0,1,"F.Cu,F.Mask,F.Paste"
Y1,4,74af519d-0fb3-4d7f-8e49-61c5373333e2,VCC_CFG_3V3,3.91,10.175001,1.3,1.1,0.0,0.0,1,"F.Cu,F.Mask,F.Paste"
