ref,pin,function,bank,net,raw_net,state,copper_status,physical_pad_count,proposal,proposal_direction,FPGA_ball_proposal
C1,1,,,LINK_12V,LINK_12V,assigned,unrouted,1,,,
C1,2,,,GND,GND,assigned,unrouted,1,,,
C2,1,,,LINK_12V,LINK_12V,assigned,unrouted,1,,,
C2,2,,,GND,GND,assigned,unrouted,1,,,
C3,1,,,LINK_12V,LINK_12V,assigned,unrouted,1,,,
C3,2,,,GND,GND,assigned,unrouted,1,,,
C4,1,,,LINK_12V,LINK_12V,assigned,unrouted,1,,,
C4,2,,,GND,GND,assigned,unrouted,1,,,
C5,1,,,VCORE_REG_1V025,VCORE_REG_1V025,assigned,unrouted,1,,,
C5,2,,,GND,GND,assigned,unrouted,1,,,
C6,1,,,SS_CORE,SS_CORE,assigned,unrouted,1,,,
C6,2,,,GND,GND,assigned,unrouted,1,,,
C7,1,,,LINK_12V,LINK_12V,assigned,unrouted,1,,,
C7,2,,,GND,GND,assigned,unrouted,1,,,
C8,1,,,LINK_12V,LINK_12V,assigned,unrouted,1,,,
C8,2,,,GND,GND,assigned,unrouted,1,,,
C9,1,,,VCCAUX_1V8,VCCAUX_1V8,assigned,unrouted,1,,,
C9,2,,,GND,GND,assigned,unrouted,1,,,
C10,1,,,SS_AUX,SS_AUX,assigned,unrouted,1,,,
C10,2,,,GND,GND,assigned,unrouted,1,,,
C11,1,,,LINK_12V,LINK_12V,assigned,unrouted,1,,,
C11,2,,,GND,GND,assigned,unrouted,1,,,
C12,1,,,LINK_12V,LINK_12V,assigned,unrouted,1,,,
C12,2,,,GND,GND,assigned,unrouted,1,,,
C13,1,,,VCC_CFG_3V3,VCC_CFG_3V3,assigned,unrouted,1,,,
C13,2,,,GND,GND,assigned,unrouted,1,,,
C14,1,,,SS_CFG,SS_CFG,assigned,unrouted,1,,,
C14,2,,,GND,GND,assigned,unrouted,1,,,
C15,1,,,LINK_12V,LINK_12V,assigned,unrouted,1,,,
C15,2,,,GND,GND,assigned,unrouted,1,,,
C16,1,,,LINK_12V,LINK_12V,assigned,unrouted,1,,,
C16,2,,,GND,GND,assigned,unrouted,1,,,
C17,1,,,VCC_ASIC_1V5,VCC_ASIC_1V5,assigned,unrouted,1,,,
C17,2,,,GND,GND,assigned,unrouted,1,,,
C18,1,,,SS_ASIC,SS_ASIC,assigned,unrouted,1,,,
C18,2,,,GND,GND,assigned,unrouted,1,,,
C20,1,,,VCCINT_1V0,VCCINT_1V0,assigned,unrouted,1,,,
C20,2,,,GND,GND,assigned,unrouted,1,,,
C21,1,,,VCCINT_1V0,VCCINT_1V0,assigned,unrouted,1,,,
C21,2,,,GND,GND,assigned,unrouted,1,,,
C22,1,,,VCCINT_1V0,VCCINT_1V0,assigned,unrouted,1,,,
C22,2,,,GND,GND,assigned,unrouted,1,,,
C23,1,,,VCCINT_1V0,VCCINT_1V0,assigned,unrouted,1,,,
C23,2,,,GND,GND,assigned,unrouted,1,,,
C24,1,,,VCCINT_1V0,VCCINT_1V0,assigned,unrouted,1,,,
C24,2,,,GND,GND,assigned,unrouted,1,,,
C25,1,,,VCCINT_1V0,VCCINT_1V0,assigned,unrouted,1,,,
C25,2,,,GND,GND,assigned,unrouted,1,,,
C26,1,,,VCCINT_1V0,VCCINT_1V0,assigned,unrouted,1,,,
C26,2,,,GND,GND,assigned,unrouted,1,,,
C27,1,,,VCCINT_1V0,VCCINT_1V0,assigned,unrouted,1,,,
C27,2,,,GND,GND,assigned,unrouted,1,,,
C28,1,,,VCCINT_1V0,VCCINT_1V0,assigned,unrouted,1,,,
C28,2,,,GND,GND,assigned,unrouted,1,,,
C29,1,,,VCCINT_1V0,VCCINT_1V0,assigned,unrouted,1,,,
C29,2,,,GND,GND,assigned,unrouted,1,,,
C30,1,,,VCCINT_1V0,VCCINT_1V0,assigned,unrouted,1,,,
C30,2,,,GND,GND,assigned,unrouted,1,,,
C31,1,,,VCCINT_1V0,VCCINT_1V0,assigned,unrouted,1,,,
C31,2,,,GND,GND,assigned,unrouted,1,,,
C32,1,,,VCCINT_1V0,VCCINT_1V0,assigned,unrouted,1,,,
C32,2,,,GND,GND,assigned,unrouted,1,,,
C33,1,,,VCCINT_1V0,VCCINT_1V0,assigned,unrouted,1,,,
C33,2,,,GND,GND,assigned,unrouted,1,,,
C34,1,,,VCCINT_1V0,VCCINT_1V0,assigned,unrouted,1,,,
C34,2,,,GND,GND,assigned,unrouted,1,,,
C35,1,,,VCCINT_1V0,VCCINT_1V0,assigned,unrouted,1,,,
C35,2,,,GND,GND,assigned,unrouted,1,,,
C36,1,,,VCCINT_1V0,VCCINT_1V0,assigned,unrouted,1,,,
C36,2,,,GND,GND,assigned,unrouted,1,,,
C37,1,,,VCCINT_1V0,VCCINT_1V0,assigned,unrouted,1,,,
C37,2,,,GND,GND,assigned,unrouted,1,,,
C40,1,,,VCCAUX_1V8,VCCAUX_1V8,assigned,unrouted,1,,,
C40,2,,,GND,GND,assigned,unrouted,1,,,
C41,1,,,VCCAUX_1V8,VCCAUX_1V8,assigned,unrouted,1,,,
C41,2,,,GND,GND,assigned,unrouted,1,,,
C42,1,,,VCCAUX_1V8,VCCAUX_1V8,assigned,unrouted,1,,,
C42,2,,,GND,GND,assigned,unrouted,1,,,
C43,1,,,VCCAUX_1V8,VCCAUX_1V8,assigned,unrouted,1,,,
C43,2,,,GND,GND,assigned,unrouted,1,,,
C44,1,,,VCCAUX_1V8,VCCAUX_1V8,assigned,unrouted,1,,,
C44,2,,,GND,GND,assigned,unrouted,1,,,
C45,1,,,VCCAUX_1V8,VCCAUX_1V8,assigned,unrouted,1,,,
C45,2,,,GND,GND,assigned,unrouted,1,,,
C46,1,,,VCCAUX_1V8,VCCAUX_1V8,assigned,unrouted,1,,,
C46,2,,,GND,GND,assigned,unrouted,1,,,
C50,1,,,VCC_CFG_3V3,VCC_CFG_3V3,assigned,unrouted,1,,,
C50,2,,,GND,GND,assigned,unrouted,1,,,
C51,1,,,VCC_CFG_3V3,VCC_CFG_3V3,assigned,unrouted,1,,,
C51,2,,,GND,GND,assigned,unrouted,1,,,
C52,1,,,VCC_CFG_3V3,VCC_CFG_3V3,assigned,unrouted,1,,,
C52,2,,,GND,GND,assigned,unrouted,1,,,
C53,1,,,VCC_CFG_3V3,VCC_CFG_3V3,assigned,unrouted,1,,,
C53,2,,,GND,GND,assigned,unrouted,1,,,
C54,1,,,VCC_CFG_3V3,VCC_CFG_3V3,assigned,unrouted,1,,,
C54,2,,,GND,GND,assigned,unrouted,1,,,
C55,1,,,VCC_CFG_3V3,VCC_CFG_3V3,assigned,unrouted,1,,,
C55,2,,,GND,GND,assigned,unrouted,1,,,
C56,1,,,VCC_CFG_3V3,VCC_CFG_3V3,assigned,unrouted,1,,,
C56,2,,,GND,GND,assigned,unrouted,1,,,
C57,1,,,VCC_CFG_3V3,VCC_CFG_3V3,assigned,unrouted,1,,,
C57,2,,,GND,GND,assigned,unrouted,1,,,
C58,1,,,VCC_CFG_3V3,VCC_CFG_3V3,assigned,unrouted,1,,,
C58,2,,,GND,GND,assigned,unrouted,1,,,
C59,1,,,VCC_CFG_3V3,VCC_CFG_3V3,assigned,unrouted,1,,,
C59,2,,,GND,GND,assigned,unrouted,1,,,
C60,1,,,VCC_CFG_3V3,VCC_CFG_3V3,assigned,unrouted,1,,,
C60,2,,,GND,GND,assigned,unrouted,1,,,
C61,1,,,VCC_CFG_3V3,VCC_CFG_3V3,assigned,unrouted,1,,,
C61,2,,,GND,GND,assigned,unrouted,1,,,
C62,1,,,VCC_CFG_3V3,VCC_CFG_3V3,assigned,unrouted,1,,,
C62,2,,,GND,GND,assigned,unrouted,1,,,
C63,1,,,VCC_CFG_3V3,VCC_CFG_3V3,assigned,unrouted,1,,,
C63,2,,,GND,GND,assigned,unrouted,1,,,
C64,1,,,VCC_ASIC_1V5,VCC_ASIC_1V5,assigned,unrouted,1,,,
C64,2,,,GND,GND,assigned,unrouted,1,,,
C65,1,,,VCC_ASIC_1V5,VCC_ASIC_1V5,assigned,unrouted,1,,,
C65,2,,,GND,GND,assigned,unrouted,1,,,
C66,1,,,VCC_ASIC_1V5,VCC_ASIC_1V5,assigned,unrouted,1,,,
C66,2,,,GND,GND,assigned,unrouted,1,,,
C67,1,,,VCC_ASIC_1V5,VCC_ASIC_1V5,assigned,unrouted,1,,,
C67,2,,,GND,GND,assigned,unrouted,1,,,
C68,1,,,VCC_ASIC_1V5,VCC_ASIC_1V5,assigned,unrouted,1,,,
C68,2,,,GND,GND,assigned,unrouted,1,,,
C69,1,,,VCC_ASIC_1V5,VCC_ASIC_1V5,assigned,unrouted,1,,,
C69,2,,,GND,GND,assigned,unrouted,1,,,
C70,1,,,VCC_ASIC_1V5,VCC_ASIC_1V5,assigned,unrouted,1,,,
C70,2,,,GND,GND,assigned,unrouted,1,,,
C71,1,,,VCC_ASIC_1V5,VCC_ASIC_1V5,assigned,unrouted,1,,,
C71,2,,,GND,GND,assigned,unrouted,1,,,
C72,1,,,VCC_ASIC_1V5,VCC_ASIC_1V5,assigned,unrouted,1,,,
C72,2,,,GND,GND,assigned,unrouted,1,,,
C73,1,,,VCC_ASIC_1V5,VCC_ASIC_1V5,assigned,unrouted,1,,,
C73,2,,,GND,GND,assigned,unrouted,1,,,
C74,1,,,VCC_ASIC_1V5,VCC_ASIC_1V5,assigned,unrouted,1,,,
C74,2,,,GND,GND,assigned,unrouted,1,,,
C75,1,,,VCC_ASIC_1V5,VCC_ASIC_1V5,assigned,unrouted,1,,,
C75,2,,,GND,GND,assigned,unrouted,1,,,
C76,1,,,VCC_ASIC_1V5,VCC_ASIC_1V5,assigned,unrouted,1,,,
C76,2,,,GND,GND,assigned,unrouted,1,,,
C77,1,,,VCC_ASIC_1V5,VCC_ASIC_1V5,assigned,unrouted,1,,,
C77,2,,,GND,GND,assigned,unrouted,1,,,
C78,1,,,VCC_ASIC_1V5,VCC_ASIC_1V5,assigned,unrouted,1,,,
C78,2,,,GND,GND,assigned,unrouted,1,,,
C79,1,,,VCC_ASIC_1V5,VCC_ASIC_1V5,assigned,unrouted,1,,,
C79,2,,,GND,GND,assigned,unrouted,1,,,
C80,1,,,VCC_ASIC_1V5,VCC_ASIC_1V5,assigned,unrouted,1,,,
C80,2,,,GND,GND,assigned,unrouted,1,,,
C81,1,,,VCC_ASIC_1V5,VCC_ASIC_1V5,assigned,unrouted,1,,,
C81,2,,,GND,GND,assigned,unrouted,1,,,
C82,1,,,VCC_ASIC_1V5,VCC_ASIC_1V5,assigned,unrouted,1,,,
C82,2,,,GND,GND,assigned,unrouted,1,,,
C90,1,,,VCCAUX_1V8,VCCAUX_1V8,assigned,unrouted,1,,,
C90,2,,,GND,GND,assigned,unrouted,1,,,
C91,1,,,VCCAUX_1V8,VCCAUX_1V8,assigned,unrouted,1,,,
C91,2,,,GND,GND,assigned,unrouted,1,,,
C100,1,,,VCC_CFG_3V3,VCC_CFG_3V3,assigned,unrouted,1,,,
C100,2,,,GND,GND,assigned,unrouted,1,,,
C101,1,,,VCC_CFG_3V3,VCC_CFG_3V3,assigned,unrouted,1,,,
C101,2,,,GND,GND,assigned,unrouted,1,,,
C102,1,,,VCC_CFG_3V3,VCC_CFG_3V3,assigned,unrouted,1,,,
C102,2,,,GND,GND,assigned,unrouted,1,,,
C103,1,,,VCC_CFG_3V3,VCC_CFG_3V3,assigned,unrouted,1,,,
C103,2,,,GND,GND,assigned,unrouted,1,,,
J4,1,VTREF,,VCC_CFG_3V3,VCC_CFG_3V3,assigned,unrouted,1,,,
J4,2,JTAG_TMS,,JTAG_TMS,JTAG_TMS,assigned,unrouted,1,,,
J4,3,PAIR0_P_RESERVED,,,unconnected-(J4-PAIR0_P_RESERVED-Pad3),unassigned,not implemented,1,,,
J4,4,GND,,GND,GND,assigned,unrouted,1,,,
J4,5,PAIR0_N_RESERVED,,,unconnected-(J4-PAIR0_N_RESERVED-Pad5),unassigned,not implemented,1,,,
J4,6,PAIR1_P_RESERVED,,,unconnected-(J4-PAIR1_P_RESERVED-Pad6),unassigned,not implemented,1,,,
J4,7,GND,,GND,GND,assigned,unrouted,1,,,
J4,8,PAIR1_N_RESERVED,,,unconnected-(J4-PAIR1_N_RESERVED-Pad8),unassigned,not implemented,1,,,
J4,9,PAIR2_P_RESERVED,,,unconnected-(J4-PAIR2_P_RESERVED-Pad9),unassigned,not implemented,1,,,
J4,10,GND,,GND,GND,assigned,unrouted,1,,,
J4,11,PAIR2_N_RESERVED,,,unconnected-(J4-PAIR2_N_RESERVED-Pad11),unassigned,not implemented,1,,,
J4,12,PAIR3_P_RESERVED,,,unconnected-(J4-PAIR3_P_RESERVED-Pad12),unassigned,not implemented,1,,,
J4,13,GND,,GND,GND,assigned,unrouted,1,,,
J4,14,PAIR3_N_RESERVED,,,unconnected-(J4-PAIR3_N_RESERVED-Pad14),unassigned,not implemented,1,,,
J4,15,JTAG_TDI,,JTAG_TDI,JTAG_TDI,assigned,unrouted,1,,,
J4,16,GND,,GND,GND,assigned,unrouted,1,,,
J4,17,JTAG_TCK,,JTAG_TCK,JTAG_TCK,assigned,unrouted,1,,,
J4,18,JTAG_TDO,,JTAG_TDO,JTAG_TDO,assigned,unrouted,1,,,
J4,19,12V,,LINK_12V,LINK_12V,assigned,unrouted,1,,,
J4,SH,GND,,GND,GND,assigned,unrouted,4,,,
J5,1,ASIC connector contact,,,,unassigned,not implemented,1,ASIC1_DATA1,Input,TBD
J5,2,ASIC connector contact,,,,unassigned,not implemented,1,ASIC1_DATA2,Input,TBD
J5,3,ASIC connector contact,,,,unassigned,not implemented,1,ASIC1_DATA3,Input,TBD
J5,4,ASIC connector contact,,,,unassigned,not implemented,1,ASIC1_DATA4,Input,TBD
J5,5,ASIC connector contact,,,,unassigned,not implemented,1,ASIC1_DATA5,Input,TBD
J5,6,ASIC connector contact,,,,unassigned,not implemented,1,ASIC1_DATA6,Input,TBD
J5,7,ASIC connector contact,,,,unassigned,not implemented,1,ASIC1_DATA7,Input,TBD
J5,8,ASIC connector contact,,,,unassigned,not implemented,1,ASIC1_DATA8,Input,TBD
J5,9,ASIC connector contact,,,,unassigned,not implemented,1,ASIC1_CLK32MHz_Out,Input,TBD
J5,10,ASIC connector contact,,,,unassigned,not implemented,1,ASIC1_READ,Input,TBD
J5,11,ASIC connector contact,,,,unassigned,not implemented,1,ASIC1_SYNC,Input,TBD
J5,12,ASIC connector contact,,,,unassigned,not implemented,1,ASIC2_DATA1,Input,TBD
J5,13,ASIC connector contact,,,,unassigned,not implemented,1,ASIC2_DATA2,Input,TBD
J5,14,ASIC connector contact,,,,unassigned,not implemented,1,ASIC2_DATA3,Input,TBD
J5,15,ASIC connector contact,,,,unassigned,not implemented,1,ASIC2_DATA4,Input,TBD
J5,16,ASIC connector contact,,,,unassigned,not implemented,1,ASIC2_DATA5,Input,TBD
J5,17,ASIC connector contact,,,,unassigned,not implemented,1,ASIC2_DATA6,Input,TBD
J5,18,ASIC connector contact,,,,unassigned,not implemented,1,ASIC2_DATA7,Input,TBD
J5,19,ASIC connector contact,,,,unassigned,not implemented,1,ASIC2_DATA8,Input,TBD
J5,20,ASIC connector contact,,,,unassigned,not implemented,1,ASIC2_CLK32MHz_Out,Input,TBD
J5,21,ASIC connector contact,,,,unassigned,not implemented,1,ASIC2_READ,Input,TBD
J5,22,ASIC connector contact,,,,unassigned,not implemented,1,ASIC2_SYNC,Input,TBD
J5,23,ASIC connector contact,,,,unassigned,not implemented,1,ASIC3_DATA1,Input,TBD
J5,24,ASIC connector contact,,,,unassigned,not implemented,1,ASIC3_DATA2,Input,TBD
J5,25,ASIC connector contact,,,,unassigned,not implemented,1,ASIC3_DATA3,Input,TBD
J5,26,ASIC connector contact,,,,unassigned,not implemented,1,ASIC3_DATA4,Input,TBD
J5,27,ASIC connector contact,,,,unassigned,not implemented,1,ASIC3_DATA5,Input,TBD
J5,28,ASIC connector contact,,,,unassigned,not implemented,1,ASIC3_DATA6,Input,TBD
J5,29,ASIC connector contact,,,,unassigned,not implemented,1,ASIC3_DATA7,Input,TBD
J5,30,ASIC connector contact,,,,unassigned,not implemented,1,ASIC3_DATA8,Input,TBD
J5,31,ASIC connector contact,,,,unassigned,not implemented,1,ASIC3_CLK32MHz_Out,Input,TBD
J5,32,ASIC connector contact,,,,unassigned,not implemented,1,ASIC3_READ,Input,TBD
J5,33,ASIC connector contact,,,,unassigned,not implemented,1,ASIC3_SYNC,Input,TBD
J5,34,ASIC connector contact,,,,unassigned,not implemented,1,ASIC4_DATA1,Input,TBD
J5,35,ASIC connector contact,,,,unassigned,not implemented,1,ASIC4_DATA2,Input,TBD
J5,36,ASIC connector contact,,,,unassigned,not implemented,1,ASIC4_DATA3,Input,TBD
J5,37,ASIC connector contact,,,,unassigned,not implemented,1,ASIC4_DATA4,Input,TBD
J5,38,ASIC connector contact,,,,unassigned,not implemented,1,ASIC4_DATA5,Input,TBD
J5,39,ASIC connector contact,,,,unassigned,not implemented,1,ASIC4_DATA6,Input,TBD
J5,40,ASIC connector contact,,,,unassigned,not implemented,1,ASIC4_DATA7,Input,TBD
J5,41,ASIC connector contact,,,,unassigned,not implemented,1,ASIC4_DATA8,Input,TBD
J5,42,ASIC connector contact,,,,unassigned,not implemented,1,ASIC4_CLK32MHz_Out,Input,TBD
J5,43,ASIC connector contact,,,,unassigned,not implemented,1,ASIC4_READ,Input,TBD
J5,44,ASIC connector contact,,,,unassigned,not implemented,1,ASIC4_SYNC,Input,TBD
J5,45,ASIC connector contact,,,,unassigned,not implemented,1,CHIP_RESET_SHARED,Output,TBD
J5,46,ASIC connector contact,,,,unassigned,not implemented,1,AC_IN_SHARED,TBD: verify circuit role,TBD
J5,47,ASIC connector contact,,,,unassigned,not implemented,1,IMP_TST_SHARED,TBD: verify circuit role,TBD
J5,48,ASIC connector contact,,,,unassigned,not implemented,1,FE_RESET_SHARED,Output,TBD
J5,49,ASIC connector contact,,,,unassigned,not implemented,1,SPI_LATCH_SHARED,Output,TBD
J5,50,ASIC connector contact,,,,unassigned,not implemented,1,STIM_CLK_SHARED,Output,TBD
J5,51,ASIC connector contact,,,,unassigned,not implemented,1,STIM_START_SHARED,Output,TBD
J5,52,ASIC connector contact,,,,unassigned,not implemented,1,STIM_EN_SHARED,Output,TBD
J5,53,ASIC connector contact,,,,unassigned,not implemented,1,STIM_CHB_SHARED,Output,TBD
J5,54,ASIC connector contact,,,,unassigned,not implemented,1,BOARD1_CLK,Output,TBD
J5,55,ASIC connector contact,,,,unassigned,not implemented,1,BOARD2_CLK,Output,TBD
J5,56,ASIC connector contact,,,,unassigned,not implemented,1,BOARD3_CLK,Output,TBD
J5,57,ASIC connector contact,,,,unassigned,not implemented,1,BOARD4_CLK,Output,TBD
J5,58,ASIC connector contact,,,,unassigned,not implemented,1,BOARD1_SPI_CLK,Output,TBD
J5,59,ASIC connector contact,,,,unassigned,not implemented,1,BOARD2_SPI_CLK,Output,TBD
J5,60,ASIC connector contact,,,,unassigned,not implemented,1,BOARD3_SPI_CLK,Output,TBD
J5,G,Ground blade,,GND,GND,assigned,unrouted,4,GND,Ground reference,GND plane
J6,1,ASIC connector contact,,,,unassigned,not implemented,1,ASIC5_DATA1,Input,TBD
J6,2,ASIC connector contact,,,,unassigned,not implemented,1,ASIC5_DATA2,Input,TBD
J6,3,ASIC connector contact,,,,unassigned,not implemented,1,ASIC5_DATA3,Input,TBD
J6,4,ASIC connector contact,,,,unassigned,not implemented,1,ASIC5_DATA4,Input,TBD
J6,5,ASIC connector contact,,,,unassigned,not implemented,1,ASIC5_DATA5,Input,TBD
J6,6,ASIC connector contact,,,,unassigned,not implemented,1,ASIC5_DATA6,Input,TBD
J6,7,ASIC connector contact,,,,unassigned,not implemented,1,ASIC5_DATA7,Input,TBD
J6,8,ASIC connector contact,,,,unassigned,not implemented,1,ASIC5_DATA8,Input,TBD
J6,9,ASIC connector contact,,,,unassigned,not implemented,1,ASIC5_CLK32MHz_Out,Input,TBD
J6,10,ASIC connector contact,,,,unassigned,not implemented,1,ASIC5_READ,Input,TBD
J6,11,ASIC connector contact,,,,unassigned,not implemented,1,ASIC5_SYNC,Input,TBD
J6,12,ASIC connector contact,,,,unassigned,not implemented,1,ASIC6_DATA1,Input,TBD
J6,13,ASIC connector contact,,,,unassigned,not implemented,1,ASIC6_DATA2,Input,TBD
J6,14,ASIC connector contact,,,,unassigned,not implemented,1,ASIC6_DATA3,Input,TBD
J6,15,ASIC connector contact,,,,unassigned,not implemented,1,ASIC6_DATA4,Input,TBD
J6,16,ASIC connector contact,,,,unassigned,not implemented,1,ASIC6_DATA5,Input,TBD
J6,17,ASIC connector contact,,,,unassigned,not implemented,1,ASIC6_DATA6,Input,TBD
J6,18,ASIC connector contact,,,,unassigned,not implemented,1,ASIC6_DATA7,Input,TBD
J6,19,ASIC connector contact,,,,unassigned,not implemented,1,ASIC6_DATA8,Input,TBD
J6,20,ASIC connector contact,,,,unassigned,not implemented,1,ASIC6_CLK32MHz_Out,Input,TBD
J6,21,ASIC connector contact,,,,unassigned,not implemented,1,ASIC6_READ,Input,TBD
J6,22,ASIC connector contact,,,,unassigned,not implemented,1,ASIC6_SYNC,Input,TBD
J6,23,ASIC connector contact,,,,unassigned,not implemented,1,ASIC7_DATA1,Input,TBD
J6,24,ASIC connector contact,,,,unassigned,not implemented,1,ASIC7_DATA2,Input,TBD
J6,25,ASIC connector contact,,,,unassigned,not implemented,1,ASIC7_DATA3,Input,TBD
J6,26,ASIC connector contact,,,,unassigned,not implemented,1,ASIC7_DATA4,Input,TBD
J6,27,ASIC connector contact,,,,unassigned,not implemented,1,ASIC7_DATA5,Input,TBD
J6,28,ASIC connector contact,,,,unassigned,not implemented,1,ASIC7_DATA6,Input,TBD
J6,29,ASIC connector contact,,,,unassigned,not implemented,1,ASIC7_DATA7,Input,TBD
J6,30,ASIC connector contact,,,,unassigned,not implemented,1,ASIC7_DATA8,Input,TBD
J6,31,ASIC connector contact,,,,unassigned,not implemented,1,ASIC7_CLK32MHz_Out,Input,TBD
J6,32,ASIC connector contact,,,,unassigned,not implemented,1,ASIC7_READ,Input,TBD
J6,33,ASIC connector contact,,,,unassigned,not implemented,1,ASIC7_SYNC,Input,TBD
J6,34,ASIC connector contact,,,,unassigned,not implemented,1,ASIC8_DATA1,Input,TBD
J6,35,ASIC connector contact,,,,unassigned,not implemented,1,ASIC8_DATA2,Input,TBD
J6,36,ASIC connector contact,,,,unassigned,not implemented,1,ASIC8_DATA3,Input,TBD
J6,37,ASIC connector contact,,,,unassigned,not implemented,1,ASIC8_DATA4,Input,TBD
J6,38,ASIC connector contact,,,,unassigned,not implemented,1,ASIC8_DATA5,Input,TBD
J6,39,ASIC connector contact,,,,unassigned,not implemented,1,ASIC8_DATA6,Input,TBD
J6,40,ASIC connector contact,,,,unassigned,not implemented,1,ASIC8_DATA7,Input,TBD
J6,41,ASIC connector contact,,,,unassigned,not implemented,1,ASIC8_DATA8,Input,TBD
J6,42,ASIC connector contact,,,,unassigned,not implemented,1,ASIC8_CLK32MHz_Out,Input,TBD
J6,43,ASIC connector contact,,,,unassigned,not implemented,1,ASIC8_READ,Input,TBD
J6,44,ASIC connector contact,,,,unassigned,not implemented,1,ASIC8_SYNC,Input,TBD
J6,45,ASIC connector contact,,,,unassigned,not implemented,1,BOARD4_SPI_CLK,Output,TBD
J6,46,ASIC connector contact,,,,unassigned,not implemented,1,STIM_CHIP1_SPI_DL,Output,TBD
J6,47,ASIC connector contact,,,,unassigned,not implemented,1,STIM_CHIP1_SPI_DR,Output,TBD
J6,48,ASIC connector contact,,,,unassigned,not implemented,1,STIM_CHIP2_SPI_DL,Output,TBD
J6,49,ASIC connector contact,,,,unassigned,not implemented,1,STIM_CHIP2_SPI_DR,Output,TBD
J6,50,ASIC connector contact,,,,unassigned,not implemented,1,STIM_CHIP3_SPI_DL,Output,TBD
J6,51,ASIC connector contact,,,,unassigned,not implemented,1,STIM_CHIP3_SPI_DR,Output,TBD
J6,52,ASIC connector contact,,,,unassigned,not implemented,1,STIM_CHIP4_SPI_DL,Output,TBD
J6,53,ASIC connector contact,,,,unassigned,not implemented,1,STIM_CHIP4_SPI_DR,Output,TBD
J6,54,ASIC connector contact,,,,unassigned,not implemented,1,NONSTIM_BOARD1_SPI_DL,Output,TBD
J6,55,ASIC connector contact,,,,unassigned,not implemented,1,NONSTIM_BOARD1_SPI_DR,Output,TBD
J6,56,ASIC connector contact,,,,unassigned,not implemented,1,NONSTIM_BOARD2_SPI_DL,Output,TBD
J6,57,ASIC connector contact,,,,unassigned,not implemented,1,NONSTIM_BOARD2_SPI_DR,Output,TBD
J6,58,ASIC connector contact,,,,unassigned,not implemented,1,RESERVED_UNCONNECTED,Reserved,TBD
J6,59,ASIC connector contact,,,,unassigned,not implemented,1,RESERVED_UNCONNECTED,Reserved,TBD
J6,60,ASIC connector contact,,,,unassigned,not implemented,1,RESERVED_UNCONNECTED,Reserved,TBD
J6,G,Ground blade,,GND,GND,assigned,unrouted,4,GND,Ground reference,GND plane
L1,1,1,,SW_CORE,SW_CORE,assigned,unrouted,1,,,
L1,2,2,,VCORE_REG_1V025,VCORE_REG_1V025,assigned,unrouted,1,,,
L2,1,1,,SW_AUX,SW_AUX,assigned,unrouted,1,,,
L2,2,2,,VCCAUX_1V8,VCCAUX_1V8,assigned,unrouted,1,,,
L3,1,1,,SW_CFG,SW_CFG,assigned,unrouted,1,,,
L3,2,2,,VCC_CFG_3V3,VCC_CFG_3V3,assigned,unrouted,1,,,
L4,1,1,,SW_ASIC,SW_ASIC,assigned,unrouted,1,,,
L4,2,2,,VCC_ASIC_1V5,VCC_ASIC_1V5,assigned,unrouted,1,,,
R1,1,,,VCORE_REG_1V025,VCORE_REG_1V025,assigned,unrouted,1,,,
R1,2,,,FB_CORE,FB_CORE,assigned,unrouted,1,,,
R2,1,,,FB_CORE,FB_CORE,assigned,unrouted,1,,,
R2,2,,,GND,GND,assigned,unrouted,1,,,
R3,1,,,VCCAUX_1V8,VCCAUX_1V8,assigned,unrouted,1,,,
R3,2,,,FB_AUX,FB_AUX,assigned,unrouted,1,,,
R4,1,,,FB_AUX,FB_AUX,assigned,unrouted,1,,,
R4,2,,,GND,GND,assigned,unrouted,1,,,
R5,1,,,VCC_CFG_3V3,VCC_CFG_3V3,assigned,unrouted,1,,,
R5,2,,,FB_CFG,FB_CFG,assigned,unrouted,1,,,
R6,1,,,FB_CFG,FB_CFG,assigned,unrouted,1,,,
R6,2,,,GND,GND,assigned,unrouted,1,,,
R7,1,,,VCC_ASIC_1V5,VCC_ASIC_1V5,assigned,unrouted,1,,,
R7,2,,,FB_ASIC,FB_ASIC,assigned,unrouted,1,,,
R8,1,,,FB_ASIC,FB_ASIC,assigned,unrouted,1,,,
R8,2,,,GND,GND,assigned,unrouted,1,,,
R9,1,,,VCORE_REG_1V025,VCORE_REG_1V025,assigned,unrouted,1,,,
R9,2,,,VCCINT_1V0,VCCINT_1V0,assigned,unrouted,1,,,
R10,1,,,LINK_12V,LINK_12V,assigned,unrouted,1,,,
R10,2,,,PG_CORE,PG_CORE,assigned,unrouted,1,,,
R11,1,,,LINK_12V,LINK_12V,assigned,unrouted,1,,,
R11,2,,,PG_AUX,PG_AUX,assigned,unrouted,1,,,
R12,1,,,VCC_CFG_3V3,VCC_CFG_3V3,assigned,unrouted,1,,,
R12,2,,,PGOOD_IO,PGOOD_IO,assigned,unrouted,1,,,
R100,1,,,VCC_CFG_3V3,VCC_CFG_3V3,assigned,unrouted,1,,,
R100,2,,,FLASH_CS_B,FLASH_CS_B,assigned,unrouted,1,,,
R101,1,,,VCC_CFG_3V3,VCC_CFG_3V3,assigned,unrouted,1,,,
R101,2,,,FLASH_DQ2,FLASH_DQ2,assigned,unrouted,1,,,
R102,1,,,VCC_CFG_3V3,VCC_CFG_3V3,assigned,unrouted,1,,,
R102,2,,,FLASH_DQ3,FLASH_DQ3,assigned,unrouted,1,,,
R103,1,,,FPGA_CCLK,FPGA_CCLK,assigned,unrouted,1,,,
R103,2,,,FLASH_SCLK,FLASH_SCLK,assigned,unrouted,1,,,
R104,1,,,FPGA_CFG_DQ0,FPGA_CFG_DQ0,assigned,unrouted,1,,,
R104,2,,,FLASH_DQ0,FLASH_DQ0,assigned,unrouted,1,,,
R105,1,,,FPGA_CFG_DQ1,FPGA_CFG_DQ1,assigned,unrouted,1,,,
R105,2,,,FLASH_DQ1,FLASH_DQ1,assigned,unrouted,1,,,
R106,1,,,FPGA_CFG_DQ2,FPGA_CFG_DQ2,assigned,unrouted,1,,,
R106,2,,,FLASH_DQ2,FLASH_DQ2,assigned,unrouted,1,,,
R107,1,,,FPGA_CFG_DQ3,FPGA_CFG_DQ3,assigned,unrouted,1,,,
R107,2,,,FLASH_DQ3,FLASH_DQ3,assigned,unrouted,1,,,
R108,1,,,VCC_CFG_3V3,VCC_CFG_3V3,assigned,unrouted,1,,,
R108,2,,,FPGA_PROGRAM_B,FPGA_PROGRAM_B,assigned,unrouted,1,,,
R109,1,,,VCC_CFG_3V3,VCC_CFG_3V3,assigned,unrouted,1,,,
R109,2,,,FPGA_INIT_B,FPGA_INIT_B,assigned,unrouted,1,,,
R110,1,,,VCC_CFG_3V3,VCC_CFG_3V3,assigned,unrouted,1,,,
R110,2,,,FPGA_DONE,FPGA_DONE,assigned,unrouted,1,,,
R111,1,,,VCC_CFG_3V3,VCC_CFG_3V3,assigned,unrouted,1,,,
R111,2,,,CFG_M0,CFG_M0,assigned,unrouted,1,,,
R112,1,,,CFG_M1,CFG_M1,assigned,unrouted,1,,,
R112,2,,,GND,GND,assigned,unrouted,1,,,
R113,1,,,CFG_M2,CFG_M2,assigned,unrouted,1,,,
R113,2,,,GND,GND,assigned,unrouted,1,,,
R114,1,,,VCC_CFG_3V3,VCC_CFG_3V3,assigned,unrouted,1,,,
R114,2,,,CFG_PUDC_B,CFG_PUDC_B,assigned,unrouted,1,,,
R115,1,,,VCC_CFG_3V3,VCC_CFG_3V3,assigned,unrouted,1,,,
R115,2,,,JTAG_TMS,JTAG_TMS,assigned,unrouted,1,,,
R116,1,,,VCC_CFG_3V3,VCC_CFG_3V3,assigned,unrouted,1,,,
R116,2,,,JTAG_TDI,JTAG_TDI,assigned,unrouted,1,,,
R117,1,,,VCC_CFG_3V3,VCC_CFG_3V3,assigned,unrouted,1,,,
R117,2,,,JTAG_TCK,JTAG_TCK,assigned,unrouted,1,,,
R118,1,,,FPGA_TDO,FPGA_TDO,assigned,unrouted,1,,,
R118,2,,,JTAG_TDO,JTAG_TDO,assigned,unrouted,1,,,
R119,1,,,OSC_32M_RAW,OSC_32M_RAW,assigned,unrouted,1,,,
R119,2,,,CLK_32MHZ,CLK_32MHZ,assigned,unrouted,1,,,
U1,A1,IO_L9N_T1_DQS_AD7N_35,35,,unconnected-(U1C-IO_L9N_T1_DQS_AD7N_35-PadA1),unassigned,not implemented,1,,,
U1,A2,GND,NA,GND,GND,assigned,unrouted,1,,,
U1,A3,IO_L8N_T1_AD14N_35,35,,unconnected-(U1C-IO_L8N_T1_AD14N_35-PadA3),unassigned,not implemented,1,,,
U1,A4,IO_L8P_T1_AD14P_35,35,,unconnected-(U1C-IO_L8P_T1_AD14P_35-PadA4),unassigned,not implemented,1,,,
U1,A5,IO_L3N_T0_DQS_AD5N_35,35,,unconnected-(U1C-IO_L3N_T0_DQS_AD5N_35-PadA5),unassigned,not implemented,1,,,
U1,A6,IO_L3P_T0_DQS_AD5P_35,35,,unconnected-(U1C-IO_L3P_T0_DQS_AD5P_35-PadA6),unassigned,not implemented,1,,,
U1,A7,VCCO_35,35,VCC_ASIC_1V5,VCC_ASIC_1V5,assigned,unrouted,1,,,
U1,A8,IO_L12N_T1_MRCC_16,16,,unconnected-(U1B-IO_L12N_T1_MRCC_16-PadA8),unassigned,not implemented,1,,,
U1,A9,IO_L14N_T2_SRCC_16,16,,unconnected-(U1B-IO_L14N_T2_SRCC_16-PadA9),unassigned,not implemented,1,,,
U1,A10,IO_L14P_T2_SRCC_16,16,,unconnected-(U1B-IO_L14P_T2_SRCC_16-PadA10),unassigned,not implemented,1,,,
U1,A11,IO_L4N_T0_15,15,,unconnected-(U1A-IO_L4N_T0_15-PadA11),unassigned,not implemented,1,,,
U1,A12,GND,NA,GND,GND,assigned,unrouted,1,,,
U1,A13,IO_L9P_T1_DQS_AD3P_15,15,,unconnected-(U1A-IO_L9P_T1_DQS_AD3P_15-PadA13),unassigned,not implemented,1,,,
U1,A14,IO_L9N_T1_DQS_AD3N_15,15,,unconnected-(U1A-IO_L9N_T1_DQS_AD3N_15-PadA14),unassigned,not implemented,1,,,
U1,A15,IO_L8P_T1_AD10P_15,15,,unconnected-(U1A-IO_L8P_T1_AD10P_15-PadA15),unassigned,not implemented,1,,,
U1,A16,IO_L8N_T1_AD10N_15,15,,unconnected-(U1A-IO_L8N_T1_AD10N_15-PadA16),unassigned,not implemented,1,,,
U1,A17,VCCO_15,15,VCC_ASIC_1V5,VCC_ASIC_1V5,assigned,unrouted,1,,,
U1,A18,IO_L10N_T1_AD11N_15,15,,unconnected-(U1A-IO_L10N_T1_AD11N_15-PadA18),unassigned,not implemented,1,,,
U1,B1,IO_L9P_T1_DQS_AD7P_35,35,,unconnected-(U1C-IO_L9P_T1_DQS_AD7P_35-PadB1),unassigned,not implemented,1,,,
U1,B2,IO_L10N_T1_AD15N_35,35,,unconnected-(U1C-IO_L10N_T1_AD15N_35-PadB2),unassigned,not implemented,1,,,
U1,B3,IO_L10P_T1_AD15P_35,35,,unconnected-(U1C-IO_L10P_T1_AD15P_35-PadB3),unassigned,not implemented,1,,,
U1,B4,IO_L7N_T1_AD6N_35,35,,unconnected-(U1C-IO_L7N_T1_AD6N_35-PadB4),unassigned,not implemented,1,,,
U1,B5,GND,NA,GND,GND,assigned,unrouted,1,,,
U1,B6,IO_L2N_T0_AD12N_35,35,,unconnected-(U1C-IO_L2N_T0_AD12N_35-PadB6),unassigned,not implemented,1,,,
U1,B7,IO_L2P_T0_AD12P_35,35,,unconnected-(U1C-IO_L2P_T0_AD12P_35-PadB7),unassigned,not implemented,1,,,
U1,B8,IO_L12P_T1_MRCC_16,16,,unconnected-(U1B-IO_L12P_T1_MRCC_16-PadB8),unassigned,not implemented,1,,,
U1,B9,IO_L11N_T1_SRCC_16,16,,unconnected-(U1B-IO_L11N_T1_SRCC_16-PadB9),unassigned,not implemented,1,,,
U1,B10,VCCO_16,16,VCC_CFG_3V3,VCC_CFG_3V3,assigned,unrouted,1,,,
U1,B11,IO_L4P_T0_15,15,,unconnected-(U1A-IO_L4P_T0_15-PadB11),unassigned,not implemented,1,,,
U1,B12,IO_L3N_T0_DQS_AD1N_15,15,,unconnected-(U1A-IO_L3N_T0_DQS_AD1N_15-PadB12),unassigned,not implemented,1,,,
U1,B13,IO_L2P_T0_AD8P_15,15,,unconnected-(U1A-IO_L2P_T0_AD8P_15-PadB13),unassigned,not implemented,1,,,
U1,B14,IO_L2N_T0_AD8N_15,15,,unconnected-(U1A-IO_L2N_T0_AD8N_15-PadB14),unassigned,not implemented,1,,,
U1,B15,GND,NA,GND,GND,assigned,unrouted,1,,,
U1,B16,IO_L7P_T1_AD2P_15,15,,unconnected-(U1A-IO_L7P_T1_AD2P_15-PadB16),unassigned,not implemented,1,,,
U1,B17,IO_L7N_T1_AD2N_15,15,,unconnected-(U1A-IO_L7N_T1_AD2N_15-PadB17),unassigned,not implemented,1,,,
U1,B18,IO_L10P_T1_AD11P_15,15,,unconnected-(U1A-IO_L10P_T1_AD11P_15-PadB18),unassigned,not implemented,1,,,
U1,C1,IO_L16N_T2_35,35,,unconnected-(U1C-IO_L16N_T2_35-PadC1),unassigned,not implemented,1,,,
U1,C2,IO_L16P_T2_35,35,,unconnected-(U1C-IO_L16P_T2_35-PadC2),unassigned,not implemented,1,,,
U1,C3,VCCO_35,35,VCC_ASIC_1V5,VCC_ASIC_1V5,assigned,unrouted,1,,,
U1,C4,IO_L7P_T1_AD6P_35,35,,unconnected-(U1C-IO_L7P_T1_AD6P_35-PadC4),unassigned,not implemented,1,,,
U1,C5,IO_L1N_T0_AD4N_35,35,,unconnected-(U1C-IO_L1N_T0_AD4N_35-PadC5),unassigned,not implemented,1,,,
U1,C6,IO_L1P_T0_AD4P_35,35,,unconnected-(U1C-IO_L1P_T0_AD4P_35-PadC6),unassigned,not implemented,1,,,
U1,C7,IO_L4N_T0_35,35,,unconnected-(U1C-IO_L4N_T0_35-PadC7),unassigned,not implemented,1,,,
U1,C8,GND,NA,GND,GND,assigned,unrouted,1,,,
U1,C9,IO_L11P_T1_SRCC_16,16,,unconnected-(U1B-IO_L11P_T1_SRCC_16-PadC9),unassigned,not implemented,1,,,
U1,C10,IO_L13N_T2_MRCC_16,16,,unconnected-(U1B-IO_L13N_T2_MRCC_16-PadC10),unassigned,not implemented,1,,,
U1,C11,IO_L13P_T2_MRCC_16,16,,unconnected-(U1B-IO_L13P_T2_MRCC_16-PadC11),unassigned,not implemented,1,,,
U1,C12,IO_L3P_T0_DQS_AD1P_15,15,,unconnected-(U1A-IO_L3P_T0_DQS_AD1P_15-PadC12),unassigned,not implemented,1,,,
U1,C13,VCCO_15,15,VCC_ASIC_1V5,VCC_ASIC_1V5,assigned,unrouted,1,,,
U1,C14,IO_L1N_T0_AD0N_15,15,,unconnected-(U1A-IO_L1N_T0_AD0N_15-PadC14),unassigned,not implemented,1,,,
U1,C15,IO_L12N_T1_MRCC_15,15,,unconnected-(U1A-IO_L12N_T1_MRCC_15-PadC15),unassigned,not implemented,1,,,
U1,C16,IO_L20P_T3_A20_15,15,,unconnected-(U1A-IO_L20P_T3_A20_15-PadC16),unassigned,not implemented,1,,,
U1,C17,IO_L20N_T3_A19_15,15,,unconnected-(U1A-IO_L20N_T3_A19_15-PadC17),unassigned,not implemented,1,,,
U1,C18,GND,NA,GND,GND,assigned,unrouted,1,,,
U1,D1,GND,NA,GND,GND,assigned,unrouted,1,,,
U1,D2,IO_L14N_T2_SRCC_35,35,,unconnected-(U1C-IO_L14N_T2_SRCC_35-PadD2),unassigned,not implemented,1,,,
U1,D3,IO_L12N_T1_MRCC_35,35,,unconnected-(U1C-IO_L12N_T1_MRCC_35-PadD3),unassigned,not implemented,1,,,
U1,D4,IO_L11N_T1_SRCC_35,35,,unconnected-(U1C-IO_L11N_T1_SRCC_35-PadD4),unassigned,not implemented,1,,,
U1,D5,IO_L11P_T1_SRCC_35,35,,unconnected-(U1C-IO_L11P_T1_SRCC_35-PadD5),unassigned,not implemented,1,,,
U1,D6,VCCO_35,35,VCC_ASIC_1V5,VCC_ASIC_1V5,assigned,unrouted,1,,,
U1,D7,IO_L6N_T0_VREF_35,35,,unconnected-(U1C-IO_L6N_T0_VREF_35-PadD7),unassigned,not implemented,1,,,
U1,D8,IO_L4P_T0_35,35,,unconnected-(U1C-IO_L4P_T0_35-PadD8),unassigned,not implemented,1,,,
U1,D9,IO_L6N_T0_VREF_16,16,,unconnected-(U1B-IO_L6N_T0_VREF_16-PadD9),unassigned,not implemented,1,,,
U1,D10,IO_L19N_T3_VREF_16,16,,unconnected-(U1B-IO_L19N_T3_VREF_16-PadD10),unassigned,not implemented,1,,,
U1,D11,GND,NA,GND,GND,assigned,unrouted,1,,,
U1,D12,IO_L6P_T0_15,15,,unconnected-(U1A-IO_L6P_T0_15-PadD12),unassigned,not implemented,1,,,
U1,D13,IO_L6N_T0_VREF_15,15,,unconnected-(U1A-IO_L6N_T0_VREF_15-PadD13),unassigned,not implemented,1,,,
U1,D14,IO_L1P_T0_AD0P_15,15,,unconnected-(U1A-IO_L1P_T0_AD0P_15-PadD14),unassigned,not implemented,1,,,
U1,D15,IO_L12P_T1_MRCC_15,15,,unconnected-(U1A-IO_L12P_T1_MRCC_15-PadD15),unassigned,not implemented,1,,,
U1,D16,VCCO_15,15,VCC_ASIC_1V5,VCC_ASIC_1V5,assigned,unrouted,1,,,
U1,D17,IO_L16N_T2_A27_15,15,,unconnected-(U1A-IO_L16N_T2_A27_15-PadD17),unassigned,not implemented,1,,,
U1,D18,IO_L21N_T3_DQS_A18_15,15,,unconnected-(U1A-IO_L21N_T3_DQS_A18_15-PadD18),unassigned,not implemented,1,,,
U1,E1,IO_L18N_T2_35,35,,unconnected-(U1C-IO_L18N_T2_35-PadE1),unassigned,not implemented,1,,,
U1,E2,IO_L14P_T2_SRCC_35,35,,unconnected-(U1C-IO_L14P_T2_SRCC_35-PadE2),unassigned,not implemented,1,,,
U1,E3,IO_L12P_T1_MRCC_35,35,,unconnected-(U1C-IO_L12P_T1_MRCC_35-PadE3),unassigned,not implemented,1,,,
U1,E4,GND,NA,GND,GND,assigned,unrouted,1,,,
U1,E5,IO_L5N_T0_AD13N_35,35,,unconnected-(U1C-IO_L5N_T0_AD13N_35-PadE5),unassigned,not implemented,1,,,
U1,E6,IO_L5P_T0_AD13P_35,35,,unconnected-(U1C-IO_L5P_T0_AD13P_35-PadE6),unassigned,not implemented,1,,,
U1,E7,IO_L6P_T0_35,35,,unconnected-(U1C-IO_L6P_T0_35-PadE7),unassigned,not implemented,1,,,
U1,E8,VCCBATT_0,0,GND,GND,assigned,unrouted,1,,,
U1,E9,CCLK_0,0,FPGA_CCLK,FPGA_CCLK,assigned,unrouted,1,,,
U1,E10,TCK_0,0,JTAG_TCK,JTAG_TCK,assigned,unrouted,1,,,
U1,E11,TDI_0,0,JTAG_TDI,JTAG_TDI,assigned,unrouted,1,,,
U1,E12,TMS_0,0,JTAG_TMS,JTAG_TMS,assigned,unrouted,1,,,
U1,E13,TDO_0,0,FPGA_TDO,FPGA_TDO,assigned,unrouted,1,,,
U1,E14,GND,NA,GND,GND,assigned,unrouted,1,,,
U1,E15,IO_L11P_T1_SRCC_15,15,,unconnected-(U1A-IO_L11P_T1_SRCC_15-PadE15),unassigned,not implemented,1,,,
U1,E16,IO_L11N_T1_SRCC_15,15,,unconnected-(U1A-IO_L11N_T1_SRCC_15-PadE16),unassigned,not implemented,1,,,
U1,E17,IO_L16P_T2_A28_15,15,,unconnected-(U1A-IO_L16P_T2_A28_15-PadE17),unassigned,not implemented,1,,,
U1,E18,IO_L21P_T3_DQS_15,15,,unconnected-(U1A-IO_L21P_T3_DQS_15-PadE18),unassigned,not implemented,1,,,
U1,F1,IO_L18P_T2_35,35,,unconnected-(U1C-IO_L18P_T2_35-PadF1),unassigned,not implemented,1,,,
U1,F2,VCCO_35,35,VCC_ASIC_1V5,VCC_ASIC_1V5,assigned,unrouted,1,,,
U1,F3,IO_L13N_T2_MRCC_35,35,,unconnected-(U1C-IO_L13N_T2_MRCC_35-PadF3),unassigned,not implemented,1,,,
U1,F4,IO_L13P_T2_MRCC_35,35,,unconnected-(U1C-IO_L13P_T2_MRCC_35-PadF4),unassigned,not implemented,1,,,
U1,F5,IO_0_35,35,,unconnected-(U1C-IO_0_35-PadF5),unassigned,not implemented,1,,,
U1,F6,IO_L19N_T3_VREF_35,35,,unconnected-(U1C-IO_L19N_T3_VREF_35-PadF6),unassigned,not implemented,1,,,
U1,F7,GND,NA,GND,GND,assigned,unrouted,1,,,
U1,F8,VCCINT,NA,VCCINT_1V0,VCCINT_1V0,assigned,unrouted,1,,,
U1,F9,GND,NA,GND,GND,assigned,unrouted,1,,,
U1,F10,VCCBRAM,NA,VCCINT_1V0,VCCINT_1V0,assigned,unrouted,1,,,
U1,F11,GND,NA,GND,GND,assigned,unrouted,1,,,
U1,F12,VCCAUX,NA,VCCAUX_1V8,VCCAUX_1V8,assigned,unrouted,1,,,
U1,F13,IO_L5P_T0_AD9P_15,15,,unconnected-(U1A-IO_L5P_T0_AD9P_15-PadF13),unassigned,not implemented,1,,,
U1,F14,IO_L5N_T0_AD9N_15,15,,unconnected-(U1A-IO_L5N_T0_AD9N_15-PadF14),unassigned,not implemented,1,,,
U1,F15,IO_L14P_T2_SRCC_15,15,,unconnected-(U1A-IO_L14P_T2_SRCC_15-PadF15),unassigned,not implemented,1,,,
U1,F16,IO_L14N_T2_SRCC_15,15,,unconnected-(U1A-IO_L14N_T2_SRCC_15-PadF16),unassigned,not implemented,1,,,
U1,F17,GND,NA,GND,GND,assigned,unrouted,1,,,
U1,F18,IO_L22N_T3_A16_15,15,,unconnected-(U1A-IO_L22N_T3_A16_15-PadF18),unassigned,not implemented,1,,,
U1,G1,IO_L17N_T2_35,35,,unconnected-(U1C-IO_L17N_T2_35-PadG1),unassigned,not implemented,1,,,
U1,G2,IO_L15N_T2_DQS_35,35,,unconnected-(U1C-IO_L15N_T2_DQS_35-PadG2),unassigned,not implemented,1,,,
U1,G3,IO_L20N_T3_35,35,,unconnected-(U1C-IO_L20N_T3_35-PadG3),unassigned,not implemented,1,,,
U1,G4,IO_L20P_T3_35,35,,unconnected-(U1C-IO_L20P_T3_35-PadG4),unassigned,not implemented,1,,,
U1,G5,VCCO_35,35,VCC_ASIC_1V5,VCC_ASIC_1V5,assigned,unrouted,1,,,
U1,G6,IO_L19P_T3_35,35,,unconnected-(U1C-IO_L19P_T3_35-PadG6),unassigned,not implemented,1,,,
U1,G7,VCCINT,NA,VCCINT_1V0,VCCINT_1V0,assigned,unrouted,1,,,
U1,G8,GND,NA,GND,GND,assigned,unrouted,1,,,
U1,G9,VCCINT,NA,VCCINT_1V0,VCCINT_1V0,assigned,unrouted,1,,,
U1,G10,GND,NA,GND,GND,assigned,unrouted,1,,,
U1,G11,VCCBRAM,NA,VCCINT_1V0,VCCINT_1V0,assigned,unrouted,1,,,
U1,G12,GND,NA,GND,GND,assigned,unrouted,1,,,
U1,G13,IO_0_15,15,,unconnected-(U1A-IO_0_15-PadG13),unassigned,not implemented,1,,,
U1,G14,IO_L15N_T2_DQS_ADV_B_15,15,,unconnected-(U1A-IO_L15N_T2_DQS_ADV_B_15-PadG14),unassigned,not implemented,1,,,
U1,G15,VCCO_15,15,VCC_ASIC_1V5,VCC_ASIC_1V5,assigned,unrouted,1,,,
U1,G16,IO_L13N_T2_MRCC_15,15,,unconnected-(U1A-IO_L13N_T2_MRCC_15-PadG16),unassigned,not implemented,1,,,
U1,G17,IO_L18N_T2_A23_15,15,,unconnected-(U1A-IO_L18N_T2_A23_15-PadG17),unassigned,not implemented,1,,,
U1,G18,IO_L22P_T3_A17_15,15,,unconnected-(U1A-IO_L22P_T3_A17_15-PadG18),unassigned,not implemented,1,,,
U1,H1,IO_L17P_T2_35,35,,unconnected-(U1C-IO_L17P_T2_35-PadH1),unassigned,not implemented,1,,,
U1,H2,IO_L15P_T2_DQS_35,35,,unconnected-(U1C-IO_L15P_T2_DQS_35-PadH2),unassigned,not implemented,1,,,
U1,H3,GND,NA,GND,GND,assigned,unrouted,1,,,
U1,H4,IO_L21N_T3_DQS_35,35,,unconnected-(U1C-IO_L21N_T3_DQS_35-PadH4),unassigned,not implemented,1,,,
U1,H5,IO_L24N_T3_35,35,,unconnected-(U1C-IO_L24N_T3_35-PadH5),unassigned,not implemented,1,,,
U1,H6,IO_L24P_T3_35,35,,unconnected-(U1C-IO_L24P_T3_35-PadH6),unassigned,not implemented,1,,,
U1,H7,GND,NA,GND,GND,assigned,unrouted,1,,,
U1,H8,VCCINT,NA,VCCINT_1V0,VCCINT_1V0,assigned,unrouted,1,,,
U1,H9,GNDADC_0,0,GND,GND,assigned,unrouted,1,,,
U1,H10,VCCADC_0,0,VCCAUX_1V8,VCCAUX_1V8,assigned,unrouted,1,,,
U1,H11,GND,NA,GND,GND,assigned,unrouted,1,,,
U1,H12,VCCAUX,NA,VCCAUX_1V8,VCCAUX_1V8,assigned,unrouted,1,,,
U1,H13,GND,NA,GND,GND,assigned,unrouted,1,,,
U1,H14,IO_L15P_T2_DQS_15,15,,unconnected-(U1A-IO_L15P_T2_DQS_15-PadH14),unassigned,not implemented,1,,,
U1,H15,IO_L19N_T3_A21_VREF_15,15,,unconnected-(U1A-IO_L19N_T3_A21_VREF_15-PadH15),unassigned,not implemented,1,,,
U1,H16,IO_L13P_T2_MRCC_15,15,,unconnected-(U1A-IO_L13P_T2_MRCC_15-PadH16),unassigned,not implemented,1,,,
U1,H17,IO_L18P_T2_A24_15,15,,unconnected-(U1A-IO_L18P_T2_A24_15-PadH17),unassigned,not implemented,1,,,
U1,H18,VCCO_15,15,VCC_ASIC_1V5,VCC_ASIC_1V5,assigned,unrouted,1,,,
U1,J1,VCCO_35,35,VCC_ASIC_1V5,VCC_ASIC_1V5,assigned,unrouted,1,,,
U1,J2,IO_L22N_T3_35,35,,unconnected-(U1C-IO_L22N_T3_35-PadJ2),unassigned,not implemented,1,,,
U1,J3,IO_L22P_T3_35,35,,unconnected-(U1C-IO_L22P_T3_35-PadJ3),unassigned,not implemented,1,,,
U1,J4,IO_L21P_T3_DQS_35,35,,unconnected-(U1C-IO_L21P_T3_DQS_35-PadJ4),unassigned,not implemented,1,,,
U1,J5,IO_25_35,35,,unconnected-(U1C-IO_25_35-PadJ5),unassigned,not implemented,1,,,
U1,J6,GND,NA,GND,GND,assigned,unrouted,1,,,
U1,J7,VCCINT,NA,VCCINT_1V0,VCCINT_1V0,assigned,unrouted,1,,,
U1,J8,GND,NA,GND,GND,assigned,unrouted,1,,,
U1,J9,VREFN_0,0,GND,GND,assigned,unrouted,1,,,
U1,J10,VP_0,0,GND,GND,assigned,unrouted,1,,,
U1,J11,VCCINT,NA,VCCINT_1V0,VCCINT_1V0,assigned,unrouted,1,,,
U1,J12,GND,NA,GND,GND,assigned,unrouted,1,,,
U1,J13,IO_L17N_T2_A25_15,15,,unconnected-(U1A-IO_L17N_T2_A25_15-PadJ13),unassigned,not implemented,1,,,
U1,J14,IO_L19P_T3_A22_15,15,,unconnected-(U1A-IO_L19P_T3_A22_15-PadJ14),unassigned,not implemented,1,,,
U1,J15,IO_L24N_T3_RS0_15,15,,unconnected-(U1A-IO_L24N_T3_RS0_15-PadJ15),unassigned,not implemented,1,,,
U1,J16,GND,NA,GND,GND,assigned,unrouted,1,,,
U1,J17,IO_L23P_T3_FOE_B_15,15,,unconnected-(U1A-IO_L23P_T3_FOE_B_15-PadJ17),unassigned,not implemented,1,,,
U1,J18,IO_L23N_T3_FWE_B_15,15,,unconnected-(U1A-IO_L23N_T3_FWE_B_15-PadJ18),unassigned,not implemented,1,,,
U1,K1,IO_L23N_T3_35,35,,unconnected-(U1C-IO_L23N_T3_35-PadK1),unassigned,not implemented,1,,,
U1,K2,IO_L23P_T3_35,35,,unconnected-(U1C-IO_L23P_T3_35-PadK2),unassigned,not implemented,1,,,
U1,K3,IO_L2P_T0_34,34,,unconnected-(U1B-IO_L2P_T0_34-PadK3),unassigned,not implemented,1,,,
U1,K4,VCCO_34,34,VCC_ASIC_1V5,VCC_ASIC_1V5,assigned,unrouted,1,,,
U1,K5,IO_L5P_T0_34,34,,unconnected-(U1B-IO_L5P_T0_34-PadK5),unassigned,not implemented,1,,,
U1,K6,IO_0_34,34,,unconnected-(U1B-IO_0_34-PadK6),unassigned,not implemented,1,,,
U1,K7,GND,NA,GND,GND,assigned,unrouted,1,,,
U1,K8,VCCINT,NA,VCCINT_1V0,VCCINT_1V0,assigned,unrouted,1,,,
U1,K9,VN_0,0,GND,GND,assigned,unrouted,1,,,
U1,K10,VREFP_0,0,GND,GND,assigned,unrouted,1,,,
U1,K11,GND,NA,GND,GND,assigned,unrouted,1,,,
U1,K12,VCCAUX,NA,VCCAUX_1V8,VCCAUX_1V8,assigned,unrouted,1,,,
U1,K13,IO_L17P_T2_A26_15,15,,unconnected-(U1A-IO_L17P_T2_A26_15-PadK13),unassigned,not implemented,1,,,
U1,K14,VCCO_15,15,VCC_ASIC_1V5,VCC_ASIC_1V5,assigned,unrouted,1,,,
U1,K15,IO_L24P_T3_RS1_15,15,,unconnected-(U1A-IO_L24P_T3_RS1_15-PadK15),unassigned,not implemented,1,,,
U1,K16,IO_25_15,15,,unconnected-(U1A-IO_25_15-PadK16),unassigned,not implemented,1,,,
U1,K17,IO_L1P_T0_D00_MOSI_14,14,FPGA_CFG_DQ0,FPGA_CFG_DQ0,assigned,unrouted,1,,,
U1,K18,IO_L1N_T0_D01_DIN_14,14,FPGA_CFG_DQ1,FPGA_CFG_DQ1,assigned,unrouted,1,,,
U1,L1,IO_L1P_T0_34,34,,unconnected-(U1B-IO_L1P_T0_34-PadL1),unassigned,not implemented,1,,,
U1,L2,GND,NA,GND,GND,assigned,unrouted,1,,,
U1,L3,IO_L2N_T0_34,34,,unconnected-(U1B-IO_L2N_T0_34-PadL3),unassigned,not implemented,1,,,
U1,L4,IO_L5N_T0_34,34,,unconnected-(U1B-IO_L5N_T0_34-PadL4),unassigned,not implemented,1,,,
U1,L5,IO_L6N_T0_VREF_34,34,,unconnected-(U1B-IO_L6N_T0_VREF_34-PadL5),unassigned,not implemented,1,,,
U1,L6,IO_L6P_T0_34,34,,unconnected-(U1B-IO_L6P_T0_34-PadL6),unassigned,not implemented,1,,,
U1,L7,VCCINT,NA,VCCINT_1V0,VCCINT_1V0,assigned,unrouted,1,,,
U1,L8,GND,NA,GND,GND,assigned,unrouted,1,,,
U1,L9,DXN_0,0,,unconnected-(U1D-DXN_0-PadL9),intentional NC,not applicable,1,,,
U1,L10,DXP_0,0,,unconnected-(U1D-DXP_0-PadL10),intentional NC,not applicable,1,,,
U1,L11,VCCINT,NA,VCCINT_1V0,VCCINT_1V0,assigned,unrouted,1,,,
U1,L12,GND,NA,GND,GND,assigned,unrouted,1,,,
U1,L13,IO_L6P_T0_FCS_B_14,14,FLASH_CS_B,FLASH_CS_B,assigned,unrouted,1,,,
U1,L14,IO_L2P_T0_D02_14,14,FPGA_CFG_DQ2,FPGA_CFG_DQ2,assigned,unrouted,1,,,
U1,L15,IO_L3P_T0_DQS_PUDC_B_14,14,CFG_PUDC_B,CFG_PUDC_B,assigned,unrouted,1,,,
U1,L16,IO_L3N_T0_DQS_EMCCLK_14,14,,unconnected-(U1A-IO_L3N_T0_DQS_EMCCLK_14-PadL16),unassigned,not implemented,1,,,
U1,L17,VCCO_14,14,VCC_CFG_3V3,VCC_CFG_3V3,assigned,unrouted,1,,,
U1,L18,IO_L4P_T0_D04_14,14,,unconnected-(U1A-IO_L4P_T0_D04_14-PadL18),unassigned,not implemented,1,,,
U1,M1,IO_L1N_T0_34,34,,unconnected-(U1B-IO_L1N_T0_34-PadM1),unassigned,not implemented,1,,,
U1,M2,IO_L4N_T0_34,34,,unconnected-(U1B-IO_L4N_T0_34-PadM2),unassigned,not implemented,1,,,
U1,M3,IO_L4P_T0_34,34,,unconnected-(U1B-IO_L4P_T0_34-PadM3),unassigned,not implemented,1,,,
U1,M4,IO_L16P_T2_34,34,,unconnected-(U1B-IO_L16P_T2_34-PadM4),unassigned,not implemented,1,,,
U1,M5,GND,NA,GND,GND,assigned,unrouted,1,,,
U1,M6,IO_L18P_T2_34,34,,unconnected-(U1B-IO_L18P_T2_34-PadM6),unassigned,not implemented,1,,,
U1,M7,GND,NA,GND,GND,assigned,unrouted,1,,,
U1,M8,VCCINT,NA,VCCINT_1V0,VCCINT_1V0,assigned,unrouted,1,,,
U1,M9,GND,NA,GND,GND,assigned,unrouted,1,,,
U1,M10,VCCINT,NA,VCCINT_1V0,VCCINT_1V0,assigned,unrouted,1,,,
U1,M11,GND,NA,GND,GND,assigned,unrouted,1,,,
U1,M12,VCCAUX,NA,VCCAUX_1V8,VCCAUX_1V8,assigned,unrouted,1,,,
U1,M13,IO_L6N_T0_D08_VREF_14,14,,unconnected-(U1A-IO_L6N_T0_D08_VREF_14-PadM13),unassigned,not implemented,1,,,
U1,M14,IO_L2N_T0_D03_14,14,FPGA_CFG_DQ3,FPGA_CFG_DQ3,assigned,unrouted,1,,,
U1,M15,GND,NA,GND,GND,assigned,unrouted,1,,,
U1,M16,IO_L10P_T1_D14_14,14,,unconnected-(U1A-IO_L10P_T1_D14_14-PadM16),unassigned,not implemented,1,,,
U1,M17,IO_L10N_T1_D15_14,14,,unconnected-(U1A-IO_L10N_T1_D15_14-PadM17),unassigned,not implemented,1,,,
U1,M18,IO_L4N_T0_D05_14,14,,unconnected-(U1A-IO_L4N_T0_D05_14-PadM18),unassigned,not implemented,1,,,
U1,N1,IO_L3N_T0_DQS_34,34,,unconnected-(U1B-IO_L3N_T0_DQS_34-PadN1),unassigned,not implemented,1,,,
U1,N2,IO_L3P_T0_DQS_34,34,,unconnected-(U1B-IO_L3P_T0_DQS_34-PadN2),unassigned,not implemented,1,,,
U1,N3,VCCO_34,34,VCC_ASIC_1V5,VCC_ASIC_1V5,assigned,unrouted,1,,,
U1,N4,IO_L16N_T2_34,34,,unconnected-(U1B-IO_L16N_T2_34-PadN4),unassigned,not implemented,1,,,
U1,N5,IO_L13P_T2_MRCC_34,34,,unconnected-(U1B-IO_L13P_T2_MRCC_34-PadN5),unassigned,not implemented,1,,,
U1,N6,IO_L18N_T2_34,34,,unconnected-(U1B-IO_L18N_T2_34-PadN6),unassigned,not implemented,1,,,
U1,N7,VCCINT,NA,VCCINT_1V0,VCCINT_1V0,assigned,unrouted,1,,,
U1,N8,GND,NA,GND,GND,assigned,unrouted,1,,,
U1,N9,VCCINT,NA,VCCINT_1V0,VCCINT_1V0,assigned,unrouted,1,,,
U1,N10,GND,NA,GND,GND,assigned,unrouted,1,,,
U1,N11,VCCINT,NA,VCCINT_1V0,VCCINT_1V0,assigned,unrouted,1,,,
U1,N12,GND,NA,GND,GND,assigned,unrouted,1,,,
U1,N13,VCCO_14,14,VCC_CFG_3V3,VCC_CFG_3V3,assigned,unrouted,1,,,
U1,N14,IO_L8P_T1_D11_14,14,,unconnected-(U1A-IO_L8P_T1_D11_14-PadN14),unassigned,not implemented,1,,,
U1,N15,IO_L11P_T1_SRCC_14,14,,unconnected-(U1A-IO_L11P_T1_SRCC_14-PadN15),unassigned,not implemented,1,,,
U1,N16,IO_L11N_T1_SRCC_14,14,,unconnected-(U1A-IO_L11N_T1_SRCC_14-PadN16),unassigned,not implemented,1,,,
U1,N17,IO_L9P_T1_DQS_14,14,,unconnected-(U1A-IO_L9P_T1_DQS_14-PadN17),unassigned,not implemented,1,,,
U1,N18,GND,NA,GND,GND,assigned,unrouted,1,,,
U1,P1,GND,NA,GND,GND,assigned,unrouted,1,,,
U1,P2,IO_L15P_T2_DQS_34,34,,unconnected-(U1B-IO_L15P_T2_DQS_34-PadP2),unassigned,not implemented,1,,,
U1,P3,IO_L14N_T2_SRCC_34,34,,unconnected-(U1B-IO_L14N_T2_SRCC_34-PadP3),unassigned,not implemented,1,,,
U1,P4,IO_L14P_T2_SRCC_34,34,,unconnected-(U1B-IO_L14P_T2_SRCC_34-PadP4),unassigned,not implemented,1,,,
U1,P5,IO_L13N_T2_MRCC_34,34,,unconnected-(U1B-IO_L13N_T2_MRCC_34-PadP5),unassigned,not implemented,1,,,
U1,P6,VCCO_34,34,VCC_ASIC_1V5,VCC_ASIC_1V5,assigned,unrouted,1,,,
U1,P7,INIT_B_0,0,FPGA_INIT_B,FPGA_INIT_B,assigned,unrouted,1,,,
U1,P8,CFGBVS_0,0,VCC_CFG_3V3,VCC_CFG_3V3,assigned,unrouted,1,,,
U1,P9,PROGRAM_B_0,0,FPGA_PROGRAM_B,FPGA_PROGRAM_B,assigned,unrouted,1,,,
U1,P10,DONE_0,0,FPGA_DONE,FPGA_DONE,assigned,unrouted,1,,,
U1,P11,M2_0,0,CFG_M2,CFG_M2,assigned,unrouted,1,,,
U1,P12,M0_0,0,CFG_M0,CFG_M0,assigned,unrouted,1,,,
U1,P13,M1_0,0,CFG_M1,CFG_M1,assigned,unrouted,1,,,
U1,P14,IO_L8N_T1_D12_14,14,,unconnected-(U1A-IO_L8N_T1_D12_14-PadP14),unassigned,not implemented,1,,,
U1,P15,IO_L13P_T2_MRCC_14,14,,unconnected-(U1A-IO_L13P_T2_MRCC_14-PadP15),unassigned,not implemented,1,,,
U1,P16,VCCO_14,14,VCC_CFG_3V3,VCC_CFG_3V3,assigned,unrouted,1,,,
U1,P17,IO_L12P_T1_MRCC_14,14,CLK_32MHZ,CLK_32MHZ,assigned,unrouted,1,,,
U1,P18,IO_L9N_T1_DQS_D13_14,14,,unconnected-(U1A-IO_L9N_T1_DQS_D13_14-PadP18),unassigned,not implemented,1,,,
U1,R1,IO_L17P_T2_34,34,,unconnected-(U1B-IO_L17P_T2_34-PadR1),unassigned,not implemented,1,,,
U1,R2,IO_L15N_T2_DQS_34,34,,unconnected-(U1B-IO_L15N_T2_DQS_34-PadR2),unassigned,not implemented,1,,,
U1,R3,IO_L11P_T1_SRCC_34,34,,unconnected-(U1B-IO_L11P_T1_SRCC_34-PadR3),unassigned,not implemented,1,,,
U1,R4,GND,NA,GND,GND,assigned,unrouted,1,,,
U1,R5,IO_L19N_T3_VREF_34,34,,unconnected-(U1B-IO_L19N_T3_VREF_34-PadR5),unassigned,not implemented,1,,,
U1,R6,IO_L19P_T3_34,34,,unconnected-(U1B-IO_L19P_T3_34-PadR6),unassigned,not implemented,1,,,
U1,R7,IO_L23P_T3_34,34,,unconnected-(U1B-IO_L23P_T3_34-PadR7),unassigned,not implemented,1,,,
U1,R8,IO_L24P_T3_34,34,,unconnected-(U1B-IO_L24P_T3_34-PadR8),unassigned,not implemented,1,,,
U1,R9,VCCO_0,0,VCC_CFG_3V3,VCC_CFG_3V3,assigned,unrouted,1,,,
U1,R10,IO_25_14,14,,unconnected-(U1A-IO_25_14-PadR10),unassigned,not implemented,1,,,
U1,R11,IO_0_14,14,,unconnected-(U1A-IO_0_14-PadR11),unassigned,not implemented,1,,,
U1,R12,IO_L5P_T0_D06_14,14,,unconnected-(U1A-IO_L5P_T0_D06_14-PadR12),unassigned,not implemented,1,,,
U1,R13,IO_L5N_T0_D07_14,14,,unconnected-(U1A-IO_L5N_T0_D07_14-PadR13),unassigned,not implemented,1,,,
U1,R14,GND,NA,GND,GND,assigned,unrouted,1,,,
U1,R15,IO_L13N_T2_MRCC_14,14,,unconnected-(U1A-IO_L13N_T2_MRCC_14-PadR15),unassigned,not implemented,1,,,
U1,R16,IO_L15P_T2_DQS_RDWR_B_14,14,,unconnected-(U1A-IO_L15P_T2_DQS_RDWR_B_14-PadR16),unassigned,not implemented,1,,,
U1,R17,IO_L12N_T1_MRCC_14,14,,unconnected-(U1A-IO_L12N_T1_MRCC_14-PadR17),unassigned,not implemented,1,,,
U1,R18,IO_L7P_T1_D09_14,14,,unconnected-(U1A-IO_L7P_T1_D09_14-PadR18),unassigned,not implemented,1,,,
U1,T1,IO_L17N_T2_34,34,,unconnected-(U1B-IO_L17N_T2_34-PadT1),unassigned,not implemented,1,,,
U1,T2,VCCO_34,34,VCC_ASIC_1V5,VCC_ASIC_1V5,assigned,unrouted,1,,,
U1,T3,IO_L11N_T1_SRCC_34,34,,unconnected-(U1B-IO_L11N_T1_SRCC_34-PadT3),unassigned,not implemented,1,,,
U1,T4,IO_L12N_T1_MRCC_34,34,,unconnected-(U1B-IO_L12N_T1_MRCC_34-PadT4),unassigned,not implemented,1,,,
U1,T5,IO_L12P_T1_MRCC_34,34,,unconnected-(U1B-IO_L12P_T1_MRCC_34-PadT5),unassigned,not implemented,1,,,
U1,T6,IO_L23N_T3_34,34,,unconnected-(U1B-IO_L23N_T3_34-PadT6),unassigned,not implemented,1,,,
U1,T7,GND,NA,GND,GND,assigned,unrouted,1,,,
U1,T8,IO_L24N_T3_34,34,,unconnected-(U1B-IO_L24N_T3_34-PadT8),unassigned,not implemented,1,,,
U1,T9,IO_L24P_T3_A01_D17_14,14,,unconnected-(U1A-IO_L24P_T3_A01_D17_14-PadT9),unassigned,not implemented,1,,,
U1,T10,IO_L24N_T3_A00_D16_14,14,,unconnected-(U1A-IO_L24N_T3_A00_D16_14-PadT10),unassigned,not implemented,1,,,
U1,T11,IO_L19P_T3_A10_D26_14,14,,unconnected-(U1A-IO_L19P_T3_A10_D26_14-PadT11),unassigned,not implemented,1,,,
U1,T12,VCCO_14,14,VCC_CFG_3V3,VCC_CFG_3V3,assigned,unrouted,1,,,
U1,T13,IO_L23P_T3_A03_D19_14,14,,unconnected-(U1A-IO_L23P_T3_A03_D19_14-PadT13),unassigned,not implemented,1,,,
U1,T14,IO_L14P_T2_SRCC_14,14,,unconnected-(U1A-IO_L14P_T2_SRCC_14-PadT14),unassigned,not implemented,1,,,
U1,T15,IO_L14N_T2_SRCC_14,14,,unconnected-(U1A-IO_L14N_T2_SRCC_14-PadT15),unassigned,not implemented,1,,,
U1,T16,IO_L15N_T2_DQS_DOUT_CSO_B_14,14,,unconnected-(U1A-IO_L15N_T2_DQS_DOUT_CSO_B_14-PadT16),unassigned,not implemented,1,,,
U1,T17,GND,NA,GND,GND,assigned,unrouted,1,,,
U1,T18,IO_L7N_T1_D10_14,14,,unconnected-(U1A-IO_L7N_T1_D10_14-PadT18),unassigned,not implemented,1,,,
U1,U1,IO_L7P_T1_34,34,,unconnected-(U1B-IO_L7P_T1_34-PadU1),unassigned,not implemented,1,,,
U1,U2,IO_L9P_T1_DQS_34,34,,unconnected-(U1B-IO_L9P_T1_DQS_34-PadU2),unassigned,not implemented,1,,,
U1,U3,IO_L8N_T1_34,34,,unconnected-(U1B-IO_L8N_T1_34-PadU3),unassigned,not implemented,1,,,
U1,U4,IO_L8P_T1_34,34,,unconnected-(U1B-IO_L8P_T1_34-PadU4),unassigned,not implemented,1,,,
U1,U5,VCCO_34,34,VCC_ASIC_1V5,VCC_ASIC_1V5,assigned,unrouted,1,,,
U1,U6,IO_L22N_T3_34,34,,unconnected-(U1B-IO_L22N_T3_34-PadU6),unassigned,not implemented,1,,,
U1,U7,IO_L22P_T3_34,34,,unconnected-(U1B-IO_L22P_T3_34-PadU7),unassigned,not implemented,1,,,
U1,U8,IO_25_34,34,,unconnected-(U1B-IO_25_34-PadU8),unassigned,not implemented,1,,,
U1,U9,IO_L21P_T3_DQS_34,34,,unconnected-(U1B-IO_L21P_T3_DQS_34-PadU9),unassigned,not implemented,1,,,
U1,U10,GND,NA,GND,GND,assigned,unrouted,1,,,
U1,U11,IO_L19N_T3_A09_D25_VREF_14,14,,unconnected-(U1A-IO_L19N_T3_A09_D25_VREF_14-PadU11),unassigned,not implemented,1,,,
U1,U12,IO_L20P_T3_A08_D24_14,14,,unconnected-(U1A-IO_L20P_T3_A08_D24_14-PadU12),unassigned,not implemented,1,,,
U1,U13,IO_L23N_T3_A02_D18_14,14,,unconnected-(U1A-IO_L23N_T3_A02_D18_14-PadU13),unassigned,not implemented,1,,,
U1,U14,IO_L22P_T3_A05_D21_14,14,,unconnected-(U1A-IO_L22P_T3_A05_D21_14-PadU14),unassigned,not implemented,1,,,
U1,U15,VCCO_14,14,VCC_CFG_3V3,VCC_CFG_3V3,assigned,unrouted,1,,,
U1,U16,IO_L18P_T2_A12_D28_14,14,,unconnected-(U1A-IO_L18P_T2_A12_D28_14-PadU16),unassigned,not implemented,1,,,
U1,U17,IO_L17P_T2_A14_D30_14,14,,unconnected-(U1A-IO_L17P_T2_A14_D30_14-PadU17),unassigned,not implemented,1,,,
U1,U18,IO_L17N_T2_A13_D29_14,14,,unconnected-(U1A-IO_L17N_T2_A13_D29_14-PadU18),unassigned,not implemented,1,,,
U1,V1,IO_L7N_T1_34,34,,unconnected-(U1B-IO_L7N_T1_34-PadV1),unassigned,not implemented,1,,,
U1,V2,IO_L9N_T1_DQS_34,34,,unconnected-(U1B-IO_L9N_T1_DQS_34-PadV2),unassigned,not implemented,1,,,
U1,V3,GND,NA,GND,GND,assigned,unrouted,1,,,
U1,V4,IO_L10N_T1_34,34,,unconnected-(U1B-IO_L10N_T1_34-PadV4),unassigned,not implemented,1,,,
U1,V5,IO_L10P_T1_34,34,,unconnected-(U1B-IO_L10P_T1_34-PadV5),unassigned,not implemented,1,,,
U1,V6,IO_L20N_T3_34,34,,unconnected-(U1B-IO_L20N_T3_34-PadV6),unassigned,not implemented,1,,,
U1,V7,IO_L20P_T3_34,34,,unconnected-(U1B-IO_L20P_T3_34-PadV7),unassigned,not implemented,1,,,
U1,V8,VCCO_34,34,VCC_ASIC_1V5,VCC_ASIC_1V5,assigned,unrouted,1,,,
U1,V9,IO_L21N_T3_DQS_34,34,,unconnected-(U1B-IO_L21N_T3_DQS_34-PadV9),unassigned,not implemented,1,,,
U1,V10,IO_L21P_T3_DQS_14,14,,unconnected-(U1A-IO_L21P_T3_DQS_14-PadV10),unassigned,not implemented,1,,,
U1,V11,IO_L21N_T3_DQS_A06_D22_14,14,,unconnected-(U1A-IO_L21N_T3_DQS_A06_D22_14-PadV11),unassigned,not implemented,1,,,
U1,V12,IO_L20N_T3_A07_D23_14,14,,unconnected-(U1A-IO_L20N_T3_A07_D23_14-PadV12),unassigned,not implemented,1,,,
U1,V13,GND,NA,GND,GND,assigned,unrouted,1,,,
U1,V14,IO_L22N_T3_A04_D20_14,14,,unconnected-(U1A-IO_L22N_T3_A04_D20_14-PadV14),unassigned,not implemented,1,,,
U1,V15,IO_L16P_T2_CSI_B_14,14,,unconnected-(U1A-IO_L16P_T2_CSI_B_14-PadV15),unassigned,not implemented,1,,,
U1,V16,IO_L16N_T2_A15_D31_14,14,,unconnected-(U1A-IO_L16N_T2_A15_D31_14-PadV16),unassigned,not implemented,1,,,
U1,V17,IO_L18N_T2_A11_D27_14,14,,unconnected-(U1A-IO_L18N_T2_A11_D27_14-PadV17),unassigned,not implemented,1,,,
U1,V18,VCCO_14,14,VCC_CFG_3V3,VCC_CFG_3V3,assigned,unrouted,1,,,
U2,1,VIN,,LINK_12V,LINK_12V,assigned,unrouted,1,,,
U2,2,SW,,SW_CORE,SW_CORE,assigned,unrouted,1,,,
U2,3,GND,,GND,GND,assigned,unrouted,1,,,
U2,4,FB2,,,unconnected-(U2-FB2-Pad4),intentional NC,not applicable,1,,,
U2,5,FB,,FB_CORE,FB_CORE,assigned,unrouted,1,,,
U2,6,VOS,,VCORE_REG_1V025,VCORE_REG_1V025,assigned,unrouted,1,,,
U2,7,PG,,PG_CORE,PG_CORE,assigned,unrouted,1,,,
U2,8,EN,,LINK_12V,LINK_12V,assigned,unrouted,1,,,
U2,9,SS/TR,,SS_CORE,SS_CORE,assigned,unrouted,1,,,
U2,10,MODE,,LINK_12V,LINK_12V,assigned,unrouted,1,,,
U2,11,VSEL,,GND,GND,assigned,unrouted,1,,,
U3,1,VIN,,LINK_12V,LINK_12V,assigned,unrouted,1,,,
U3,2,SW,,SW_AUX,SW_AUX,assigned,unrouted,1,,,
U3,3,GND,,GND,GND,assigned,unrouted,1,,,
U3,4,FB2,,,unconnected-(U3-FB2-Pad4),intentional NC,not applicable,1,,,
U3,5,FB,,FB_AUX,FB_AUX,assigned,unrouted,1,,,
U3,6,VOS,,VCCAUX_1V8,VCCAUX_1V8,assigned,unrouted,1,,,
U3,7,PG,,PG_AUX,PG_AUX,assigned,unrouted,1,,,
U3,8,EN,,PG_CORE,PG_CORE,assigned,unrouted,1,,,
U3,9,SS/TR,,SS_AUX,SS_AUX,assigned,unrouted,1,,,
U3,10,MODE,,LINK_12V,LINK_12V,assigned,unrouted,1,,,
U3,11,VSEL,,GND,GND,assigned,unrouted,1,,,
U4,1,VIN,,LINK_12V,LINK_12V,assigned,unrouted,1,,,
U4,2,SW,,SW_CFG,SW_CFG,assigned,unrouted,1,,,
U4,3,GND,,GND,GND,assigned,unrouted,1,,,
U4,4,FB2,,,unconnected-(U4-FB2-Pad4),intentional NC,not applicable,1,,,
U4,5,FB,,FB_CFG,FB_CFG,assigned,unrouted,1,,,
U4,6,VOS,,VCC_CFG_3V3,VCC_CFG_3V3,assigned,unrouted,1,,,
U4,7,PG,,PGOOD_IO,PGOOD_IO,assigned,unrouted,1,,,
U4,8,EN,,PG_AUX,PG_AUX,assigned,unrouted,1,,,
U4,9,SS/TR,,SS_CFG,SS_CFG,assigned,unrouted,1,,,
U4,10,MODE,,LINK_12V,LINK_12V,assigned,unrouted,1,,,
U4,11,VSEL,,GND,GND,assigned,unrouted,1,,,
U5,1,VIN,,LINK_12V,LINK_12V,assigned,unrouted,1,,,
U5,2,SW,,SW_ASIC,SW_ASIC,assigned,unrouted,1,,,
U5,3,GND,,GND,GND,assigned,unrouted,1,,,
U5,4,FB2,,,unconnected-(U5-FB2-Pad4),intentional NC,not applicable,1,,,
U5,5,FB,,FB_ASIC,FB_ASIC,assigned,unrouted,1,,,
U5,6,VOS,,VCC_ASIC_1V5,VCC_ASIC_1V5,assigned,unrouted,1,,,
U5,7,PG,,PGOOD_IO,PGOOD_IO,assigned,unrouted,1,,,
U5,8,EN,,PG_AUX,PG_AUX,assigned,unrouted,1,,,
U5,9,SS/TR,,SS_ASIC,SS_ASIC,assigned,unrouted,1,,,
U5,10,MODE,,LINK_12V,LINK_12V,assigned,unrouted,1,,,
U5,11,VSEL,,GND,GND,assigned,unrouted,1,,,
U6,1,~{CS},,FLASH_CS_B,FLASH_CS_B,assigned,unrouted,1,,,
U6,2,SO/SIO1,,FLASH_DQ1,FLASH_DQ1,assigned,unrouted,1,,,
U6,3,~{WP}/SIO2,,FLASH_DQ2,FLASH_DQ2,assigned,unrouted,1,,,
U6,4,GND,,GND,GND,assigned,unrouted,1,,,
U6,5,SI/SIO0,,FLASH_DQ0,FLASH_DQ0,assigned,unrouted,1,,,
U6,6,SCLK,,FLASH_SCLK,FLASH_SCLK,assigned,unrouted,1,,,
U6,7,~{RESET}/SIO3,,FLASH_DQ3,FLASH_DQ3,assigned,unrouted,1,,,
U6,8,VCC,,VCC_CFG_3V3,VCC_CFG_3V3,assigned,unrouted,1,,,
Y1,1,EN,,VCC_CFG_3V3,VCC_CFG_3V3,assigned,unrouted,1,,,
Y1,2,GND,,GND,GND,assigned,unrouted,1,,,
Y1,3,OUT,,OSC_32M_RAW,OSC_32M_RAW,assigned,unrouted,1,,,
Y1,4,Vdd,,VCC_CFG_3V3,VCC_CFG_3V3,assigned,unrouted,1,,,
