port,bank,pair,p_planar_mm,n_planar_mm,abs_planar_difference_mm
J201,226,TX0,31.148,29.5973,1.5507
J201,226,TX1,31.5706,32.6756,1.105
J201,226,TX2_RESERVED,29.6363,28.0732,1.5631
J201,226,CONTROL,38.841,38.7046,0.1364
J202,225,TX0,22.133,20.4945,1.6385
J202,225,TX1,22.3635,23.4241,1.0607
J202,225,TX2_RESERVED,20.7887,19.1019,1.6869
J202,225,CONTROL,32.182,32.0163,0.1657
J203,224,TX0,21.2355,19.4619,1.7737
J203,224,TX1,22.7999,21.4685,1.3314
J203,224,TX2_RESERVED,22.4896,20.8938,1.5958
J203,224,CONTROL,30.7604,34.8453,4.0849
