contact,proposed_net,direction_from_headstage,latest_50T_connection,status
1,VTREF_1V8,output_sense,VCCAUX_1V8,retain_existing
2,JTAG_TMS,input,JTAG_TMS,retain_existing
3,LINK_TX0_P,output,unconnected,proposed
4,GND,return,GND,retain_existing
5,LINK_TX0_N,output,unconnected,proposed
6,LINK_TX1_P,output,unconnected,proposed
7,GND,return,GND,retain_existing
8,LINK_TX1_N,output,unconnected,proposed
9,LINK_RX0_P,input,unconnected,proposed
10,GND,return,GND,retain_existing
11,LINK_RX0_N,input,unconnected,proposed
12,LINK_RX1_P,input,unconnected,proposed
13,GND,return,GND,retain_existing
14,LINK_RX1_N,input,unconnected,proposed
15,JTAG_TDI,input,JTAG_TDI,retain_existing
16,GND,return,GND,retain_existing
17,JTAG_TCK,input,JTAG_TCK,retain_existing
18,JTAG_TDO,output,JTAG_TDO,retain_existing
19,PWR_IN_12V,input,LINK_12V,candidate_unqualified
SH,SHELL_GND,shield,GND,separate_from_19_contacts
