quantity_per_board,references,value,manufacturer_part_number,footprint,design_groups,datasheet,selection_status
1,C1,47u 25V X5R,MSAST32MAB5476MPNDT1,CoreSupport:Capacitor_SMD__C_1210_3225Metric,power_input,https://ds.yuden.co.jp/TYCOMPAS/or/detail?pn=MSAST32MAB5476MPNDT1&u=M,"Draft board population; verify procurement, electrical performance, assembly and fit before ordering"
5,C2; C4; C8; C12; C16,100n 100V X7R,GRM188R72A104KA35D,CoreSupport:Capacitor_SMD__C_0603_1608Metric,power_asic; power_aux; power_cfg; power_core; power_input,https://www.murata.com/products/productdetail?partno=GRM188R72A104KA35%23,"Draft board population; verify procurement, electrical performance, assembly and fit before ordering"
4,C3; C7; C11; C15,22u 25V X5R,MSAST31LBB5226MTNA01,CoreSupport:Capacitor_SMD__C_1206_3216Metric,power_asic; power_aux; power_cfg; power_core,https://ds.yuden.co.jp/TYCOMPAS/or/detail?pn=MSAST31LBB5226MTNA01&u=M,"Draft board population; verify procurement, electrical performance, assembly and fit before ordering"
4,C5; C9; C13; C17,22u 16V X5R,EMK212BBJ226MG-T,CoreSupport:Capacitor_SMD__C_0805_2012Metric,power_asic; power_aux; power_cfg; power_core,https://ds-origin.yuden.co.jp/TYCOMPAS/eu/detail?pn=MSASE21GBB5226MTNA01&u=M,"Draft board population; verify procurement, electrical performance, assembly and fit before ordering"
4,C6; C10; C14; C18,10n 50V X7R,GRM188R71H103KA01D,CoreSupport:Capacitor_SMD__C_0603_1608Metric,power_asic; power_aux; power_cfg; power_core,https://www.murata.com/en-global/products/productdetail?partno=GRM188R71H103KA01%23,"Draft board population; verify procurement, electrical performance, assembly and fit before ordering"
1,C20,330u 2.5V POSCAP ESR9m@300kHz,ETPE330M9GB,CoreSupport:Panasonic_POSCAP_B2_Recommended,decoupling_core,https://industrial.panasonic.com/cdbs/www-data/pdf/AAA8000/AAA8000C36.pdf,"Draft board population; verify procurement, electrical performance, assembly and fit before ordering"
1,C21,100u 6.3V X5R,GRM32ER60J107ME20L,CoreSupport:Capacitor_SMD__C_1210_3225Metric,decoupling_bram,https://docs.amd.com/api/khub/documents/6L8DUUei7ZCE78qwQafC3A/content,"Draft board population; verify procurement, electrical performance, assembly and fit before ordering"
18,C22; C23; C24; C25; C26; C27; C41; C42; C51; C52; C57; C58; C64; C65; C70; C71; C76; C77,4.7u 10V X7R,GRM21BR71A475KA73L,CoreSupport:Capacitor_SMD__C_0805_2012Metric,decoupling_aux; decoupling_bank14; decoupling_bank15; decoupling_bank16; decoupling_bank34; decoupling_bank35; decoupling_core,https://docs.amd.com/api/khub/documents/6L8DUUei7ZCE78qwQafC3A/content,"Draft board population; verify procurement, electrical performance, assembly and fit before ordering"
34,C28; C29; C30; C31; C32; C33; C34; C35; C36; C37; C43; C44; C45; C46; C53; C54; C55; C56; C59; C60; C61; C62; C66; C67; C68; C69; C72; C73; C74; C75; C78; C79; C80; C81,470n 10V X7R,GRT155R71A474KE01D,CoreSupport:Murata_GRT15_0402_Recommended,decoupling_aux; decoupling_bank14; decoupling_bank15; decoupling_bank16; decoupling_bank34; decoupling_bank35; decoupling_bram; decoupling_core,https://search.murata.co.jp/Ceramy/image/img/A01X/G101/ENG/GRT155R71A474KE01-01A.pdf,"Draft board population; verify procurement, electrical performance, assembly and fit before ordering"
5,C40; C50; C63; C82; C92,47u 6.3V X7R,GRM32ER70J476ME20L,CoreSupport:Capacitor_SMD__C_1210_3225Metric,decoupling_asic_bulk; decoupling_aux; decoupling_bank0; decoupling_bank14_bulk; decoupling_cfg_bulk,https://docs.amd.com/api/khub/documents/6L8DUUei7ZCE78qwQafC3A/content,"Draft board population; verify procurement, electrical performance, assembly and fit before ordering"
1,C90,100n 16V X7R,GRT155R71C104KE01D,CoreSupport:Murata_GRT15_0402_Recommended,decoupling_xadc,https://search.murata.co.jp/Ceramy/image/img/A01X/G101/ENG/GRT155R71C104KE01-01.pdf,"Draft board population; verify procurement, electrical performance, assembly and fit before ordering"
1,C91,1u 10V X7R,GRM188R71A105KA61D,CoreSupport:Capacitor_SMD__C_0603_1608Metric,decoupling_xadc,https://www.murata.com/en-global/products/productdetail?partno=GRM188R71A105KA61%23,"Draft board population; verify procurement, electrical performance, assembly and fit before ordering"
2,C100; C103,100n,GRM155R71C104KA88D,CoreSupport:Capacitor_SMD__C_0402_1005Metric,Boot flash; Reference clock,https://www.murata.com/en-global/products/productdetail?partno=GRM155R71C104KA88%23,"Draft board population; verify procurement, electrical performance, assembly and fit before ordering"
1,C101,1u 16V X5R,GRM155R61C105KA12D,CoreSupport:Capacitor_SMD__C_0402_1005Metric,Boot flash,https://www.murata.com/en-global/products/productdetail?partno=GRM155R61C105KA12%23,"Draft board population; verify procurement, electrical performance, assembly and fit before ordering"
1,C102,10n,GRM155R71C103KA01D,CoreSupport:Capacitor_SMD__C_0402_1005Metric,Reference clock,https://www.murata.com/en-global/products/productdetail?partno=GRM155R71C103KA01%23,"Draft board population; verify procurement, electrical performance, assembly and fit before ordering"
1,J4,CUSTOM POWER + JTAG / DATA TBD,467651001,CoreSupport:LinkPort__MicroHDMI_46765_1xxx,Custom shared cable / power and JTAG,https://www.molex.com/content/dam/molex/molex-dot-com/products/automated/en-us/productspecificationpdf/467/46765/PS-46765-003-001.pdf,"Draft board population; verify procurement, electrical performance, assembly and fit before ordering"
2,J5; J6,QSH-030-01-L-D-A,QSH-030-01-L-D-A,Mezzanine:Samtec_QSH-030-01-L-D-A,ASIC mezzanine,https://suddendocs.samtec.com/prints/qsh-xxx-01-x-d-xx-footprint.pdf,"Draft board population; verify procurement, electrical performance, assembly and fit before ordering"
4,L1; L2; L3; L4,1uH 5.4A Isat30%,XFL4020-102MEC,CoreSupport:PowerDraft__L_Coilcraft_XFL4020,power_asic; power_aux; power_cfg; power_core,https://www.coilcraft.com/getmedia/50632d43-da1b-4cdb-8ab4-3029cab51df3/xfl4020.pdf,"Draft board population; verify procurement, electrical performance, assembly and fit before ordering"
1,R1,32.4k 0.1%,TNPW060332K4BEEA,CoreSupport:Resistor_SMD__R_0603_1608Metric,power_core,https://www.vishay.com/docs/28758/tnpw_e3.pdf,"Draft board population; verify procurement, electrical performance, assembly and fit before ordering"
4,R2; R4; R6; R8,69.8k 0.1%,TNPW060369K8BEEA,CoreSupport:Resistor_SMD__R_0603_1608Metric,power_asic; power_aux; power_cfg; power_core,https://www.vishay.com/docs/28758/tnpw_e3.pdf,"Draft board population; verify procurement, electrical performance, assembly and fit before ordering"
1,R3,110k 0.1%,TNPW0603110KBEEA,CoreSupport:Resistor_SMD__R_0603_1608Metric,power_aux,https://www.vishay.com/docs/28758/tnpw_e3.pdf,"Draft board population; verify procurement, electrical performance, assembly and fit before ordering"
1,R5,180k 0.1%,TNPW0603180KBEEA,CoreSupport:Resistor_SMD__R_0603_1608Metric,power_cfg,https://www.vishay.com/docs/28758/tnpw_e3.pdf,"Draft board population; verify procurement, electrical performance, assembly and fit before ordering"
1,R7,80.6k 0.1%,TNPW060380K6BEEA,CoreSupport:Resistor_SMD__R_0603_1608Metric,power_asic,https://www.vishay.com/docs/28758/tnpw_e3.pdf,"Draft board population; verify procurement, electrical performance, assembly and fit before ordering"
1,R9,12m 1% 1W,WSLP1206R0120FEA,CoreSupport:Resistor_SMD__R_1206_3216Metric,power_core,https://www.vishay.com/docs/30122/wslp.pdf,"Draft board population; verify procurement, electrical performance, assembly and fit before ordering"
2,R10; R11,100k,CRCW0603100KFKEA,CoreSupport:Resistor_SMD__R_0603_1608Metric,power_aux; power_core,https://www.vishay.com/docs/20035/dcrcwe3.pdf,"Draft board population; verify procurement, electrical performance, assembly and fit before ordering"
1,R100,2.4k,CRCW04022K40FKED,CoreSupport:Resistor_SMD__R_0402_1005Metric,Boot flash,https://www.vishay.com/docs/20035/dcrcwe3.pdf,"Draft board population; verify procurement, electrical performance, assembly and fit before ordering"
5,R101; R102; R108; R109; R110,4.7k,CRCW04024K70FKED,CoreSupport:Resistor_SMD__R_0402_1005Metric,Boot flash; Programming JTAG,https://www.vishay.com/docs/20035/dcrcwe3.pdf,"Draft board population; verify procurement, electrical performance, assembly and fit before ordering"
4,R103; R105; R118; R119,33,CRCW040233R0FKED,CoreSupport:Resistor_SMD__R_0402_1005Metric,Boot flash; Programming JTAG; Reference clock,https://www.vishay.com/docs/20035/dcrcwe3.pdf,"Draft board population; verify procurement, electrical performance, assembly and fit before ordering"
1,R104,0,CRCW04020000Z0ED,CoreSupport:Resistor_SMD__R_0402_1005Metric,Boot flash,https://www.vishay.com/docs/20035/dcrcwe3.pdf,"Draft board population; verify procurement, electrical performance, assembly and fit before ordering"
2,R111; R114,1k,CRCW04021K00FKED,CoreSupport:Resistor_SMD__R_0402_1005Metric,Programming JTAG,https://www.vishay.com/docs/20035/dcrcwe3.pdf,"Draft board population; verify procurement, electrical performance, assembly and fit before ordering"
3,R115; R116; R117,10k,CRCW040210K0FKED,CoreSupport:Resistor_SMD__R_0402_1005Metric,Programming JTAG,https://www.vishay.com/docs/20035/dcrcwe3.pdf,"Draft board population; verify procurement, electrical performance, assembly and fit before ordering"
1,R122,15m 1% 1W,WSLP1206R0150FEA,CoreSupport:Resistor_SMD__R_1206_3216Metric,power_aux_bulk_isolation,https://www.vishay.com/docs/30122/wslp.pdf,"Draft board population; verify procurement, electrical performance, assembly and fit before ordering"
1,U1,XC7A100T-1CSG324I,XC7A100T-1CSG324I,FPGA100T:Xilinx_CSG324,FPGA,https://docs.amd.com/v/u/en-US/ds181_Artix_7_Data_Sheet,"Draft board population; verify procurement, electrical performance, assembly and fit before ordering"
4,U2; U3; U4; U5,TPS62135RGXR,TPS62135RGXR,CoreSupport:PowerDraft__Texas_VQFN_RGX0011A_2x3mm,power_asic; power_aux; power_cfg; power_core,https://www.ti.com/lit/ds/symlink/tps62135.pdf,"Draft board population; verify procurement, electrical performance, assembly and fit before ordering"
1,U6,MX25U12835FM2I-10G,MX25U12835FM2I-10G,CoreSupport:Package_SO__SOIC-8_5_3x5_3mm_P1_27mm,Boot flash,"https://www.macronix.com/Lists/Datasheet/Attachments/8704/MX25U12835F,%201.8V,%20128Mb,%20v1.9.pdf","Draft board population; verify procurement, electrical performance, assembly and fit before ordering"
1,Y1,ASE3 32MHz 1.8V,ASE3-32.000MHZ-L-C-T,CoreSupport:Oscillator__Oscillator_SMD_Abracon_ASE-4Pin_3_2x2_5mm,Reference clock,https://abracon.com/Oscillators/ASE3series.pdf,"Draft board population; verify procurement, electrical performance, assembly and fit before ordering"
