signal,connector,contact,connector_endpoint,fpga_ball,fpga_endpoint,bank,bank_voltage_V,candidate_io_standard,direction_relative_to_fpga,amd_package_function,clock_capability,reserved_clock_N_mate,signal_group,proposed_physical_group,native_fpga_status_before,native_connector_status_before,native_board_net_applied,status,assumption_and_limit,interface_kind
ASIC1_DATA1,J5,1,J5.1,K1,U1.K1,35,1.5,LVCMOS15 ASSUMED; not approved,Input,IO_L23N_T3_35,ordinary GPIO,,Recording data,BOARD1: ASIC1/ASIC2; unconfirmed physical identity,unassigned,unassigned,YES: provisional net assignment in native schematic and PCB,PROVISIONAL FPGA assignment; routing/timing/electrical qualification incomplete,"1.5 V single-ended digital assumption; direction from baseline, electrical limits/timing/polarity/startup still require approval.",fpga_candidate
ASIC1_DATA2,J5,2,J5.2,F1,U1.F1,35,1.5,LVCMOS15 ASSUMED; not approved,Input,IO_L18P_T2_35,ordinary GPIO,,Recording data,BOARD1: ASIC1/ASIC2; unconfirmed physical identity,unassigned,unassigned,YES: provisional net assignment in native schematic and PCB,PROVISIONAL FPGA assignment; routing/timing/electrical qualification incomplete,"1.5 V single-ended digital assumption; direction from baseline, electrical limits/timing/polarity/startup still require approval.",fpga_candidate
ASIC1_DATA3,J5,3,J5.3,K2,U1.K2,35,1.5,LVCMOS15 ASSUMED; not approved,Input,IO_L23P_T3_35,ordinary GPIO,,Recording data,BOARD1: ASIC1/ASIC2; unconfirmed physical identity,unassigned,unassigned,YES: provisional net assignment in native schematic and PCB,PROVISIONAL FPGA assignment; routing/timing/electrical qualification incomplete,"1.5 V single-ended digital assumption; direction from baseline, electrical limits/timing/polarity/startup still require approval.",fpga_candidate
ASIC1_DATA4,J5,4,J5.4,E1,U1.E1,35,1.5,LVCMOS15 ASSUMED; not approved,Input,IO_L18N_T2_35,ordinary GPIO,,Recording data,BOARD1: ASIC1/ASIC2; unconfirmed physical identity,unassigned,unassigned,YES: provisional net assignment in native schematic and PCB,PROVISIONAL FPGA assignment; routing/timing/electrical qualification incomplete,"1.5 V single-ended digital assumption; direction from baseline, electrical limits/timing/polarity/startup still require approval.",fpga_candidate
ASIC1_DATA5,J5,5,J5.5,H1,U1.H1,35,1.5,LVCMOS15 ASSUMED; not approved,Input,IO_L17P_T2_35,ordinary GPIO,,Recording data,BOARD1: ASIC1/ASIC2; unconfirmed physical identity,unassigned,unassigned,YES: provisional net assignment in native schematic and PCB,PROVISIONAL FPGA assignment; routing/timing/electrical qualification incomplete,"1.5 V single-ended digital assumption; direction from baseline, electrical limits/timing/polarity/startup still require approval.",fpga_candidate
ASIC1_DATA6,J5,6,J5.6,G2,U1.G2,35,1.5,LVCMOS15 ASSUMED; not approved,Input,IO_L15N_T2_DQS_35,ordinary GPIO,,Recording data,BOARD1: ASIC1/ASIC2; unconfirmed physical identity,unassigned,unassigned,YES: provisional net assignment in native schematic and PCB,PROVISIONAL FPGA assignment; routing/timing/electrical qualification incomplete,"1.5 V single-ended digital assumption; direction from baseline, electrical limits/timing/polarity/startup still require approval.",fpga_candidate
ASIC1_DATA7,J5,7,J5.7,G1,U1.G1,35,1.5,LVCMOS15 ASSUMED; not approved,Input,IO_L17N_T2_35,ordinary GPIO,,Recording data,BOARD1: ASIC1/ASIC2; unconfirmed physical identity,unassigned,unassigned,YES: provisional net assignment in native schematic and PCB,PROVISIONAL FPGA assignment; routing/timing/electrical qualification incomplete,"1.5 V single-ended digital assumption; direction from baseline, electrical limits/timing/polarity/startup still require approval.",fpga_candidate
ASIC1_DATA8,J5,8,J5.8,C1,U1.C1,35,1.5,LVCMOS15 ASSUMED; not approved,Input,IO_L16N_T2_35,ordinary GPIO,,Recording data,BOARD1: ASIC1/ASIC2; unconfirmed physical identity,unassigned,unassigned,YES: provisional net assignment in native schematic and PCB,PROVISIONAL FPGA assignment; routing/timing/electrical qualification incomplete,"1.5 V single-ended digital assumption; direction from baseline, electrical limits/timing/polarity/startup still require approval.",fpga_candidate
ASIC1_CLK32MHz_Out,J5,9,J5.9,E2,U1.E2,35,1.5,LVCMOS15 ASSUMED; not approved,Input,IO_L14P_T2_SRCC_35,SRCC,D2,Recording timing,BOARD1: ASIC1/ASIC2; unconfirmed physical identity,unassigned,unassigned,YES: provisional net assignment in native schematic and PCB,PROVISIONAL FPGA assignment; routing/timing/electrical qualification incomplete,"Chosen working architecture: eight independent clocks RETURNED by eight ASICs, captured on falling edge. Clock direction/frequency/timing and Vivado clock-region feasibility still need implementation validation.",fpga_candidate
ASIC1_READ,J5,10,J5.10,B1,U1.B1,35,1.5,LVCMOS15 ASSUMED; not approved,Input,IO_L9P_T1_DQS_AD7P_35,ordinary GPIO,,Recording timing,BOARD1: ASIC1/ASIC2; unconfirmed physical identity,unassigned,unassigned,YES: provisional net assignment in native schematic and PCB,PROVISIONAL FPGA assignment; routing/timing/electrical qualification incomplete,"1.5 V single-ended digital assumption; direction from baseline, electrical limits/timing/polarity/startup still require approval.",fpga_candidate
ASIC1_SYNC,J5,11,J5.11,J2,U1.J2,35,1.5,LVCMOS15 ASSUMED; not approved,Input,IO_L22N_T3_35,ordinary GPIO,,Recording timing,BOARD1: ASIC1/ASIC2; unconfirmed physical identity,unassigned,unassigned,YES: provisional net assignment in native schematic and PCB,PROVISIONAL FPGA assignment; routing/timing/electrical qualification incomplete,"1.5 V single-ended digital assumption; direction from baseline, electrical limits/timing/polarity/startup still require approval.",fpga_candidate
ASIC2_DATA1,J5,12,J5.12,C2,U1.C2,35,1.5,LVCMOS15 ASSUMED; not approved,Input,IO_L16P_T2_35,ordinary GPIO,,Recording data,BOARD1: ASIC1/ASIC2; unconfirmed physical identity,unassigned,unassigned,YES: provisional net assignment in native schematic and PCB,PROVISIONAL FPGA assignment; routing/timing/electrical qualification incomplete,"1.5 V single-ended digital assumption; direction from baseline, electrical limits/timing/polarity/startup still require approval.",fpga_candidate
ASIC2_DATA2,J5,13,J5.13,H2,U1.H2,35,1.5,LVCMOS15 ASSUMED; not approved,Input,IO_L15P_T2_DQS_35,ordinary GPIO,,Recording data,BOARD1: ASIC1/ASIC2; unconfirmed physical identity,unassigned,unassigned,YES: provisional net assignment in native schematic and PCB,PROVISIONAL FPGA assignment; routing/timing/electrical qualification incomplete,"1.5 V single-ended digital assumption; direction from baseline, electrical limits/timing/polarity/startup still require approval.",fpga_candidate
ASIC2_DATA3,J5,14,J5.14,B3,U1.B3,35,1.5,LVCMOS15 ASSUMED; not approved,Input,IO_L10P_T1_AD15P_35,ordinary GPIO,,Recording data,BOARD1: ASIC1/ASIC2; unconfirmed physical identity,unassigned,unassigned,YES: provisional net assignment in native schematic and PCB,PROVISIONAL FPGA assignment; routing/timing/electrical qualification incomplete,"1.5 V single-ended digital assumption; direction from baseline, electrical limits/timing/polarity/startup still require approval.",fpga_candidate
ASIC2_DATA4,J5,15,J5.15,J3,U1.J3,35,1.5,LVCMOS15 ASSUMED; not approved,Input,IO_L22P_T3_35,ordinary GPIO,,Recording data,BOARD1: ASIC1/ASIC2; unconfirmed physical identity,unassigned,unassigned,YES: provisional net assignment in native schematic and PCB,PROVISIONAL FPGA assignment; routing/timing/electrical qualification incomplete,"1.5 V single-ended digital assumption; direction from baseline, electrical limits/timing/polarity/startup still require approval.",fpga_candidate
ASIC2_DATA5,J5,16,J5.16,A3,U1.A3,35,1.5,LVCMOS15 ASSUMED; not approved,Input,IO_L8N_T1_AD14N_35,ordinary GPIO,,Recording data,BOARD1: ASIC1/ASIC2; unconfirmed physical identity,unassigned,unassigned,YES: provisional net assignment in native schematic and PCB,PROVISIONAL FPGA assignment; routing/timing/electrical qualification incomplete,"1.5 V single-ended digital assumption; direction from baseline, electrical limits/timing/polarity/startup still require approval.",fpga_candidate
ASIC2_DATA6,J5,17,J5.17,G3,U1.G3,35,1.5,LVCMOS15 ASSUMED; not approved,Input,IO_L20N_T3_35,ordinary GPIO,,Recording data,BOARD1: ASIC1/ASIC2; unconfirmed physical identity,unassigned,unassigned,YES: provisional net assignment in native schematic and PCB,PROVISIONAL FPGA assignment; routing/timing/electrical qualification incomplete,"1.5 V single-ended digital assumption; direction from baseline, electrical limits/timing/polarity/startup still require approval.",fpga_candidate
ASIC2_DATA7,J5,18,J5.18,C4,U1.C4,35,1.5,LVCMOS15 ASSUMED; not approved,Input,IO_L7P_T1_AD6P_35,ordinary GPIO,,Recording data,BOARD1: ASIC1/ASIC2; unconfirmed physical identity,unassigned,unassigned,YES: provisional net assignment in native schematic and PCB,PROVISIONAL FPGA assignment; routing/timing/electrical qualification incomplete,"1.5 V single-ended digital assumption; direction from baseline, electrical limits/timing/polarity/startup still require approval.",fpga_candidate
ASIC2_DATA8,J5,19,J5.19,A1,U1.A1,35,1.5,LVCMOS15 ASSUMED; not approved,Input,IO_L9N_T1_DQS_AD7N_35,ordinary GPIO,,Recording data,BOARD1: ASIC1/ASIC2; unconfirmed physical identity,unassigned,unassigned,YES: provisional net assignment in native schematic and PCB,PROVISIONAL FPGA assignment; routing/timing/electrical qualification incomplete,"1.5 V single-ended digital assumption; direction from baseline, electrical limits/timing/polarity/startup still require approval.",fpga_candidate
ASIC2_CLK32MHz_Out,J5,20,J5.20,E3,U1.E3,35,1.5,LVCMOS15 ASSUMED; not approved,Input,IO_L12P_T1_MRCC_35,MRCC,D3,Recording timing,BOARD1: ASIC1/ASIC2; unconfirmed physical identity,unassigned,unassigned,YES: provisional net assignment in native schematic and PCB,PROVISIONAL FPGA assignment; routing/timing/electrical qualification incomplete,"Chosen working architecture: eight independent clocks RETURNED by eight ASICs, captured on falling edge. Clock direction/frequency/timing and Vivado clock-region feasibility still need implementation validation.",fpga_candidate
ASIC2_READ,J5,21,J5.21,B2,U1.B2,35,1.5,LVCMOS15 ASSUMED; not approved,Input,IO_L10N_T1_AD15N_35,ordinary GPIO,,Recording timing,BOARD1: ASIC1/ASIC2; unconfirmed physical identity,unassigned,unassigned,YES: provisional net assignment in native schematic and PCB,PROVISIONAL FPGA assignment; routing/timing/electrical qualification incomplete,"1.5 V single-ended digital assumption; direction from baseline, electrical limits/timing/polarity/startup still require approval.",fpga_candidate
ASIC2_SYNC,J5,22,J5.22,B4,U1.B4,35,1.5,LVCMOS15 ASSUMED; not approved,Input,IO_L7N_T1_AD6N_35,ordinary GPIO,,Recording timing,BOARD1: ASIC1/ASIC2; unconfirmed physical identity,unassigned,unassigned,YES: provisional net assignment in native schematic and PCB,PROVISIONAL FPGA assignment; routing/timing/electrical qualification incomplete,"1.5 V single-ended digital assumption; direction from baseline, electrical limits/timing/polarity/startup still require approval.",fpga_candidate
ASIC3_DATA1,J5,23,J5.23,J4,U1.J4,35,1.5,LVCMOS15 ASSUMED; not approved,Input,IO_L21P_T3_DQS_35,ordinary GPIO,,Recording data,BOARD2: ASIC3/ASIC4; unconfirmed physical identity,unassigned,unassigned,YES: provisional net assignment in native schematic and PCB,PROVISIONAL FPGA assignment; routing/timing/electrical qualification incomplete,"1.5 V single-ended digital assumption; direction from baseline, electrical limits/timing/polarity/startup still require approval.",fpga_candidate
ASIC3_DATA2,J5,24,J5.24,J5,U1.J5,35,1.5,LVCMOS15 ASSUMED; not approved,Input,IO_25_35,ordinary GPIO,,Recording data,BOARD2: ASIC3/ASIC4; unconfirmed physical identity,unassigned,unassigned,YES: provisional net assignment in native schematic and PCB,PROVISIONAL FPGA assignment; routing/timing/electrical qualification incomplete,"1.5 V single-ended digital assumption; direction from baseline, electrical limits/timing/polarity/startup still require approval.",fpga_candidate
ASIC3_DATA3,J5,25,J5.25,H4,U1.H4,35,1.5,LVCMOS15 ASSUMED; not approved,Input,IO_L21N_T3_DQS_35,ordinary GPIO,,Recording data,BOARD2: ASIC3/ASIC4; unconfirmed physical identity,unassigned,unassigned,YES: provisional net assignment in native schematic and PCB,PROVISIONAL FPGA assignment; routing/timing/electrical qualification incomplete,"1.5 V single-ended digital assumption; direction from baseline, electrical limits/timing/polarity/startup still require approval.",fpga_candidate
ASIC3_DATA4,J5,26,J5.26,F5,U1.F5,35,1.5,LVCMOS15 ASSUMED; not approved,Input,IO_0_35,ordinary GPIO,,Recording data,BOARD2: ASIC3/ASIC4; unconfirmed physical identity,unassigned,unassigned,YES: provisional net assignment in native schematic and PCB,PROVISIONAL FPGA assignment; routing/timing/electrical qualification incomplete,"1.5 V single-ended digital assumption; direction from baseline, electrical limits/timing/polarity/startup still require approval.",fpga_candidate
ASIC3_DATA5,J5,27,J5.27,G4,U1.G4,35,1.5,LVCMOS15 ASSUMED; not approved,Input,IO_L20P_T3_35,ordinary GPIO,,Recording data,BOARD2: ASIC3/ASIC4; unconfirmed physical identity,unassigned,unassigned,YES: provisional net assignment in native schematic and PCB,PROVISIONAL FPGA assignment; routing/timing/electrical qualification incomplete,"1.5 V single-ended digital assumption; direction from baseline, electrical limits/timing/polarity/startup still require approval.",fpga_candidate
ASIC3_DATA6,J5,28,J5.28,E5,U1.E5,35,1.5,LVCMOS15 ASSUMED; not approved,Input,IO_L5N_T0_AD13N_35,ordinary GPIO,,Recording data,BOARD2: ASIC3/ASIC4; unconfirmed physical identity,unassigned,unassigned,YES: provisional net assignment in native schematic and PCB,PROVISIONAL FPGA assignment; routing/timing/electrical qualification incomplete,"1.5 V single-ended digital assumption; direction from baseline, electrical limits/timing/polarity/startup still require approval.",fpga_candidate
ASIC3_DATA7,J5,29,J5.29,H5,U1.H5,35,1.5,LVCMOS15 ASSUMED; not approved,Input,IO_L24N_T3_35,ordinary GPIO,,Recording data,BOARD2: ASIC3/ASIC4; unconfirmed physical identity,unassigned,unassigned,YES: provisional net assignment in native schematic and PCB,PROVISIONAL FPGA assignment; routing/timing/electrical qualification incomplete,"1.5 V single-ended digital assumption; direction from baseline, electrical limits/timing/polarity/startup still require approval.",fpga_candidate
ASIC3_DATA8,J5,30,J5.30,G6,U1.G6,35,1.5,LVCMOS15 ASSUMED; not approved,Input,IO_L19P_T3_35,ordinary GPIO,,Recording data,BOARD2: ASIC3/ASIC4; unconfirmed physical identity,unassigned,unassigned,YES: provisional net assignment in native schematic and PCB,PROVISIONAL FPGA assignment; routing/timing/electrical qualification incomplete,"1.5 V single-ended digital assumption; direction from baseline, electrical limits/timing/polarity/startup still require approval.",fpga_candidate
ASIC3_CLK32MHz_Out,J5,31,J5.31,F4,U1.F4,35,1.5,LVCMOS15 ASSUMED; not approved,Input,IO_L13P_T2_MRCC_35,MRCC,F3,Recording timing,BOARD2: ASIC3/ASIC4; unconfirmed physical identity,unassigned,unassigned,YES: provisional net assignment in native schematic and PCB,PROVISIONAL FPGA assignment; routing/timing/electrical qualification incomplete,"Chosen working architecture: eight independent clocks RETURNED by eight ASICs, captured on falling edge. Clock direction/frequency/timing and Vivado clock-region feasibility still need implementation validation.",fpga_candidate
ASIC3_READ,J5,32,J5.32,E6,U1.E6,35,1.5,LVCMOS15 ASSUMED; not approved,Input,IO_L5P_T0_AD13P_35,ordinary GPIO,,Recording timing,BOARD2: ASIC3/ASIC4; unconfirmed physical identity,unassigned,unassigned,YES: provisional net assignment in native schematic and PCB,PROVISIONAL FPGA assignment; routing/timing/electrical qualification incomplete,"1.5 V single-ended digital assumption; direction from baseline, electrical limits/timing/polarity/startup still require approval.",fpga_candidate
ASIC3_SYNC,J5,33,J5.33,H6,U1.H6,35,1.5,LVCMOS15 ASSUMED; not approved,Input,IO_L24P_T3_35,ordinary GPIO,,Recording timing,BOARD2: ASIC3/ASIC4; unconfirmed physical identity,unassigned,unassigned,YES: provisional net assignment in native schematic and PCB,PROVISIONAL FPGA assignment; routing/timing/electrical qualification incomplete,"1.5 V single-ended digital assumption; direction from baseline, electrical limits/timing/polarity/startup still require approval.",fpga_candidate
ASIC4_DATA1,J5,34,J5.34,C5,U1.C5,35,1.5,LVCMOS15 ASSUMED; not approved,Input,IO_L1N_T0_AD4N_35,ordinary GPIO,,Recording data,BOARD2: ASIC3/ASIC4; unconfirmed physical identity,unassigned,unassigned,YES: provisional net assignment in native schematic and PCB,PROVISIONAL FPGA assignment; routing/timing/electrical qualification incomplete,"1.5 V single-ended digital assumption; direction from baseline, electrical limits/timing/polarity/startup still require approval.",fpga_candidate
ASIC4_DATA2,J5,35,J5.35,A4,U1.A4,35,1.5,LVCMOS15 ASSUMED; not approved,Input,IO_L8P_T1_AD14P_35,ordinary GPIO,,Recording data,BOARD2: ASIC3/ASIC4; unconfirmed physical identity,unassigned,unassigned,YES: provisional net assignment in native schematic and PCB,PROVISIONAL FPGA assignment; routing/timing/electrical qualification incomplete,"1.5 V single-ended digital assumption; direction from baseline, electrical limits/timing/polarity/startup still require approval.",fpga_candidate
ASIC4_DATA3,J5,36,J5.36,C6,U1.C6,35,1.5,LVCMOS15 ASSUMED; not approved,Input,IO_L1P_T0_AD4P_35,ordinary GPIO,,Recording data,BOARD2: ASIC3/ASIC4; unconfirmed physical identity,unassigned,unassigned,YES: provisional net assignment in native schematic and PCB,PROVISIONAL FPGA assignment; routing/timing/electrical qualification incomplete,"1.5 V single-ended digital assumption; direction from baseline, electrical limits/timing/polarity/startup still require approval.",fpga_candidate
ASIC4_DATA4,J5,37,J5.37,A5,U1.A5,35,1.5,LVCMOS15 ASSUMED; not approved,Input,IO_L3N_T0_DQS_AD5N_35,ordinary GPIO,,Recording data,BOARD2: ASIC3/ASIC4; unconfirmed physical identity,unassigned,unassigned,YES: provisional net assignment in native schematic and PCB,PROVISIONAL FPGA assignment; routing/timing/electrical qualification incomplete,"1.5 V single-ended digital assumption; direction from baseline, electrical limits/timing/polarity/startup still require approval.",fpga_candidate
ASIC4_DATA5,J5,38,J5.38,A6,U1.A6,35,1.5,LVCMOS15 ASSUMED; not approved,Input,IO_L3P_T0_DQS_AD5P_35,ordinary GPIO,,Recording data,BOARD2: ASIC3/ASIC4; unconfirmed physical identity,unassigned,unassigned,YES: provisional net assignment in native schematic and PCB,PROVISIONAL FPGA assignment; routing/timing/electrical qualification incomplete,"1.5 V single-ended digital assumption; direction from baseline, electrical limits/timing/polarity/startup still require approval.",fpga_candidate
ASIC4_DATA6,J5,39,J5.39,B6,U1.B6,35,1.5,LVCMOS15 ASSUMED; not approved,Input,IO_L2N_T0_AD12N_35,ordinary GPIO,,Recording data,BOARD2: ASIC3/ASIC4; unconfirmed physical identity,unassigned,unassigned,YES: provisional net assignment in native schematic and PCB,PROVISIONAL FPGA assignment; routing/timing/electrical qualification incomplete,"1.5 V single-ended digital assumption; direction from baseline, electrical limits/timing/polarity/startup still require approval.",fpga_candidate
ASIC4_DATA7,J5,40,J5.40,C7,U1.C7,35,1.5,LVCMOS15 ASSUMED; not approved,Input,IO_L4N_T0_35,ordinary GPIO,,Recording data,BOARD2: ASIC3/ASIC4; unconfirmed physical identity,unassigned,unassigned,YES: provisional net assignment in native schematic and PCB,PROVISIONAL FPGA assignment; routing/timing/electrical qualification incomplete,"1.5 V single-ended digital assumption; direction from baseline, electrical limits/timing/polarity/startup still require approval.",fpga_candidate
ASIC4_DATA8,J5,41,J5.41,E7,U1.E7,35,1.5,LVCMOS15 ASSUMED; not approved,Input,IO_L6P_T0_35,ordinary GPIO,,Recording data,BOARD2: ASIC3/ASIC4; unconfirmed physical identity,unassigned,unassigned,YES: provisional net assignment in native schematic and PCB,PROVISIONAL FPGA assignment; routing/timing/electrical qualification incomplete,"1.5 V single-ended digital assumption; direction from baseline, electrical limits/timing/polarity/startup still require approval.",fpga_candidate
ASIC4_CLK32MHz_Out,J5,42,J5.42,D5,U1.D5,35,1.5,LVCMOS15 ASSUMED; not approved,Input,IO_L11P_T1_SRCC_35,SRCC,D4,Recording timing,BOARD2: ASIC3/ASIC4; unconfirmed physical identity,unassigned,unassigned,YES: provisional net assignment in native schematic and PCB,PROVISIONAL FPGA assignment; routing/timing/electrical qualification incomplete,"Chosen working architecture: eight independent clocks RETURNED by eight ASICs, captured on falling edge. Clock direction/frequency/timing and Vivado clock-region feasibility still need implementation validation.",fpga_candidate
ASIC4_READ,J5,43,J5.43,B7,U1.B7,35,1.5,LVCMOS15 ASSUMED; not approved,Input,IO_L2P_T0_AD12P_35,ordinary GPIO,,Recording timing,BOARD2: ASIC3/ASIC4; unconfirmed physical identity,unassigned,unassigned,YES: provisional net assignment in native schematic and PCB,PROVISIONAL FPGA assignment; routing/timing/electrical qualification incomplete,"1.5 V single-ended digital assumption; direction from baseline, electrical limits/timing/polarity/startup still require approval.",fpga_candidate
ASIC4_SYNC,J5,44,J5.44,D8,U1.D8,35,1.5,LVCMOS15 ASSUMED; not approved,Input,IO_L4P_T0_35,ordinary GPIO,,Recording timing,BOARD2: ASIC3/ASIC4; unconfirmed physical identity,unassigned,unassigned,YES: provisional net assignment in native schematic and PCB,PROVISIONAL FPGA assignment; routing/timing/electrical qualification incomplete,"1.5 V single-ended digital assumption; direction from baseline, electrical limits/timing/polarity/startup still require approval.",fpga_candidate
ASIC5_DATA1,J6,1,J6.1,V1,U1.V1,34,1.5,LVCMOS15 ASSUMED; not approved,Input,IO_L7N_T1_34,ordinary GPIO,,Recording data,BOARD3: ASIC5/ASIC6; unconfirmed physical identity,unassigned,unassigned,YES: provisional net assignment in native schematic and PCB,PROVISIONAL FPGA assignment; routing/timing/electrical qualification incomplete,"1.5 V single-ended digital assumption; direction from baseline, electrical limits/timing/polarity/startup still require approval.",fpga_candidate
ASIC5_DATA2,J6,2,J6.2,R1,U1.R1,34,1.5,LVCMOS15 ASSUMED; not approved,Input,IO_L17P_T2_34,ordinary GPIO,,Recording data,BOARD3: ASIC5/ASIC6; unconfirmed physical identity,unassigned,unassigned,YES: provisional net assignment in native schematic and PCB,PROVISIONAL FPGA assignment; routing/timing/electrical qualification incomplete,"1.5 V single-ended digital assumption; direction from baseline, electrical limits/timing/polarity/startup still require approval.",fpga_candidate
ASIC5_DATA3,J6,3,J6.3,U1,U1.U1,34,1.5,LVCMOS15 ASSUMED; not approved,Input,IO_L7P_T1_34,ordinary GPIO,,Recording data,BOARD3: ASIC5/ASIC6; unconfirmed physical identity,unassigned,unassigned,YES: provisional net assignment in native schematic and PCB,PROVISIONAL FPGA assignment; routing/timing/electrical qualification incomplete,"1.5 V single-ended digital assumption; direction from baseline, electrical limits/timing/polarity/startup still require approval.",fpga_candidate
ASIC5_DATA4,J6,4,J6.4,U2,U1.U2,34,1.5,LVCMOS15 ASSUMED; not approved,Input,IO_L9P_T1_DQS_34,ordinary GPIO,,Recording data,BOARD3: ASIC5/ASIC6; unconfirmed physical identity,unassigned,unassigned,YES: provisional net assignment in native schematic and PCB,PROVISIONAL FPGA assignment; routing/timing/electrical qualification incomplete,"1.5 V single-ended digital assumption; direction from baseline, electrical limits/timing/polarity/startup still require approval.",fpga_candidate
ASIC5_DATA5,J6,5,J6.5,T1,U1.T1,34,1.5,LVCMOS15 ASSUMED; not approved,Input,IO_L17N_T2_34,ordinary GPIO,,Recording data,BOARD3: ASIC5/ASIC6; unconfirmed physical identity,unassigned,unassigned,YES: provisional net assignment in native schematic and PCB,PROVISIONAL FPGA assignment; routing/timing/electrical qualification incomplete,"1.5 V single-ended digital assumption; direction from baseline, electrical limits/timing/polarity/startup still require approval.",fpga_candidate
ASIC5_DATA6,J6,6,J6.6,R2,U1.R2,34,1.5,LVCMOS15 ASSUMED; not approved,Input,IO_L15N_T2_DQS_34,ordinary GPIO,,Recording data,BOARD3: ASIC5/ASIC6; unconfirmed physical identity,unassigned,unassigned,YES: provisional net assignment in native schematic and PCB,PROVISIONAL FPGA assignment; routing/timing/electrical qualification incomplete,"1.5 V single-ended digital assumption; direction from baseline, electrical limits/timing/polarity/startup still require approval.",fpga_candidate
ASIC5_DATA7,J6,7,J6.7,V2,U1.V2,34,1.5,LVCMOS15 ASSUMED; not approved,Input,IO_L9N_T1_DQS_34,ordinary GPIO,,Recording data,BOARD3: ASIC5/ASIC6; unconfirmed physical identity,unassigned,unassigned,YES: provisional net assignment in native schematic and PCB,PROVISIONAL FPGA assignment; routing/timing/electrical qualification incomplete,"1.5 V single-ended digital assumption; direction from baseline, electrical limits/timing/polarity/startup still require approval.",fpga_candidate
ASIC5_DATA8,J6,8,J6.8,U3,U1.U3,34,1.5,LVCMOS15 ASSUMED; not approved,Input,IO_L8N_T1_34,ordinary GPIO,,Recording data,BOARD3: ASIC5/ASIC6; unconfirmed physical identity,unassigned,unassigned,YES: provisional net assignment in native schematic and PCB,PROVISIONAL FPGA assignment; routing/timing/electrical qualification incomplete,"1.5 V single-ended digital assumption; direction from baseline, electrical limits/timing/polarity/startup still require approval.",fpga_candidate
ASIC5_CLK32MHz_Out,J6,9,J6.9,R3,U1.R3,34,1.5,LVCMOS15 ASSUMED; not approved,Input,IO_L11P_T1_SRCC_34,SRCC,T3,Recording timing,BOARD3: ASIC5/ASIC6; unconfirmed physical identity,unassigned,unassigned,YES: provisional net assignment in native schematic and PCB,PROVISIONAL FPGA assignment; routing/timing/electrical qualification incomplete,"Chosen working architecture: eight independent clocks RETURNED by eight ASICs, captured on falling edge. Clock direction/frequency/timing and Vivado clock-region feasibility still need implementation validation.",fpga_candidate
ASIC5_READ,J6,10,J6.10,V4,U1.V4,34,1.5,LVCMOS15 ASSUMED; not approved,Input,IO_L10N_T1_34,ordinary GPIO,,Recording timing,BOARD3: ASIC5/ASIC6; unconfirmed physical identity,unassigned,unassigned,YES: provisional net assignment in native schematic and PCB,PROVISIONAL FPGA assignment; routing/timing/electrical qualification incomplete,"1.5 V single-ended digital assumption; direction from baseline, electrical limits/timing/polarity/startup still require approval.",fpga_candidate
ASIC5_SYNC,J6,11,J6.11,P2,U1.P2,34,1.5,LVCMOS15 ASSUMED; not approved,Input,IO_L15P_T2_DQS_34,ordinary GPIO,,Recording timing,BOARD3: ASIC5/ASIC6; unconfirmed physical identity,unassigned,unassigned,YES: provisional net assignment in native schematic and PCB,PROVISIONAL FPGA assignment; routing/timing/electrical qualification incomplete,"1.5 V single-ended digital assumption; direction from baseline, electrical limits/timing/polarity/startup still require approval.",fpga_candidate
ASIC6_DATA1,J6,12,J6.12,M2,U1.M2,34,1.5,LVCMOS15 ASSUMED; not approved,Input,IO_L4N_T0_34,ordinary GPIO,,Recording data,BOARD3: ASIC5/ASIC6; unconfirmed physical identity,unassigned,unassigned,YES: provisional net assignment in native schematic and PCB,PROVISIONAL FPGA assignment; routing/timing/electrical qualification incomplete,"1.5 V single-ended digital assumption; direction from baseline, electrical limits/timing/polarity/startup still require approval.",fpga_candidate
ASIC6_DATA2,J6,13,J6.13,N1,U1.N1,34,1.5,LVCMOS15 ASSUMED; not approved,Input,IO_L3N_T0_DQS_34,ordinary GPIO,,Recording data,BOARD3: ASIC5/ASIC6; unconfirmed physical identity,unassigned,unassigned,YES: provisional net assignment in native schematic and PCB,PROVISIONAL FPGA assignment; routing/timing/electrical qualification incomplete,"1.5 V single-ended digital assumption; direction from baseline, electrical limits/timing/polarity/startup still require approval.",fpga_candidate
ASIC6_DATA3,J6,14,J6.14,M3,U1.M3,34,1.5,LVCMOS15 ASSUMED; not approved,Input,IO_L4P_T0_34,ordinary GPIO,,Recording data,BOARD3: ASIC5/ASIC6; unconfirmed physical identity,unassigned,unassigned,YES: provisional net assignment in native schematic and PCB,PROVISIONAL FPGA assignment; routing/timing/electrical qualification incomplete,"1.5 V single-ended digital assumption; direction from baseline, electrical limits/timing/polarity/startup still require approval.",fpga_candidate
ASIC6_DATA4,J6,15,J6.15,M1,U1.M1,34,1.5,LVCMOS15 ASSUMED; not approved,Input,IO_L1N_T0_34,ordinary GPIO,,Recording data,BOARD3: ASIC5/ASIC6; unconfirmed physical identity,unassigned,unassigned,YES: provisional net assignment in native schematic and PCB,PROVISIONAL FPGA assignment; routing/timing/electrical qualification incomplete,"1.5 V single-ended digital assumption; direction from baseline, electrical limits/timing/polarity/startup still require approval.",fpga_candidate
ASIC6_DATA5,J6,16,J6.16,K3,U1.K3,34,1.5,LVCMOS15 ASSUMED; not approved,Input,IO_L2P_T0_34,ordinary GPIO,,Recording data,BOARD3: ASIC5/ASIC6; unconfirmed physical identity,unassigned,unassigned,YES: provisional net assignment in native schematic and PCB,PROVISIONAL FPGA assignment; routing/timing/electrical qualification incomplete,"1.5 V single-ended digital assumption; direction from baseline, electrical limits/timing/polarity/startup still require approval.",fpga_candidate
ASIC6_DATA6,J6,17,J6.17,L1,U1.L1,34,1.5,LVCMOS15 ASSUMED; not approved,Input,IO_L1P_T0_34,ordinary GPIO,,Recording data,BOARD3: ASIC5/ASIC6; unconfirmed physical identity,unassigned,unassigned,YES: provisional net assignment in native schematic and PCB,PROVISIONAL FPGA assignment; routing/timing/electrical qualification incomplete,"1.5 V single-ended digital assumption; direction from baseline, electrical limits/timing/polarity/startup still require approval.",fpga_candidate
ASIC6_DATA7,J6,18,J6.18,N4,U1.N4,34,1.5,LVCMOS15 ASSUMED; not approved,Input,IO_L16N_T2_34,ordinary GPIO,,Recording data,BOARD3: ASIC5/ASIC6; unconfirmed physical identity,unassigned,unassigned,YES: provisional net assignment in native schematic and PCB,PROVISIONAL FPGA assignment; routing/timing/electrical qualification incomplete,"1.5 V single-ended digital assumption; direction from baseline, electrical limits/timing/polarity/startup still require approval.",fpga_candidate
ASIC6_DATA8,J6,19,J6.19,N2,U1.N2,34,1.5,LVCMOS15 ASSUMED; not approved,Input,IO_L3P_T0_DQS_34,ordinary GPIO,,Recording data,BOARD3: ASIC5/ASIC6; unconfirmed physical identity,unassigned,unassigned,YES: provisional net assignment in native schematic and PCB,PROVISIONAL FPGA assignment; routing/timing/electrical qualification incomplete,"1.5 V single-ended digital assumption; direction from baseline, electrical limits/timing/polarity/startup still require approval.",fpga_candidate
ASIC6_CLK32MHz_Out,J6,20,J6.20,P4,U1.P4,34,1.5,LVCMOS15 ASSUMED; not approved,Input,IO_L14P_T2_SRCC_34,SRCC,P3,Recording timing,BOARD3: ASIC5/ASIC6; unconfirmed physical identity,unassigned,unassigned,YES: provisional net assignment in native schematic and PCB,PROVISIONAL FPGA assignment; routing/timing/electrical qualification incomplete,"Chosen working architecture: eight independent clocks RETURNED by eight ASICs, captured on falling edge. Clock direction/frequency/timing and Vivado clock-region feasibility still need implementation validation.",fpga_candidate
ASIC6_READ,J6,21,J6.21,L3,U1.L3,34,1.5,LVCMOS15 ASSUMED; not approved,Input,IO_L2N_T0_34,ordinary GPIO,,Recording timing,BOARD3: ASIC5/ASIC6; unconfirmed physical identity,unassigned,unassigned,YES: provisional net assignment in native schematic and PCB,PROVISIONAL FPGA assignment; routing/timing/electrical qualification incomplete,"1.5 V single-ended digital assumption; direction from baseline, electrical limits/timing/polarity/startup still require approval.",fpga_candidate
ASIC6_SYNC,J6,22,J6.22,R6,U1.R6,34,1.5,LVCMOS15 ASSUMED; not approved,Input,IO_L19P_T3_34,ordinary GPIO,,Recording timing,BOARD3: ASIC5/ASIC6; unconfirmed physical identity,unassigned,unassigned,YES: provisional net assignment in native schematic and PCB,PROVISIONAL FPGA assignment; routing/timing/electrical qualification incomplete,"1.5 V single-ended digital assumption; direction from baseline, electrical limits/timing/polarity/startup still require approval.",fpga_candidate
ASIC7_DATA1,J6,23,J6.23,U4,U1.U4,34,1.5,LVCMOS15 ASSUMED; not approved,Input,IO_L8P_T1_34,ordinary GPIO,,Recording data,BOARD4: ASIC7/ASIC8; unconfirmed physical identity,unassigned,unassigned,YES: provisional net assignment in native schematic and PCB,PROVISIONAL FPGA assignment; routing/timing/electrical qualification incomplete,"1.5 V single-ended digital assumption; direction from baseline, electrical limits/timing/polarity/startup still require approval.",fpga_candidate
ASIC7_DATA2,J6,24,J6.24,V7,U1.V7,34,1.5,LVCMOS15 ASSUMED; not approved,Input,IO_L20P_T3_34,ordinary GPIO,,Recording data,BOARD4: ASIC7/ASIC8; unconfirmed physical identity,unassigned,unassigned,YES: provisional net assignment in native schematic and PCB,PROVISIONAL FPGA assignment; routing/timing/electrical qualification incomplete,"1.5 V single-ended digital assumption; direction from baseline, electrical limits/timing/polarity/startup still require approval.",fpga_candidate
ASIC7_DATA3,J6,25,J6.25,V5,U1.V5,34,1.5,LVCMOS15 ASSUMED; not approved,Input,IO_L10P_T1_34,ordinary GPIO,,Recording data,BOARD4: ASIC7/ASIC8; unconfirmed physical identity,unassigned,unassigned,YES: provisional net assignment in native schematic and PCB,PROVISIONAL FPGA assignment; routing/timing/electrical qualification incomplete,"1.5 V single-ended digital assumption; direction from baseline, electrical limits/timing/polarity/startup still require approval.",fpga_candidate
ASIC7_DATA4,J6,26,J6.26,U7,U1.U7,34,1.5,LVCMOS15 ASSUMED; not approved,Input,IO_L22P_T3_34,ordinary GPIO,,Recording data,BOARD4: ASIC7/ASIC8; unconfirmed physical identity,unassigned,unassigned,YES: provisional net assignment in native schematic and PCB,PROVISIONAL FPGA assignment; routing/timing/electrical qualification incomplete,"1.5 V single-ended digital assumption; direction from baseline, electrical limits/timing/polarity/startup still require approval.",fpga_candidate
ASIC7_DATA5,J6,27,J6.27,V6,U1.V6,34,1.5,LVCMOS15 ASSUMED; not approved,Input,IO_L20N_T3_34,ordinary GPIO,,Recording data,BOARD4: ASIC7/ASIC8; unconfirmed physical identity,unassigned,unassigned,YES: provisional net assignment in native schematic and PCB,PROVISIONAL FPGA assignment; routing/timing/electrical qualification incomplete,"1.5 V single-ended digital assumption; direction from baseline, electrical limits/timing/polarity/startup still require approval.",fpga_candidate
ASIC7_DATA6,J6,28,J6.28,U8,U1.U8,34,1.5,LVCMOS15 ASSUMED; not approved,Input,IO_25_34,ordinary GPIO,,Recording data,BOARD4: ASIC7/ASIC8; unconfirmed physical identity,unassigned,unassigned,YES: provisional net assignment in native schematic and PCB,PROVISIONAL FPGA assignment; routing/timing/electrical qualification incomplete,"1.5 V single-ended digital assumption; direction from baseline, electrical limits/timing/polarity/startup still require approval.",fpga_candidate
ASIC7_DATA7,J6,29,J6.29,U6,U1.U6,34,1.5,LVCMOS15 ASSUMED; not approved,Input,IO_L22N_T3_34,ordinary GPIO,,Recording data,BOARD4: ASIC7/ASIC8; unconfirmed physical identity,unassigned,unassigned,YES: provisional net assignment in native schematic and PCB,PROVISIONAL FPGA assignment; routing/timing/electrical qualification incomplete,"1.5 V single-ended digital assumption; direction from baseline, electrical limits/timing/polarity/startup still require approval.",fpga_candidate
ASIC7_DATA8,J6,30,J6.30,V9,U1.V9,34,1.5,LVCMOS15 ASSUMED; not approved,Input,IO_L21N_T3_DQS_34,ordinary GPIO,,Recording data,BOARD4: ASIC7/ASIC8; unconfirmed physical identity,unassigned,unassigned,YES: provisional net assignment in native schematic and PCB,PROVISIONAL FPGA assignment; routing/timing/electrical qualification incomplete,"1.5 V single-ended digital assumption; direction from baseline, electrical limits/timing/polarity/startup still require approval.",fpga_candidate
ASIC7_CLK32MHz_Out,J6,31,J6.31,T5,U1.T5,34,1.5,LVCMOS15 ASSUMED; not approved,Input,IO_L12P_T1_MRCC_34,MRCC,T4,Recording timing,BOARD4: ASIC7/ASIC8; unconfirmed physical identity,unassigned,unassigned,YES: provisional net assignment in native schematic and PCB,PROVISIONAL FPGA assignment; routing/timing/electrical qualification incomplete,"Chosen working architecture: eight independent clocks RETURNED by eight ASICs, captured on falling edge. Clock direction/frequency/timing and Vivado clock-region feasibility still need implementation validation.",fpga_candidate
ASIC7_READ,J6,32,J6.32,U9,U1.U9,34,1.5,LVCMOS15 ASSUMED; not approved,Input,IO_L21P_T3_DQS_34,ordinary GPIO,,Recording timing,BOARD4: ASIC7/ASIC8; unconfirmed physical identity,unassigned,unassigned,YES: provisional net assignment in native schematic and PCB,PROVISIONAL FPGA assignment; routing/timing/electrical qualification incomplete,"1.5 V single-ended digital assumption; direction from baseline, electrical limits/timing/polarity/startup still require approval.",fpga_candidate
ASIC7_SYNC,J6,33,J6.33,T6,U1.T6,34,1.5,LVCMOS15 ASSUMED; not approved,Input,IO_L23N_T3_34,ordinary GPIO,,Recording timing,BOARD4: ASIC7/ASIC8; unconfirmed physical identity,unassigned,unassigned,YES: provisional net assignment in native schematic and PCB,PROVISIONAL FPGA assignment; routing/timing/electrical qualification incomplete,"1.5 V single-ended digital assumption; direction from baseline, electrical limits/timing/polarity/startup still require approval.",fpga_candidate
ASIC8_DATA1,J6,34,J6.34,M6,U1.M6,34,1.5,LVCMOS15 ASSUMED; not approved,Input,IO_L18P_T2_34,ordinary GPIO,,Recording data,BOARD4: ASIC7/ASIC8; unconfirmed physical identity,unassigned,unassigned,YES: provisional net assignment in native schematic and PCB,PROVISIONAL FPGA assignment; routing/timing/electrical qualification incomplete,"1.5 V single-ended digital assumption; direction from baseline, electrical limits/timing/polarity/startup still require approval.",fpga_candidate
ASIC8_DATA2,J6,35,J6.35,M4,U1.M4,34,1.5,LVCMOS15 ASSUMED; not approved,Input,IO_L16P_T2_34,ordinary GPIO,,Recording data,BOARD4: ASIC7/ASIC8; unconfirmed physical identity,unassigned,unassigned,YES: provisional net assignment in native schematic and PCB,PROVISIONAL FPGA assignment; routing/timing/electrical qualification incomplete,"1.5 V single-ended digital assumption; direction from baseline, electrical limits/timing/polarity/startup still require approval.",fpga_candidate
ASIC8_DATA3,J6,36,J6.36,R8,U1.R8,34,1.5,LVCMOS15 ASSUMED; not approved,Input,IO_L24P_T3_34,ordinary GPIO,,Recording data,BOARD4: ASIC7/ASIC8; unconfirmed physical identity,unassigned,unassigned,YES: provisional net assignment in native schematic and PCB,PROVISIONAL FPGA assignment; routing/timing/electrical qualification incomplete,"1.5 V single-ended digital assumption; direction from baseline, electrical limits/timing/polarity/startup still require approval.",fpga_candidate
ASIC8_DATA4,J6,37,J6.37,L4,U1.L4,34,1.5,LVCMOS15 ASSUMED; not approved,Input,IO_L5N_T0_34,ordinary GPIO,,Recording data,BOARD4: ASIC7/ASIC8; unconfirmed physical identity,unassigned,unassigned,YES: provisional net assignment in native schematic and PCB,PROVISIONAL FPGA assignment; routing/timing/electrical qualification incomplete,"1.5 V single-ended digital assumption; direction from baseline, electrical limits/timing/polarity/startup still require approval.",fpga_candidate
ASIC8_DATA5,J6,38,J6.38,K5,U1.K5,34,1.5,LVCMOS15 ASSUMED; not approved,Input,IO_L5P_T0_34,ordinary GPIO,,Recording data,BOARD4: ASIC7/ASIC8; unconfirmed physical identity,unassigned,unassigned,YES: provisional net assignment in native schematic and PCB,PROVISIONAL FPGA assignment; routing/timing/electrical qualification incomplete,"1.5 V single-ended digital assumption; direction from baseline, electrical limits/timing/polarity/startup still require approval.",fpga_candidate
ASIC8_DATA6,J6,39,J6.39,R7,U1.R7,34,1.5,LVCMOS15 ASSUMED; not approved,Input,IO_L23P_T3_34,ordinary GPIO,,Recording data,BOARD4: ASIC7/ASIC8; unconfirmed physical identity,unassigned,unassigned,YES: provisional net assignment in native schematic and PCB,PROVISIONAL FPGA assignment; routing/timing/electrical qualification incomplete,"1.5 V single-ended digital assumption; direction from baseline, electrical limits/timing/polarity/startup still require approval.",fpga_candidate
ASIC8_DATA7,J6,40,J6.40,L6,U1.L6,34,1.5,LVCMOS15 ASSUMED; not approved,Input,IO_L6P_T0_34,ordinary GPIO,,Recording data,BOARD4: ASIC7/ASIC8; unconfirmed physical identity,unassigned,unassigned,YES: provisional net assignment in native schematic and PCB,PROVISIONAL FPGA assignment; routing/timing/electrical qualification incomplete,"1.5 V single-ended digital assumption; direction from baseline, electrical limits/timing/polarity/startup still require approval.",fpga_candidate
ASIC8_DATA8,J6,41,J6.41,N6,U1.N6,34,1.5,LVCMOS15 ASSUMED; not approved,Input,IO_L18N_T2_34,ordinary GPIO,,Recording data,BOARD4: ASIC7/ASIC8; unconfirmed physical identity,unassigned,unassigned,YES: provisional net assignment in native schematic and PCB,PROVISIONAL FPGA assignment; routing/timing/electrical qualification incomplete,"1.5 V single-ended digital assumption; direction from baseline, electrical limits/timing/polarity/startup still require approval.",fpga_candidate
ASIC8_CLK32MHz_Out,J6,42,J6.42,N5,U1.N5,34,1.5,LVCMOS15 ASSUMED; not approved,Input,IO_L13P_T2_MRCC_34,MRCC,P5,Recording timing,BOARD4: ASIC7/ASIC8; unconfirmed physical identity,unassigned,unassigned,YES: provisional net assignment in native schematic and PCB,PROVISIONAL FPGA assignment; routing/timing/electrical qualification incomplete,"Chosen working architecture: eight independent clocks RETURNED by eight ASICs, captured on falling edge. Clock direction/frequency/timing and Vivado clock-region feasibility still need implementation validation.",fpga_candidate
ASIC8_READ,J6,43,J6.43,T8,U1.T8,34,1.5,LVCMOS15 ASSUMED; not approved,Input,IO_L24N_T3_34,ordinary GPIO,,Recording timing,BOARD4: ASIC7/ASIC8; unconfirmed physical identity,unassigned,unassigned,YES: provisional net assignment in native schematic and PCB,PROVISIONAL FPGA assignment; routing/timing/electrical qualification incomplete,"1.5 V single-ended digital assumption; direction from baseline, electrical limits/timing/polarity/startup still require approval.",fpga_candidate
ASIC8_SYNC,J6,44,J6.44,K6,U1.K6,34,1.5,LVCMOS15 ASSUMED; not approved,Input,IO_0_34,ordinary GPIO,,Recording timing,BOARD4: ASIC7/ASIC8; unconfirmed physical identity,unassigned,unassigned,YES: provisional net assignment in native schematic and PCB,PROVISIONAL FPGA assignment; routing/timing/electrical qualification incomplete,"1.5 V single-ended digital assumption; direction from baseline, electrical limits/timing/polarity/startup still require approval.",fpga_candidate
CHIP_RESET_SHARED,J5,45,J5.45,D12,U1.D12,15,1.5,LVCMOS15 ASSUMED; not approved,Output,IO_L6P_T0_15,ordinary GPIO,,Shared control,One shared net across applicable ASICs,unassigned,unassigned,YES: provisional net assignment in native schematic and PCB,PROVISIONAL FPGA assignment; routing/timing/electrical qualification incomplete,"1.5 V single-ended digital assumption; direction from baseline, electrical limits/timing/polarity/startup still require approval.",fpga_candidate
AC_IN_SHARED,J5,46,J5.46,,,,,,No FPGA connection; analog source on routing/ASIC board chosen,,,,Shared control,One shared net across applicable ASICs,,unassigned,J5.46 only: AC_IN_ANALOG_RESERVED; U1.A13 explicit NC,"ANALOG0-1.5V: routing/ASIC-side generation chosen, circuit not designed",User relayed Gerald confirmation: AC_IN is analog0-1.5V. Minimum FPGA-board architecture puts analog generation on routing/ASIC board. No FPGA GPIO or invented DAC. J5.46 reserved; U1.A13 NC.,analog_external_reserved
IMP_TST_SHARED,J5,47,J5.47,B11,U1.B11,15,1.5,LVCMOS15 ASSUMED; not approved,Output ASSUMED;0/1.5V digital test control,IO_L4P_T0_15,ordinary GPIO,,Shared control,One shared net across applicable ASICs,unassigned,unassigned,YES: provisional net assignment in native schematic and PCB,PROVISIONAL FPGA assignment; routing/timing/electrical qualification incomplete,"User delegated best judgment: assume0/1.5V digital test control. Polarity, safe inactive state and drive/load limits remain unverified. No active RTL or analog-drive claim.",fpga_candidate
FE_RESET_SHARED,J5,48,J5.48,B14,U1.B14,15,1.5,LVCMOS15 ASSUMED; not approved,Output,IO_L2N_T0_AD8N_15,ordinary GPIO,,Shared control,One shared net across applicable ASICs,unassigned,unassigned,YES: provisional net assignment in native schematic and PCB,PROVISIONAL FPGA assignment; routing/timing/electrical qualification incomplete,"1.5 V single-ended digital assumption; direction from baseline, electrical limits/timing/polarity/startup still require approval.",fpga_candidate
SPI_LATCH_SHARED,J5,49,J5.49,A11,U1.A11,15,1.5,LVCMOS15 ASSUMED; not approved,Output,IO_L4N_T0_15,ordinary GPIO,,Shared control,One shared net across applicable ASICs,unassigned,unassigned,YES: provisional net assignment in native schematic and PCB,PROVISIONAL FPGA assignment; routing/timing/electrical qualification incomplete,"1.5 V single-ended digital assumption; direction from baseline, electrical limits/timing/polarity/startup still require approval.",fpga_candidate
STIM_CLK_SHARED,J5,50,J5.50,C16,U1.C16,15,1.5,LVCMOS15 ASSUMED; not approved,Output,IO_L20P_T3_A20_15,ordinary GPIO,,Shared control,One shared net across applicable ASICs,unassigned,unassigned,YES: provisional net assignment in native schematic and PCB,PROVISIONAL FPGA assignment; routing/timing/electrical qualification incomplete,"1.5 V single-ended digital assumption; direction from baseline, electrical limits/timing/polarity/startup still require approval.",fpga_candidate
STIM_START_SHARED,J5,51,J5.51,C12,U1.C12,15,1.5,LVCMOS15 ASSUMED; not approved,Output,IO_L3P_T0_DQS_AD1P_15,ordinary GPIO,,Shared control,One shared net across applicable ASICs,unassigned,unassigned,YES: provisional net assignment in native schematic and PCB,PROVISIONAL FPGA assignment; routing/timing/electrical qualification incomplete,"1.5 V single-ended digital assumption; direction from baseline, electrical limits/timing/polarity/startup still require approval.",fpga_candidate
STIM_EN_SHARED,J5,52,J5.52,A15,U1.A15,15,1.5,LVCMOS15 ASSUMED; not approved,Output,IO_L8P_T1_AD10P_15,ordinary GPIO,,Shared control,One shared net across applicable ASICs,unassigned,unassigned,YES: provisional net assignment in native schematic and PCB,PROVISIONAL FPGA assignment; routing/timing/electrical qualification incomplete,"1.5 V single-ended digital assumption; direction from baseline, electrical limits/timing/polarity/startup still require approval.",fpga_candidate
STIM_CHB_SHARED,J5,53,J5.53,B12,U1.B12,15,1.5,LVCMOS15 ASSUMED; not approved,Output,IO_L3N_T0_DQS_AD1N_15,ordinary GPIO,,Shared control,One shared net across applicable ASICs,unassigned,unassigned,YES: provisional net assignment in native schematic and PCB,PROVISIONAL FPGA assignment; routing/timing/electrical qualification incomplete,"1.5 V single-ended digital assumption; direction from baseline, electrical limits/timing/polarity/startup still require approval.",fpga_candidate
BOARD1_CLK,J5,54,J5.54,B16,U1.B16,15,1.5,LVCMOS15 ASSUMED; not approved,Output,IO_L7P_T1_AD2P_15,ordinary GPIO,,Board recording clock,One output for board slot 1,unassigned,unassigned,YES: provisional net assignment in native schematic and PCB,PROVISIONAL FPGA assignment; routing/timing/electrical qualification incomplete,Retain four FPGA-generated board clocks from Gerald original explicit count. Distinct from eight returned ASIC clocks; final startup and frequency must be implemented and validated.,fpga_candidate
BOARD2_CLK,J5,55,J5.55,B13,U1.B13,15,1.5,LVCMOS15 ASSUMED; not approved,Output,IO_L2P_T0_AD8P_15,ordinary GPIO,,Board recording clock,One output for board slot 2,unassigned,unassigned,YES: provisional net assignment in native schematic and PCB,PROVISIONAL FPGA assignment; routing/timing/electrical qualification incomplete,Retain four FPGA-generated board clocks from Gerald original explicit count. Distinct from eight returned ASIC clocks; final startup and frequency must be implemented and validated.,fpga_candidate
BOARD3_CLK,J5,56,J5.56,A16,U1.A16,15,1.5,LVCMOS15 ASSUMED; not approved,Output,IO_L8N_T1_AD10N_15,ordinary GPIO,,Board recording clock,One output for board slot 3,unassigned,unassigned,YES: provisional net assignment in native schematic and PCB,PROVISIONAL FPGA assignment; routing/timing/electrical qualification incomplete,Retain four FPGA-generated board clocks from Gerald original explicit count. Distinct from eight returned ASIC clocks; final startup and frequency must be implemented and validated.,fpga_candidate
BOARD4_CLK,J5,57,J5.57,C14,U1.C14,15,1.5,LVCMOS15 ASSUMED; not approved,Output,IO_L1N_T0_AD0N_15,ordinary GPIO,,Board recording clock,One output for board slot 4,unassigned,unassigned,YES: provisional net assignment in native schematic and PCB,PROVISIONAL FPGA assignment; routing/timing/electrical qualification incomplete,Retain four FPGA-generated board clocks from Gerald original explicit count. Distinct from eight returned ASIC clocks; final startup and frequency must be implemented and validated.,fpga_candidate
STIM_CHIP1_SPI_DL,J6,46,J6.46,J14,U1.J14,15,1.5,LVCMOS15 ASSUMED; not approved,Output,IO_L19P_T3_A22_15,ordinary GPIO,,Stimulation-chip programming,Stimulating ASIC slot 1; independent,unassigned,unassigned,YES: provisional net assignment in native schematic and PCB,PROVISIONAL FPGA assignment; routing/timing/electrical qualification incomplete,"1.5 V single-ended digital assumption; direction from baseline, electrical limits/timing/polarity/startup still require approval.",fpga_candidate
STIM_CHIP1_SPI_DR,J6,47,J6.47,J13,U1.J13,15,1.5,LVCMOS15 ASSUMED; not approved,Output,IO_L17N_T2_A25_15,ordinary GPIO,,Stimulation-chip programming,Stimulating ASIC slot 1; independent,unassigned,unassigned,YES: provisional net assignment in native schematic and PCB,PROVISIONAL FPGA assignment; routing/timing/electrical qualification incomplete,"1.5 V single-ended digital assumption; direction from baseline, electrical limits/timing/polarity/startup still require approval.",fpga_candidate
STIM_CHIP2_SPI_DL,J6,48,J6.48,G14,U1.G14,15,1.5,LVCMOS15 ASSUMED; not approved,Output,IO_L15N_T2_DQS_ADV_B_15,ordinary GPIO,,Stimulation-chip programming,Stimulating ASIC slot 2; independent,unassigned,unassigned,YES: provisional net assignment in native schematic and PCB,PROVISIONAL FPGA assignment; routing/timing/electrical qualification incomplete,"1.5 V single-ended digital assumption; direction from baseline, electrical limits/timing/polarity/startup still require approval.",fpga_candidate
STIM_CHIP2_SPI_DR,J6,49,J6.49,H14,U1.H14,15,1.5,LVCMOS15 ASSUMED; not approved,Output,IO_L15P_T2_DQS_15,ordinary GPIO,,Stimulation-chip programming,Stimulating ASIC slot 2; independent,unassigned,unassigned,YES: provisional net assignment in native schematic and PCB,PROVISIONAL FPGA assignment; routing/timing/electrical qualification incomplete,"1.5 V single-ended digital assumption; direction from baseline, electrical limits/timing/polarity/startup still require approval.",fpga_candidate
STIM_CHIP3_SPI_DL,J6,50,J6.50,J15,U1.J15,15,1.5,LVCMOS15 ASSUMED; not approved,Output,IO_L24N_T3_RS0_15,ordinary GPIO,,Stimulation-chip programming,Stimulating ASIC slot 3; independent,unassigned,unassigned,YES: provisional net assignment in native schematic and PCB,PROVISIONAL FPGA assignment; routing/timing/electrical qualification incomplete,"1.5 V single-ended digital assumption; direction from baseline, electrical limits/timing/polarity/startup still require approval.",fpga_candidate
STIM_CHIP3_SPI_DR,J6,51,J6.51,K15,U1.K15,15,1.5,LVCMOS15 ASSUMED; not approved,Output,IO_L24P_T3_RS1_15,ordinary GPIO,,Stimulation-chip programming,Stimulating ASIC slot 3; independent,unassigned,unassigned,YES: provisional net assignment in native schematic and PCB,PROVISIONAL FPGA assignment; routing/timing/electrical qualification incomplete,"1.5 V single-ended digital assumption; direction from baseline, electrical limits/timing/polarity/startup still require approval.",fpga_candidate
STIM_CHIP4_SPI_DL,J6,52,J6.52,J17,U1.J17,15,1.5,LVCMOS15 ASSUMED; not approved,Output,IO_L23P_T3_FOE_B_15,ordinary GPIO,,Stimulation-chip programming,Stimulating ASIC slot 4; independent,unassigned,unassigned,YES: provisional net assignment in native schematic and PCB,PROVISIONAL FPGA assignment; routing/timing/electrical qualification incomplete,"1.5 V single-ended digital assumption; direction from baseline, electrical limits/timing/polarity/startup still require approval.",fpga_candidate
STIM_CHIP4_SPI_DR,J6,53,J6.53,K16,U1.K16,15,1.5,LVCMOS15 ASSUMED; not approved,Output,IO_25_15,ordinary GPIO,,Stimulation-chip programming,Stimulating ASIC slot 4; independent,unassigned,unassigned,YES: provisional net assignment in native schematic and PCB,PROVISIONAL FPGA assignment; routing/timing/electrical qualification incomplete,"1.5 V single-ended digital assumption; direction from baseline, electrical limits/timing/polarity/startup still require approval.",fpga_candidate
NONSTIM_BOARD1_SPI_DL,J6,54,J6.54,G17,U1.G17,15,1.5,LVCMOS15 ASSUMED; not approved,Output,IO_L18N_T2_A23_15,ordinary GPIO,,Non-stimulation-board programming,Non-stimulating board slot 1; shared within that board,unassigned,unassigned,YES: provisional net assignment in native schematic and PCB,PROVISIONAL FPGA assignment; routing/timing/electrical qualification incomplete,"1.5 V single-ended digital assumption; direction from baseline, electrical limits/timing/polarity/startup still require approval.",fpga_candidate
NONSTIM_BOARD1_SPI_DR,J6,55,J6.55,H17,U1.H17,15,1.5,LVCMOS15 ASSUMED; not approved,Output,IO_L18P_T2_A24_15,ordinary GPIO,,Non-stimulation-board programming,Non-stimulating board slot 1; shared within that board,unassigned,unassigned,YES: provisional net assignment in native schematic and PCB,PROVISIONAL FPGA assignment; routing/timing/electrical qualification incomplete,"1.5 V single-ended digital assumption; direction from baseline, electrical limits/timing/polarity/startup still require approval.",fpga_candidate
NONSTIM_BOARD2_SPI_DL,J6,56,J6.56,J18,U1.J18,15,1.5,LVCMOS15 ASSUMED; not approved,Output,IO_L23N_T3_FWE_B_15,ordinary GPIO,,Non-stimulation-board programming,Non-stimulating board slot 2; shared within that board,unassigned,unassigned,YES: provisional net assignment in native schematic and PCB,PROVISIONAL FPGA assignment; routing/timing/electrical qualification incomplete,"1.5 V single-ended digital assumption; direction from baseline, electrical limits/timing/polarity/startup still require approval.",fpga_candidate
NONSTIM_BOARD2_SPI_DR,J6,57,J6.57,G18,U1.G18,15,1.5,LVCMOS15 ASSUMED; not approved,Output,IO_L22P_T3_A17_15,ordinary GPIO,,Non-stimulation-board programming,Non-stimulating board slot 2; shared within that board,unassigned,unassigned,YES: provisional net assignment in native schematic and PCB,PROVISIONAL FPGA assignment; routing/timing/electrical qualification incomplete,"1.5 V single-ended digital assumption; direction from baseline, electrical limits/timing/polarity/startup still require approval.",fpga_candidate
BOARD1_SPI_CLK,J5,58,J5.58,B17,U1.B17,15,1.5,LVCMOS15 ASSUMED; not approved,Output,IO_L7N_T1_AD2N_15,ordinary GPIO,,Board SPI clock,One output for board slot 1,unassigned,unassigned,YES: provisional net assignment in native schematic and PCB,PROVISIONAL FPGA assignment; routing/timing/electrical qualification incomplete,"1.5 V single-ended digital assumption; direction from baseline, electrical limits/timing/polarity/startup still require approval.",fpga_candidate
BOARD2_SPI_CLK,J5,59,J5.59,A14,U1.A14,15,1.5,LVCMOS15 ASSUMED; not approved,Output,IO_L9N_T1_DQS_AD3N_15,ordinary GPIO,,Board SPI clock,One output for board slot 2,unassigned,unassigned,YES: provisional net assignment in native schematic and PCB,PROVISIONAL FPGA assignment; routing/timing/electrical qualification incomplete,"1.5 V single-ended digital assumption; direction from baseline, electrical limits/timing/polarity/startup still require approval.",fpga_candidate
BOARD3_SPI_CLK,J5,60,J5.60,A18,U1.A18,15,1.5,LVCMOS15 ASSUMED; not approved,Output,IO_L10N_T1_AD11N_15,ordinary GPIO,,Board SPI clock,One output for board slot 3,unassigned,unassigned,YES: provisional net assignment in native schematic and PCB,PROVISIONAL FPGA assignment; routing/timing/electrical qualification incomplete,"1.5 V single-ended digital assumption; direction from baseline, electrical limits/timing/polarity/startup still require approval.",fpga_candidate
BOARD4_SPI_CLK,J6,45,J6.45,K13,U1.K13,15,1.5,LVCMOS15 ASSUMED; not approved,Output,IO_L17P_T2_A26_15,ordinary GPIO,,Board SPI clock,One output for board slot 4,unassigned,unassigned,YES: provisional net assignment in native schematic and PCB,PROVISIONAL FPGA assignment; routing/timing/electrical qualification incomplete,"1.5 V single-ended digital assumption; direction from baseline, electrical limits/timing/polarity/startup still require approval.",fpga_candidate
