reference,pin,function,bank,net,status,physical_pad_records,schematic_net
C1,1,,,LINK_12V,assigned net connected in native DRC,1,LINK_12V
C1,2,,,GND,assigned net connected in native DRC,1,GND
C2,1,,,LINK_12V,assigned net connected in native DRC,1,LINK_12V
C2,2,,,GND,assigned net connected in native DRC,1,GND
C3,1,,,LINK_12V,assigned net connected in native DRC,1,LINK_12V
C3,2,,,GND,assigned net connected in native DRC,1,GND
C4,1,,,LINK_12V,assigned net connected in native DRC,1,LINK_12V
C4,2,,,GND,assigned net connected in native DRC,1,GND
C5,1,,,VCORE_REG_1V025,assigned net connected in native DRC,1,VCORE_REG_1V025
C5,2,,,GND,assigned net connected in native DRC,1,GND
C6,1,,,SS_CORE,assigned net connected in native DRC,1,SS_CORE
C6,2,,,GND,assigned net connected in native DRC,1,GND
C7,1,,,LINK_12V,assigned net connected in native DRC,1,LINK_12V
C7,2,,,GND,assigned net connected in native DRC,1,GND
C8,1,,,LINK_12V,assigned net connected in native DRC,1,LINK_12V
C8,2,,,GND,assigned net connected in native DRC,1,GND
C9,1,,,VAUX_REG_1V803,assigned net connected in native DRC,1,VAUX_REG_1V803
C9,2,,,GND,assigned net connected in native DRC,1,GND
C10,1,,,SS_AUX,assigned net connected in native DRC,1,SS_AUX
C10,2,,,GND,assigned net connected in native DRC,1,GND
C11,1,,,LINK_12V,assigned net connected in native DRC,1,LINK_12V
C11,2,,,GND,assigned net connected in native DRC,1,GND
C12,1,,,LINK_12V,assigned net connected in native DRC,1,LINK_12V
C12,2,,,GND,assigned net connected in native DRC,1,GND
C13,1,,,VCC_LINK_2V5,assigned net connected in native DRC,1,VCC_LINK_2V5
C13,2,,,GND,assigned net connected in native DRC,1,GND
C14,1,,,SS_CFG,assigned net connected in native DRC,1,SS_CFG
C14,2,,,GND,assigned net connected in native DRC,1,GND
C15,1,,,LINK_12V,assigned net connected in native DRC,1,LINK_12V
C15,2,,,GND,assigned net connected in native DRC,1,GND
C16,1,,,LINK_12V,assigned net connected in native DRC,1,LINK_12V
C16,2,,,GND,assigned net connected in native DRC,1,GND
C17,1,,,VCC_ASIC_1V5,assigned net connected in native DRC,1,VCC_ASIC_1V5
C17,2,,,GND,assigned net connected in native DRC,1,GND
C18,1,,,SS_ASIC,assigned net connected in native DRC,1,SS_ASIC
C18,2,,,GND,assigned net connected in native DRC,1,GND
C20,1,,,VCCINT_1V0,assigned net connected in native DRC,1,VCCINT_1V0
C20,2,,,GND,assigned net connected in native DRC,1,GND
C21,1,,,VCCINT_1V0,assigned net connected in native DRC,1,VCCINT_1V0
C21,2,,,GND,assigned net connected in native DRC,1,GND
C22,1,,,VCCINT_1V0,assigned net connected in native DRC,1,VCCINT_1V0
C22,2,,,GND,assigned net connected in native DRC,1,GND
C23,1,,,VCCINT_1V0,assigned net connected in native DRC,1,VCCINT_1V0
C23,2,,,GND,assigned net connected in native DRC,1,GND
C24,1,,,VCCINT_1V0,assigned net connected in native DRC,1,VCCINT_1V0
C24,2,,,GND,assigned net connected in native DRC,1,GND
C25,1,,,VCCINT_1V0,assigned net connected in native DRC,1,VCCINT_1V0
C25,2,,,GND,assigned net connected in native DRC,1,GND
C26,1,,,VCCINT_1V0,assigned net connected in native DRC,1,VCCINT_1V0
C26,2,,,GND,assigned net connected in native DRC,1,GND
C27,1,,,VCCINT_1V0,assigned net connected in native DRC,1,VCCINT_1V0
C27,2,,,GND,assigned net connected in native DRC,1,GND
C28,1,,,VCCINT_1V0,assigned net connected in native DRC,1,VCCINT_1V0
C28,2,,,GND,assigned net connected in native DRC,1,GND
C29,1,,,VCCINT_1V0,assigned net connected in native DRC,1,VCCINT_1V0
C29,2,,,GND,assigned net connected in native DRC,1,GND
C30,1,,,VCCINT_1V0,assigned net connected in native DRC,1,VCCINT_1V0
C30,2,,,GND,assigned net connected in native DRC,1,GND
C31,1,,,VCCINT_1V0,assigned net connected in native DRC,1,VCCINT_1V0
C31,2,,,GND,assigned net connected in native DRC,1,GND
C32,1,,,VCCINT_1V0,assigned net connected in native DRC,1,VCCINT_1V0
C32,2,,,GND,assigned net connected in native DRC,1,GND
C33,1,,,VCCINT_1V0,assigned net connected in native DRC,1,VCCINT_1V0
C33,2,,,GND,assigned net connected in native DRC,1,GND
C34,1,,,VCCINT_1V0,assigned net connected in native DRC,1,VCCINT_1V0
C34,2,,,GND,assigned net connected in native DRC,1,GND
C35,1,,,VCCINT_1V0,assigned net connected in native DRC,1,VCCINT_1V0
C35,2,,,GND,assigned net connected in native DRC,1,GND
C36,1,,,VCCINT_1V0,assigned net connected in native DRC,1,VCCINT_1V0
C36,2,,,GND,assigned net connected in native DRC,1,GND
C37,1,,,VCCINT_1V0,assigned net connected in native DRC,1,VCCINT_1V0
C37,2,,,GND,assigned net connected in native DRC,1,GND
C40,1,,,VCCAUX_1V8,assigned net connected in native DRC,1,VCCAUX_1V8
C40,2,,,GND,assigned net connected in native DRC,1,GND
C41,1,,,VCCAUX_1V8,assigned net connected in native DRC,1,VCCAUX_1V8
C41,2,,,GND,assigned net connected in native DRC,1,GND
C42,1,,,VCCAUX_1V8,assigned net connected in native DRC,1,VCCAUX_1V8
C42,2,,,GND,assigned net connected in native DRC,1,GND
C43,1,,,VCCAUX_1V8,assigned net connected in native DRC,1,VCCAUX_1V8
C43,2,,,GND,assigned net connected in native DRC,1,GND
C44,1,,,VCCAUX_1V8,assigned net connected in native DRC,1,VCCAUX_1V8
C44,2,,,GND,assigned net connected in native DRC,1,GND
C45,1,,,VCCAUX_1V8,assigned net connected in native DRC,1,VCCAUX_1V8
C45,2,,,GND,assigned net connected in native DRC,1,GND
C46,1,,,VCCAUX_1V8,assigned net connected in native DRC,1,VCCAUX_1V8
C46,2,,,GND,assigned net connected in native DRC,1,GND
C50,1,,,VCCAUX_1V8,assigned net connected in native DRC,1,VCCAUX_1V8
C50,2,,,GND,assigned net connected in native DRC,1,GND
C51,1,,,VCCAUX_1V8,assigned net connected in native DRC,1,VCCAUX_1V8
C51,2,,,GND,assigned net connected in native DRC,1,GND
C52,1,,,VCCAUX_1V8,assigned net connected in native DRC,1,VCCAUX_1V8
C52,2,,,GND,assigned net connected in native DRC,1,GND
C53,1,,,VCCAUX_1V8,assigned net connected in native DRC,1,VCCAUX_1V8
C53,2,,,GND,assigned net connected in native DRC,1,GND
C54,1,,,VCCAUX_1V8,assigned net connected in native DRC,1,VCCAUX_1V8
C54,2,,,GND,assigned net connected in native DRC,1,GND
C55,1,,,VCCAUX_1V8,assigned net connected in native DRC,1,VCCAUX_1V8
C55,2,,,GND,assigned net connected in native DRC,1,GND
C56,1,,,VCCAUX_1V8,assigned net connected in native DRC,1,VCCAUX_1V8
C56,2,,,GND,assigned net connected in native DRC,1,GND
C57,1,,,VCC_LINK_2V5,assigned net connected in native DRC,1,VCC_LINK_2V5
C57,2,,,GND,assigned net connected in native DRC,1,GND
C58,1,,,VCC_LINK_2V5,assigned net connected in native DRC,1,VCC_LINK_2V5
C58,2,,,GND,assigned net connected in native DRC,1,GND
C59,1,,,VCC_LINK_2V5,assigned net connected in native DRC,1,VCC_LINK_2V5
C59,2,,,GND,assigned net connected in native DRC,1,GND
C60,1,,,VCC_LINK_2V5,assigned net connected in native DRC,1,VCC_LINK_2V5
C60,2,,,GND,assigned net connected in native DRC,1,GND
C61,1,,,VCC_LINK_2V5,assigned net connected in native DRC,1,VCC_LINK_2V5
C61,2,,,GND,assigned net connected in native DRC,1,GND
C62,1,,,VCC_LINK_2V5,assigned net connected in native DRC,1,VCC_LINK_2V5
C62,2,,,GND,assigned net connected in native DRC,1,GND
C63,1,,,VCC_LINK_2V5,assigned net connected in native DRC,1,VCC_LINK_2V5
C63,2,,,GND,assigned net connected in native DRC,1,GND
C64,1,,,VCC_ASIC_1V5,assigned net connected in native DRC,1,VCC_ASIC_1V5
C64,2,,,GND,assigned net connected in native DRC,1,GND
C65,1,,,VCC_ASIC_1V5,assigned net connected in native DRC,1,VCC_ASIC_1V5
C65,2,,,GND,assigned net connected in native DRC,1,GND
C66,1,,,VCC_ASIC_1V5,assigned net connected in native DRC,1,VCC_ASIC_1V5
C66,2,,,GND,assigned net connected in native DRC,1,GND
C67,1,,,VCC_ASIC_1V5,assigned net connected in native DRC,1,VCC_ASIC_1V5
C67,2,,,GND,assigned net connected in native DRC,1,GND
C68,1,,,VCC_ASIC_1V5,assigned net connected in native DRC,1,VCC_ASIC_1V5
C68,2,,,GND,assigned net connected in native DRC,1,GND
C69,1,,,VCC_ASIC_1V5,assigned net connected in native DRC,1,VCC_ASIC_1V5
C69,2,,,GND,assigned net connected in native DRC,1,GND
C70,1,,,VCC_ASIC_1V5,assigned net connected in native DRC,1,VCC_ASIC_1V5
C70,2,,,GND,assigned net connected in native DRC,1,GND
C71,1,,,VCC_ASIC_1V5,assigned net connected in native DRC,1,VCC_ASIC_1V5
C71,2,,,GND,assigned net connected in native DRC,1,GND
C72,1,,,VCC_ASIC_1V5,assigned net connected in native DRC,1,VCC_ASIC_1V5
C72,2,,,GND,assigned net connected in native DRC,1,GND
C73,1,,,VCC_ASIC_1V5,assigned net connected in native DRC,1,VCC_ASIC_1V5
C73,2,,,GND,assigned net connected in native DRC,1,GND
C74,1,,,VCC_ASIC_1V5,assigned net connected in native DRC,1,VCC_ASIC_1V5
C74,2,,,GND,assigned net connected in native DRC,1,GND
C75,1,,,VCC_ASIC_1V5,assigned net connected in native DRC,1,VCC_ASIC_1V5
C75,2,,,GND,assigned net connected in native DRC,1,GND
C76,1,,,VCC_ASIC_1V5,assigned net connected in native DRC,1,VCC_ASIC_1V5
C76,2,,,GND,assigned net connected in native DRC,1,GND
C77,1,,,VCC_ASIC_1V5,assigned net connected in native DRC,1,VCC_ASIC_1V5
C77,2,,,GND,assigned net connected in native DRC,1,GND
C78,1,,,VCC_ASIC_1V5,assigned net connected in native DRC,1,VCC_ASIC_1V5
C78,2,,,GND,assigned net connected in native DRC,1,GND
C79,1,,,VCC_ASIC_1V5,assigned net connected in native DRC,1,VCC_ASIC_1V5
C79,2,,,GND,assigned net connected in native DRC,1,GND
C80,1,,,VCC_ASIC_1V5,assigned net connected in native DRC,1,VCC_ASIC_1V5
C80,2,,,GND,assigned net connected in native DRC,1,GND
C81,1,,,VCC_ASIC_1V5,assigned net connected in native DRC,1,VCC_ASIC_1V5
C81,2,,,GND,assigned net connected in native DRC,1,GND
C82,1,,,VCC_ASIC_1V5,assigned net connected in native DRC,1,VCC_ASIC_1V5
C82,2,,,GND,assigned net connected in native DRC,1,GND
C90,1,,,VCCAUX_1V8,assigned net connected in native DRC,1,VCCAUX_1V8
C90,2,,,GND,assigned net connected in native DRC,1,GND
C91,1,,,VCCAUX_1V8,assigned net connected in native DRC,1,VCCAUX_1V8
C91,2,,,GND,assigned net connected in native DRC,1,GND
C92,1,,,VCCAUX_1V8,assigned net connected in native DRC,1,VCCAUX_1V8
C92,2,,,GND,assigned net connected in native DRC,1,GND
C100,1,,,VCCAUX_1V8,assigned net connected in native DRC,1,VCCAUX_1V8
C100,2,,,GND,assigned net connected in native DRC,1,GND
C101,1,,,VCCAUX_1V8,assigned net connected in native DRC,1,VCCAUX_1V8
C101,2,,,GND,assigned net connected in native DRC,1,GND
C102,1,,,VCCAUX_1V8,assigned net connected in native DRC,1,VCCAUX_1V8
C102,2,,,GND,assigned net connected in native DRC,1,GND
C103,1,,,VCCAUX_1V8,assigned net connected in native DRC,1,VCCAUX_1V8
C103,2,,,GND,assigned net connected in native DRC,1,GND
J4,1,,,VCCAUX_1V8,assigned net connected in native DRC,1,VCCAUX_1V8
J4,2,,,JTAG_TMS,assigned net connected in native DRC,1,JTAG_TMS
J4,3,,,,reserved — interface implementation required,1,unconnected-(J4-PAIR0_P_RESERVED-Pad3)
J4,4,,,GND,assigned net connected in native DRC,1,GND
J4,5,,,,reserved — interface implementation required,1,unconnected-(J4-PAIR0_N_RESERVED-Pad5)
J4,6,,,,reserved — interface implementation required,1,unconnected-(J4-PAIR1_P_RESERVED-Pad6)
J4,7,,,GND,assigned net connected in native DRC,1,GND
J4,8,,,,reserved — interface implementation required,1,unconnected-(J4-PAIR1_N_RESERVED-Pad8)
J4,9,,,,reserved — interface implementation required,1,unconnected-(J4-PAIR2_P_RESERVED-Pad9)
J4,10,,,GND,assigned net connected in native DRC,1,GND
J4,11,,,,reserved — interface implementation required,1,unconnected-(J4-PAIR2_N_RESERVED-Pad11)
J4,12,,,,reserved — interface implementation required,1,unconnected-(J4-PAIR3_P_RESERVED-Pad12)
J4,13,,,GND,assigned net connected in native DRC,1,GND
J4,14,,,,reserved — interface implementation required,1,unconnected-(J4-PAIR3_N_RESERVED-Pad14)
J4,15,,,JTAG_TDI,assigned net connected in native DRC,1,JTAG_TDI
J4,16,,,GND,assigned net connected in native DRC,1,GND
J4,17,,,JTAG_TCK,assigned net connected in native DRC,1,JTAG_TCK
J4,18,,,JTAG_TDO,assigned net connected in native DRC,1,JTAG_TDO
J4,19,,,LINK_12V,assigned net connected in native DRC,1,LINK_12V
J4,SH,,,GND,assigned net connected in native DRC,4,GND
J5,1,,,ASIC1_DATA1,assigned net connected in native DRC,1,ASIC1_DATA1
J5,2,,,ASIC1_DATA2,assigned net connected in native DRC,1,ASIC1_DATA2
J5,3,,,ASIC1_DATA3,assigned net connected in native DRC,1,ASIC1_DATA3
J5,4,,,ASIC1_DATA4,assigned net connected in native DRC,1,ASIC1_DATA4
J5,5,,,ASIC1_DATA5,assigned net connected in native DRC,1,ASIC1_DATA5
J5,6,,,ASIC1_DATA6,assigned net connected in native DRC,1,ASIC1_DATA6
J5,7,,,ASIC1_DATA7,assigned net connected in native DRC,1,ASIC1_DATA7
J5,8,,,ASIC1_DATA8,assigned net connected in native DRC,1,ASIC1_DATA8
J5,9,,,ASIC1_CLK32MHz_Out,assigned net connected in native DRC,1,ASIC1_CLK32MHz_Out
J5,10,,,ASIC1_READ,assigned net connected in native DRC,1,ASIC1_READ
J5,11,,,ASIC1_SYNC,assigned net connected in native DRC,1,ASIC1_SYNC
J5,12,,,ASIC2_DATA1,assigned net connected in native DRC,1,ASIC2_DATA1
J5,13,,,ASIC2_DATA2,assigned net connected in native DRC,1,ASIC2_DATA2
J5,14,,,ASIC2_DATA3,assigned net connected in native DRC,1,ASIC2_DATA3
J5,15,,,ASIC2_DATA4,assigned net connected in native DRC,1,ASIC2_DATA4
J5,16,,,ASIC2_DATA5,assigned net connected in native DRC,1,ASIC2_DATA5
J5,17,,,ASIC2_DATA6,assigned net connected in native DRC,1,ASIC2_DATA6
J5,18,,,ASIC2_DATA7,assigned net connected in native DRC,1,ASIC2_DATA7
J5,19,,,ASIC2_DATA8,assigned net connected in native DRC,1,ASIC2_DATA8
J5,20,,,ASIC2_CLK32MHz_Out,assigned net connected in native DRC,1,ASIC2_CLK32MHz_Out
J5,21,,,ASIC2_READ,assigned net connected in native DRC,1,ASIC2_READ
J5,22,,,ASIC2_SYNC,assigned net connected in native DRC,1,ASIC2_SYNC
J5,23,,,ASIC3_DATA1,assigned net connected in native DRC,1,ASIC3_DATA1
J5,24,,,ASIC3_DATA2,assigned net connected in native DRC,1,ASIC3_DATA2
J5,25,,,ASIC3_DATA3,assigned net connected in native DRC,1,ASIC3_DATA3
J5,26,,,ASIC3_DATA4,assigned net connected in native DRC,1,ASIC3_DATA4
J5,27,,,ASIC3_DATA5,assigned net connected in native DRC,1,ASIC3_DATA5
J5,28,,,ASIC3_DATA6,assigned net connected in native DRC,1,ASIC3_DATA6
J5,29,,,ASIC3_DATA7,assigned net connected in native DRC,1,ASIC3_DATA7
J5,30,,,ASIC3_DATA8,assigned net connected in native DRC,1,ASIC3_DATA8
J5,31,,,ASIC3_CLK32MHz_Out,assigned net connected in native DRC,1,ASIC3_CLK32MHz_Out
J5,32,,,ASIC3_READ,assigned net connected in native DRC,1,ASIC3_READ
J5,33,,,ASIC3_SYNC,assigned net connected in native DRC,1,ASIC3_SYNC
J5,34,,,,reserved — interface implementation required,1,unconnected-(J5-CONTACT_34-Pad34)
J5,35,,,ASIC4_DATA2,assigned net connected in native DRC,1,ASIC4_DATA2
J5,36,,,ASIC4_DATA3,assigned net connected in native DRC,1,ASIC4_DATA3
J5,37,,,ASIC4_DATA4,assigned net connected in native DRC,1,ASIC4_DATA4
J5,38,,,ASIC4_DATA5,assigned net connected in native DRC,1,ASIC4_DATA5
J5,39,,,ASIC4_DATA6,assigned net connected in native DRC,1,ASIC4_DATA6
J5,40,,,ASIC4_DATA7,assigned net connected in native DRC,1,ASIC4_DATA7
J5,41,,,ASIC4_DATA8,assigned net connected in native DRC,1,ASIC4_DATA8
J5,42,,,ASIC4_CLK32MHz_Out,assigned net connected in native DRC,1,ASIC4_CLK32MHz_Out
J5,43,,,ASIC4_READ,assigned net connected in native DRC,1,ASIC4_READ
J5,44,,,ASIC4_SYNC,assigned net connected in native DRC,1,ASIC4_SYNC
J5,45,,,CHIP_RESET_SHARED,assigned net connected in native DRC,1,CHIP_RESET_SHARED
J5,46,,,AC_IN_ANALOG_RESERVED,analog reserved — external source required; no FPGA connection,1,AC_IN_ANALOG_RESERVED
J5,47,,,IMP_TST_SHARED,assigned net connected in native DRC,1,IMP_TST_SHARED
J5,48,,,FE_RESET_SHARED,assigned net connected in native DRC,1,FE_RESET_SHARED
J5,49,,,SPI_LATCH_SHARED,assigned net connected in native DRC,1,SPI_LATCH_SHARED
J5,50,,,STIM_CLK_SHARED,assigned net connected in native DRC,1,STIM_CLK_SHARED
J5,51,,,STIM_START_SHARED,assigned net connected in native DRC,1,STIM_START_SHARED
J5,52,,,STIM_EN_SHARED,assigned net connected in native DRC,1,STIM_EN_SHARED
J5,53,,,STIM_CHB_SHARED,assigned net connected in native DRC,1,STIM_CHB_SHARED
J5,54,,,BOARD1_CLK,assigned net connected in native DRC,1,BOARD1_CLK
J5,55,,,BOARD2_CLK,assigned net connected in native DRC,1,BOARD2_CLK
J5,56,,,BOARD3_CLK,assigned net connected in native DRC,1,BOARD3_CLK
J5,57,,,BOARD4_CLK,assigned net connected in native DRC,1,BOARD4_CLK
J5,58,,,BOARD1_SPI_CLK,assigned net connected in native DRC,1,BOARD1_SPI_CLK
J5,59,,,BOARD2_SPI_CLK,assigned net connected in native DRC,1,BOARD2_SPI_CLK
J5,60,,,BOARD3_SPI_CLK,assigned net connected in native DRC,1,BOARD3_SPI_CLK
J5,G,,,GND,assigned net connected in native DRC,4,GND
J6,1,,,ASIC5_DATA1,assigned net connected in native DRC,1,ASIC5_DATA1
J6,2,,,ASIC5_DATA2,assigned net connected in native DRC,1,ASIC5_DATA2
J6,3,,,ASIC5_DATA3,assigned net connected in native DRC,1,ASIC5_DATA3
J6,4,,,ASIC5_DATA4,assigned net connected in native DRC,1,ASIC5_DATA4
J6,5,,,ASIC5_DATA5,assigned net connected in native DRC,1,ASIC5_DATA5
J6,6,,,ASIC5_DATA6,assigned net connected in native DRC,1,ASIC5_DATA6
J6,7,,,ASIC5_DATA7,assigned net connected in native DRC,1,ASIC5_DATA7
J6,8,,,ASIC5_DATA8,assigned net connected in native DRC,1,ASIC5_DATA8
J6,9,,,ASIC5_CLK32MHz_Out,assigned net connected in native DRC,1,ASIC5_CLK32MHz_Out
J6,10,,,ASIC5_READ,assigned net connected in native DRC,1,ASIC5_READ
J6,11,,,ASIC5_SYNC,assigned net connected in native DRC,1,ASIC5_SYNC
J6,12,,,ASIC6_DATA1,assigned net connected in native DRC,1,ASIC6_DATA1
J6,13,,,ASIC6_DATA2,assigned net connected in native DRC,1,ASIC6_DATA2
J6,14,,,ASIC6_DATA3,assigned net connected in native DRC,1,ASIC6_DATA3
J6,15,,,ASIC6_DATA4,assigned net connected in native DRC,1,ASIC6_DATA4
J6,16,,,ASIC6_DATA5,assigned net connected in native DRC,1,ASIC6_DATA5
J6,17,,,ASIC6_DATA6,assigned net connected in native DRC,1,ASIC6_DATA6
J6,18,,,ASIC6_DATA7,assigned net connected in native DRC,1,ASIC6_DATA7
J6,19,,,ASIC6_DATA8,assigned net connected in native DRC,1,ASIC6_DATA8
J6,20,,,ASIC6_CLK32MHz_Out,assigned net connected in native DRC,1,ASIC6_CLK32MHz_Out
J6,21,,,ASIC6_READ,assigned net connected in native DRC,1,ASIC6_READ
J6,22,,,ASIC6_SYNC,assigned net connected in native DRC,1,ASIC6_SYNC
J6,23,,,ASIC7_DATA1,assigned net connected in native DRC,1,ASIC7_DATA1
J6,24,,,ASIC7_DATA2,assigned net connected in native DRC,1,ASIC7_DATA2
J6,25,,,ASIC7_DATA3,assigned net connected in native DRC,1,ASIC7_DATA3
J6,26,,,ASIC7_DATA4,assigned net connected in native DRC,1,ASIC7_DATA4
J6,27,,,ASIC7_DATA5,assigned net connected in native DRC,1,ASIC7_DATA5
J6,28,,,ASIC7_DATA6,assigned net connected in native DRC,1,ASIC7_DATA6
J6,29,,,ASIC7_DATA7,assigned net connected in native DRC,1,ASIC7_DATA7
J6,30,,,ASIC7_DATA8,assigned net connected in native DRC,1,ASIC7_DATA8
J6,31,,,ASIC7_CLK32MHz_Out,assigned net connected in native DRC,1,ASIC7_CLK32MHz_Out
J6,32,,,ASIC7_READ,assigned net connected in native DRC,1,ASIC7_READ
J6,33,,,ASIC7_SYNC,assigned net connected in native DRC,1,ASIC7_SYNC
J6,34,,,ASIC8_DATA1,assigned net connected in native DRC,1,ASIC8_DATA1
J6,35,,,ASIC8_DATA2,assigned net connected in native DRC,1,ASIC8_DATA2
J6,36,,,ASIC8_DATA3,assigned net connected in native DRC,1,ASIC8_DATA3
J6,37,,,,reserved — interface implementation required,1,unconnected-(J6-CONTACT_37-Pad37)
J6,38,,,ASIC8_DATA5,assigned net connected in native DRC,1,ASIC8_DATA5
J6,39,,,ASIC8_DATA6,assigned net connected in native DRC,1,ASIC8_DATA6
J6,40,,,ASIC8_DATA7,assigned net connected in native DRC,1,ASIC8_DATA7
J6,41,,,ASIC8_DATA8,assigned net connected in native DRC,1,ASIC8_DATA8
J6,42,,,ASIC8_CLK32MHz_Out,assigned net connected in native DRC,1,ASIC8_CLK32MHz_Out
J6,43,,,ASIC8_READ,assigned net connected in native DRC,1,ASIC8_READ
J6,44,,,ASIC8_SYNC,assigned net connected in native DRC,1,ASIC8_SYNC
J6,45,,,BOARD4_SPI_CLK,assigned net connected in native DRC,1,BOARD4_SPI_CLK
J6,46,,,STIM_CHIP1_SPI_DL,assigned net connected in native DRC,1,STIM_CHIP1_SPI_DL
J6,47,,,STIM_CHIP1_SPI_DR,assigned net connected in native DRC,1,STIM_CHIP1_SPI_DR
J6,48,,,STIM_CHIP2_SPI_DL,assigned net connected in native DRC,1,STIM_CHIP2_SPI_DL
J6,49,,,STIM_CHIP2_SPI_DR,assigned net connected in native DRC,1,STIM_CHIP2_SPI_DR
J6,50,,,STIM_CHIP3_SPI_DL,assigned net connected in native DRC,1,STIM_CHIP3_SPI_DL
J6,51,,,STIM_CHIP3_SPI_DR,assigned net connected in native DRC,1,STIM_CHIP3_SPI_DR
J6,52,,,STIM_CHIP4_SPI_DL,assigned net connected in native DRC,1,STIM_CHIP4_SPI_DL
J6,53,,,STIM_CHIP4_SPI_DR,assigned net connected in native DRC,1,STIM_CHIP4_SPI_DR
J6,54,,,NONSTIM_BOARD1_SPI_DL,assigned net connected in native DRC,1,NONSTIM_BOARD1_SPI_DL
J6,55,,,NONSTIM_BOARD1_SPI_DR,assigned net connected in native DRC,1,NONSTIM_BOARD1_SPI_DR
J6,56,,,NONSTIM_BOARD2_SPI_DL,assigned net connected in native DRC,1,NONSTIM_BOARD2_SPI_DL
J6,57,,,NONSTIM_BOARD2_SPI_DR,assigned net connected in native DRC,1,NONSTIM_BOARD2_SPI_DR
J6,58,,,ASIC8_DATA4,assigned net connected in native DRC,1,ASIC8_DATA4
J6,59,,,,reserved — interface implementation required,1,unconnected-(J6-CONTACT_59-Pad59)
J6,60,,,ASIC4_DATA1,assigned net connected in native DRC,1,ASIC4_DATA1
J6,G,,,GND,assigned net connected in native DRC,4,GND
L1,1,,,SW_CORE,assigned net connected in native DRC,1,SW_CORE
L1,2,,,VCORE_REG_1V025,assigned net connected in native DRC,1,VCORE_REG_1V025
L2,1,,,SW_AUX,assigned net connected in native DRC,1,SW_AUX
L2,2,,,VAUX_REG_1V803,assigned net connected in native DRC,1,VAUX_REG_1V803
L3,1,,,SW_CFG,assigned net connected in native DRC,1,SW_CFG
L3,2,,,VCC_LINK_2V5,assigned net connected in native DRC,1,VCC_LINK_2V5
L4,1,,,SW_ASIC,assigned net connected in native DRC,1,SW_ASIC
L4,2,,,VCC_ASIC_1V5,assigned net connected in native DRC,1,VCC_ASIC_1V5
R1,1,,,VCORE_REG_1V025,assigned net connected in native DRC,1,VCORE_REG_1V025
R1,2,,,FB_CORE,assigned net connected in native DRC,1,FB_CORE
R2,1,,,FB_CORE,assigned net connected in native DRC,1,FB_CORE
R2,2,,,GND,assigned net connected in native DRC,1,GND
R3,1,,,VAUX_REG_1V803,assigned net connected in native DRC,1,VAUX_REG_1V803
R3,2,,,FB_AUX,assigned net connected in native DRC,1,FB_AUX
R4,1,,,FB_AUX,assigned net connected in native DRC,1,FB_AUX
R4,2,,,GND,assigned net connected in native DRC,1,GND
R5,1,,,VCC_LINK_2V5,assigned net connected in native DRC,1,VCC_LINK_2V5
R5,2,,,FB_CFG,assigned net connected in native DRC,1,FB_CFG
R6,1,,,FB_CFG,assigned net connected in native DRC,1,FB_CFG
R6,2,,,GND,assigned net connected in native DRC,1,GND
R7,1,,,VCC_ASIC_1V5,assigned net connected in native DRC,1,VCC_ASIC_1V5
R7,2,,,FB_ASIC,assigned net connected in native DRC,1,FB_ASIC
R8,1,,,FB_ASIC,assigned net connected in native DRC,1,FB_ASIC
R8,2,,,GND,assigned net connected in native DRC,1,GND
R9,1,,,VCORE_REG_1V025,assigned net connected in native DRC,1,VCORE_REG_1V025
R9,2,,,VCCINT_1V0,assigned net connected in native DRC,1,VCCINT_1V0
R10,1,,,LINK_12V,assigned net connected in native DRC,1,LINK_12V
R10,2,,,PG_CORE,assigned net connected in native DRC,1,PG_CORE
R11,1,,,LINK_12V,assigned net connected in native DRC,1,LINK_12V
R11,2,,,PG_AUX,assigned net connected in native DRC,1,PG_AUX
R100,1,,,VCCAUX_1V8,assigned net connected in native DRC,1,VCCAUX_1V8
R100,2,,,FLASH_CS_B,assigned net connected in native DRC,1,FLASH_CS_B
R101,1,,,VCCAUX_1V8,assigned net connected in native DRC,1,VCCAUX_1V8
R101,2,,,FLASH_DQ2,assigned net connected in native DRC,1,FLASH_DQ2
R102,1,,,VCCAUX_1V8,assigned net connected in native DRC,1,VCCAUX_1V8
R102,2,,,FLASH_DQ3,assigned net connected in native DRC,1,FLASH_DQ3
R103,1,,,FPGA_CCLK,assigned net connected in native DRC,1,FPGA_CCLK
R103,2,,,FLASH_SCLK,assigned net connected in native DRC,1,FLASH_SCLK
R104,1,,,FPGA_CFG_DQ0,assigned net connected in native DRC,1,FPGA_CFG_DQ0
R104,2,,,FLASH_DQ0,assigned net connected in native DRC,1,FLASH_DQ0
R105,1,,,FPGA_CFG_DQ1,assigned net connected in native DRC,1,FPGA_CFG_DQ1
R105,2,,,FLASH_DQ1,assigned net connected in native DRC,1,FLASH_DQ1
R108,1,,,VCCAUX_1V8,assigned net connected in native DRC,1,VCCAUX_1V8
R108,2,,,FPGA_PROGRAM_B,assigned net connected in native DRC,1,FPGA_PROGRAM_B
R109,1,,,VCCAUX_1V8,assigned net connected in native DRC,1,VCCAUX_1V8
R109,2,,,FPGA_INIT_B,assigned net connected in native DRC,1,FPGA_INIT_B
R110,1,,,VCCAUX_1V8,assigned net connected in native DRC,1,VCCAUX_1V8
R110,2,,,FPGA_DONE,assigned net connected in native DRC,1,FPGA_DONE
R111,1,,,VCCAUX_1V8,assigned net connected in native DRC,1,VCCAUX_1V8
R111,2,,,CFG_M0,assigned net connected in native DRC,1,CFG_M0
R114,1,,,VCCAUX_1V8,assigned net connected in native DRC,1,VCCAUX_1V8
R114,2,,,CFG_PUDC_B,assigned net connected in native DRC,1,CFG_PUDC_B
R115,1,,,VCCAUX_1V8,assigned net connected in native DRC,1,VCCAUX_1V8
R115,2,,,JTAG_TMS,assigned net connected in native DRC,1,JTAG_TMS
R116,1,,,VCCAUX_1V8,assigned net connected in native DRC,1,VCCAUX_1V8
R116,2,,,JTAG_TDI,assigned net connected in native DRC,1,JTAG_TDI
R117,1,,,VCCAUX_1V8,assigned net connected in native DRC,1,VCCAUX_1V8
R117,2,,,JTAG_TCK,assigned net connected in native DRC,1,JTAG_TCK
R118,1,,,FPGA_TDO,assigned net connected in native DRC,1,FPGA_TDO
R118,2,,,JTAG_TDO,assigned net connected in native DRC,1,JTAG_TDO
R119,1,,,OSC_32M_RAW,assigned net connected in native DRC,1,OSC_32M_RAW
R119,2,,,CLK_32MHZ,assigned net connected in native DRC,1,CLK_32MHZ
R122,1,,,VAUX_REG_1V803,assigned net connected in native DRC,1,VAUX_REG_1V803
R122,2,,,VCCAUX_1V8,assigned net connected in native DRC,1,VCCAUX_1V8
U1,A1,IO_L9N_T1_DQS_AD7N_35,35,ASIC2_DATA8,assigned net connected in native DRC,1,ASIC2_DATA8
U1,A2,GND,NA,GND,assigned net connected in native DRC,1,GND
U1,A3,IO_L8N_T1_AD14N_35,35,ASIC2_DATA5,assigned net connected in native DRC,1,ASIC2_DATA5
U1,A4,IO_L8P_T1_AD14P_35,35,ASIC4_DATA2,assigned net connected in native DRC,1,ASIC4_DATA2
U1,A5,IO_L3N_T0_DQS_AD5N_35,35,ASIC4_DATA4,assigned net connected in native DRC,1,ASIC4_DATA4
U1,A6,IO_L3P_T0_DQS_AD5P_35,35,ASIC4_DATA5,assigned net connected in native DRC,1,ASIC4_DATA5
U1,A7,VCCO_35,35,VCC_ASIC_1V5,assigned net connected in native DRC,1,VCC_ASIC_1V5
U1,A8,IO_L12N_T1_MRCC_16,16,,reserved — interface implementation required,1,unconnected-(U1B-IO_L12N_T1_MRCC_16-PadA8)
U1,A9,IO_L14N_T2_SRCC_16,16,,reserved — interface implementation required,1,unconnected-(U1B-IO_L14N_T2_SRCC_16-PadA9)
U1,A10,IO_L14P_T2_SRCC_16,16,,reserved — interface implementation required,1,unconnected-(U1B-IO_L14P_T2_SRCC_16-PadA10)
U1,A11,IO_L4N_T0_15,15,SPI_LATCH_SHARED,assigned net connected in native DRC,1,SPI_LATCH_SHARED
U1,A12,GND,NA,GND,assigned net connected in native DRC,1,GND
U1,A13,IO_L9P_T1_DQS_AD3P_15,15,,intentional no-connect,1,unconnected-(U1A-IO_L9P_T1_DQS_AD3P_15-PadA13)
U1,A14,IO_L9N_T1_DQS_AD3N_15,15,BOARD2_SPI_CLK,assigned net connected in native DRC,1,BOARD2_SPI_CLK
U1,A15,IO_L8P_T1_AD10P_15,15,STIM_EN_SHARED,assigned net connected in native DRC,1,STIM_EN_SHARED
U1,A16,IO_L8N_T1_AD10N_15,15,BOARD3_CLK,assigned net connected in native DRC,1,BOARD3_CLK
U1,A17,VCCO_15,15,VCC_ASIC_1V5,assigned net connected in native DRC,1,VCC_ASIC_1V5
U1,A18,IO_L10N_T1_AD11N_15,15,BOARD3_SPI_CLK,assigned net connected in native DRC,1,BOARD3_SPI_CLK
U1,B1,IO_L9P_T1_DQS_AD7P_35,35,ASIC1_READ,assigned net connected in native DRC,1,ASIC1_READ
U1,B2,IO_L10N_T1_AD15N_35,35,ASIC2_READ,assigned net connected in native DRC,1,ASIC2_READ
U1,B3,IO_L10P_T1_AD15P_35,35,ASIC2_DATA3,assigned net connected in native DRC,1,ASIC2_DATA3
U1,B4,IO_L7N_T1_AD6N_35,35,ASIC2_SYNC,assigned net connected in native DRC,1,ASIC2_SYNC
U1,B5,GND,NA,GND,assigned net connected in native DRC,1,GND
U1,B6,IO_L2N_T0_AD12N_35,35,ASIC4_DATA6,assigned net connected in native DRC,1,ASIC4_DATA6
U1,B7,IO_L2P_T0_AD12P_35,35,ASIC4_READ,assigned net connected in native DRC,1,ASIC4_READ
U1,B8,IO_L12P_T1_MRCC_16,16,,reserved — interface implementation required,1,unconnected-(U1B-IO_L12P_T1_MRCC_16-PadB8)
U1,B9,IO_L11N_T1_SRCC_16,16,,reserved — interface implementation required,1,unconnected-(U1B-IO_L11N_T1_SRCC_16-PadB9)
U1,B10,VCCO_16,16,VCC_LINK_2V5,assigned net connected in native DRC,1,VCC_LINK_2V5
U1,B11,IO_L4P_T0_15,15,IMP_TST_SHARED,assigned net connected in native DRC,1,IMP_TST_SHARED
U1,B12,IO_L3N_T0_DQS_AD1N_15,15,STIM_CHB_SHARED,assigned net connected in native DRC,1,STIM_CHB_SHARED
U1,B13,IO_L2P_T0_AD8P_15,15,BOARD2_CLK,assigned net connected in native DRC,1,BOARD2_CLK
U1,B14,IO_L2N_T0_AD8N_15,15,FE_RESET_SHARED,assigned net connected in native DRC,1,FE_RESET_SHARED
U1,B15,GND,NA,GND,assigned net connected in native DRC,1,GND
U1,B16,IO_L7P_T1_AD2P_15,15,BOARD1_CLK,assigned net connected in native DRC,1,BOARD1_CLK
U1,B17,IO_L7N_T1_AD2N_15,15,BOARD1_SPI_CLK,assigned net connected in native DRC,1,BOARD1_SPI_CLK
U1,B18,IO_L10P_T1_AD11P_15,15,,intentional no-connect,1,unconnected-(U1A-IO_L10P_T1_AD11P_15-PadB18)
U1,C1,IO_L16N_T2_35,35,ASIC1_DATA8,assigned net connected in native DRC,1,ASIC1_DATA8
U1,C2,IO_L16P_T2_35,35,ASIC2_DATA1,assigned net connected in native DRC,1,ASIC2_DATA1
U1,C3,VCCO_35,35,VCC_ASIC_1V5,assigned net connected in native DRC,1,VCC_ASIC_1V5
U1,C4,IO_L7P_T1_AD6P_35,35,ASIC2_DATA7,assigned net connected in native DRC,1,ASIC2_DATA7
U1,C5,IO_L1N_T0_AD4N_35,35,ASIC4_DATA1,assigned net connected in native DRC,1,ASIC4_DATA1
U1,C6,IO_L1P_T0_AD4P_35,35,ASIC4_DATA3,assigned net connected in native DRC,1,ASIC4_DATA3
U1,C7,IO_L4N_T0_35,35,ASIC4_DATA7,assigned net connected in native DRC,1,ASIC4_DATA7
U1,C8,GND,NA,GND,assigned net connected in native DRC,1,GND
U1,C9,IO_L11P_T1_SRCC_16,16,,reserved — interface implementation required,1,unconnected-(U1B-IO_L11P_T1_SRCC_16-PadC9)
U1,C10,IO_L13N_T2_MRCC_16,16,,reserved — interface implementation required,1,unconnected-(U1B-IO_L13N_T2_MRCC_16-PadC10)
U1,C11,IO_L13P_T2_MRCC_16,16,,reserved — interface implementation required,1,unconnected-(U1B-IO_L13P_T2_MRCC_16-PadC11)
U1,C12,IO_L3P_T0_DQS_AD1P_15,15,STIM_START_SHARED,assigned net connected in native DRC,1,STIM_START_SHARED
U1,C13,VCCO_15,15,VCC_ASIC_1V5,assigned net connected in native DRC,1,VCC_ASIC_1V5
U1,C14,IO_L1N_T0_AD0N_15,15,BOARD4_CLK,assigned net connected in native DRC,1,BOARD4_CLK
U1,C15,IO_L12N_T1_MRCC_15,15,,intentional no-connect,1,unconnected-(U1A-IO_L12N_T1_MRCC_15-PadC15)
U1,C16,IO_L20P_T3_A20_15,15,STIM_CLK_SHARED,assigned net connected in native DRC,1,STIM_CLK_SHARED
U1,C17,IO_L20N_T3_A19_15,15,,intentional no-connect,1,unconnected-(U1A-IO_L20N_T3_A19_15-PadC17)
U1,C18,GND,NA,GND,assigned net connected in native DRC,1,GND
U1,D1,GND,NA,GND,assigned net connected in native DRC,1,GND
U1,D2,IO_L14N_T2_SRCC_35,35,,intentional no-connect,1,unconnected-(U1C-IO_L14N_T2_SRCC_35-PadD2)
U1,D3,IO_L12N_T1_MRCC_35,35,,intentional no-connect,1,unconnected-(U1C-IO_L12N_T1_MRCC_35-PadD3)
U1,D4,IO_L11N_T1_SRCC_35,35,,intentional no-connect,1,unconnected-(U1C-IO_L11N_T1_SRCC_35-PadD4)
U1,D5,IO_L11P_T1_SRCC_35,35,ASIC4_CLK32MHz_Out,assigned net connected in native DRC,1,ASIC4_CLK32MHz_Out
U1,D6,VCCO_35,35,VCC_ASIC_1V5,assigned net connected in native DRC,1,VCC_ASIC_1V5
U1,D7,IO_L6N_T0_VREF_35,35,,intentional no-connect,1,unconnected-(U1C-IO_L6N_T0_VREF_35-PadD7)
U1,D8,IO_L4P_T0_35,35,ASIC4_SYNC,assigned net connected in native DRC,1,ASIC4_SYNC
U1,D9,IO_L6N_T0_VREF_16,16,,intentional no-connect,1,unconnected-(U1B-IO_L6N_T0_VREF_16-PadD9)
U1,D10,IO_L19N_T3_VREF_16,16,,intentional no-connect,1,unconnected-(U1B-IO_L19N_T3_VREF_16-PadD10)
U1,D11,GND,NA,GND,assigned net connected in native DRC,1,GND
U1,D12,IO_L6P_T0_15,15,CHIP_RESET_SHARED,assigned net connected in native DRC,1,CHIP_RESET_SHARED
U1,D13,IO_L6N_T0_VREF_15,15,,intentional no-connect,1,unconnected-(U1A-IO_L6N_T0_VREF_15-PadD13)
U1,D14,IO_L1P_T0_AD0P_15,15,,intentional no-connect,1,unconnected-(U1A-IO_L1P_T0_AD0P_15-PadD14)
U1,D15,IO_L12P_T1_MRCC_15,15,,intentional no-connect,1,unconnected-(U1A-IO_L12P_T1_MRCC_15-PadD15)
U1,D16,VCCO_15,15,VCC_ASIC_1V5,assigned net connected in native DRC,1,VCC_ASIC_1V5
U1,D17,IO_L16N_T2_A27_15,15,,intentional no-connect,1,unconnected-(U1A-IO_L16N_T2_A27_15-PadD17)
U1,D18,IO_L21N_T3_DQS_A18_15,15,,intentional no-connect,1,unconnected-(U1A-IO_L21N_T3_DQS_A18_15-PadD18)
U1,E1,IO_L18N_T2_35,35,ASIC1_DATA4,assigned net connected in native DRC,1,ASIC1_DATA4
U1,E2,IO_L14P_T2_SRCC_35,35,ASIC1_CLK32MHz_Out,assigned net connected in native DRC,1,ASIC1_CLK32MHz_Out
U1,E3,IO_L12P_T1_MRCC_35,35,ASIC2_CLK32MHz_Out,assigned net connected in native DRC,1,ASIC2_CLK32MHz_Out
U1,E4,GND,NA,GND,assigned net connected in native DRC,1,GND
U1,E5,IO_L5N_T0_AD13N_35,35,ASIC3_DATA6,assigned net connected in native DRC,1,ASIC3_DATA6
U1,E6,IO_L5P_T0_AD13P_35,35,ASIC3_READ,assigned net connected in native DRC,1,ASIC3_READ
U1,E7,IO_L6P_T0_35,35,ASIC4_DATA8,assigned net connected in native DRC,1,ASIC4_DATA8
U1,E8,VCCBATT_0,0,GND,assigned net connected in native DRC,1,GND
U1,E9,CCLK_0,0,FPGA_CCLK,assigned net connected in native DRC,1,FPGA_CCLK
U1,E10,TCK_0,0,JTAG_TCK,assigned net connected in native DRC,1,JTAG_TCK
U1,E11,TDI_0,0,JTAG_TDI,assigned net connected in native DRC,1,JTAG_TDI
U1,E12,TMS_0,0,JTAG_TMS,assigned net connected in native DRC,1,JTAG_TMS
U1,E13,TDO_0,0,FPGA_TDO,assigned net connected in native DRC,1,FPGA_TDO
U1,E14,GND,NA,GND,assigned net connected in native DRC,1,GND
U1,E15,IO_L11P_T1_SRCC_15,15,,intentional no-connect,1,unconnected-(U1A-IO_L11P_T1_SRCC_15-PadE15)
U1,E16,IO_L11N_T1_SRCC_15,15,,intentional no-connect,1,unconnected-(U1A-IO_L11N_T1_SRCC_15-PadE16)
U1,E17,IO_L16P_T2_A28_15,15,,intentional no-connect,1,unconnected-(U1A-IO_L16P_T2_A28_15-PadE17)
U1,E18,IO_L21P_T3_DQS_15,15,,intentional no-connect,1,unconnected-(U1A-IO_L21P_T3_DQS_15-PadE18)
U1,F1,IO_L18P_T2_35,35,ASIC1_DATA2,assigned net connected in native DRC,1,ASIC1_DATA2
U1,F2,VCCO_35,35,VCC_ASIC_1V5,assigned net connected in native DRC,1,VCC_ASIC_1V5
U1,F3,IO_L13N_T2_MRCC_35,35,,intentional no-connect,1,unconnected-(U1C-IO_L13N_T2_MRCC_35-PadF3)
U1,F4,IO_L13P_T2_MRCC_35,35,ASIC3_CLK32MHz_Out,assigned net connected in native DRC,1,ASIC3_CLK32MHz_Out
U1,F5,IO_0_35,35,ASIC3_DATA4,assigned net connected in native DRC,1,ASIC3_DATA4
U1,F6,IO_L19N_T3_VREF_35,35,,intentional no-connect,1,unconnected-(U1C-IO_L19N_T3_VREF_35-PadF6)
U1,F7,GND,NA,GND,assigned net connected in native DRC,1,GND
U1,F8,VCCINT,NA,VCCINT_1V0,assigned net connected in native DRC,1,VCCINT_1V0
U1,F9,GND,NA,GND,assigned net connected in native DRC,1,GND
U1,F10,VCCBRAM,NA,VCCINT_1V0,assigned net connected in native DRC,1,VCCINT_1V0
U1,F11,GND,NA,GND,assigned net connected in native DRC,1,GND
U1,F12,VCCAUX,NA,VCCAUX_1V8,assigned net connected in native DRC,1,VCCAUX_1V8
U1,F13,IO_L5P_T0_AD9P_15,15,,intentional no-connect,1,unconnected-(U1A-IO_L5P_T0_AD9P_15-PadF13)
U1,F14,IO_L5N_T0_AD9N_15,15,,intentional no-connect,1,unconnected-(U1A-IO_L5N_T0_AD9N_15-PadF14)
U1,F15,IO_L14P_T2_SRCC_15,15,,intentional no-connect,1,unconnected-(U1A-IO_L14P_T2_SRCC_15-PadF15)
U1,F16,IO_L14N_T2_SRCC_15,15,,intentional no-connect,1,unconnected-(U1A-IO_L14N_T2_SRCC_15-PadF16)
U1,F17,GND,NA,GND,assigned net connected in native DRC,1,GND
U1,F18,IO_L22N_T3_A16_15,15,,intentional no-connect,1,unconnected-(U1A-IO_L22N_T3_A16_15-PadF18)
U1,G1,IO_L17N_T2_35,35,ASIC1_DATA7,assigned net connected in native DRC,1,ASIC1_DATA7
U1,G2,IO_L15N_T2_DQS_35,35,ASIC1_DATA6,assigned net connected in native DRC,1,ASIC1_DATA6
U1,G3,IO_L20N_T3_35,35,ASIC2_DATA6,assigned net connected in native DRC,1,ASIC2_DATA6
U1,G4,IO_L20P_T3_35,35,ASIC3_DATA5,assigned net connected in native DRC,1,ASIC3_DATA5
U1,G5,VCCO_35,35,VCC_ASIC_1V5,assigned net connected in native DRC,1,VCC_ASIC_1V5
U1,G6,IO_L19P_T3_35,35,ASIC3_DATA8,assigned net connected in native DRC,1,ASIC3_DATA8
U1,G7,VCCINT,NA,VCCINT_1V0,assigned net connected in native DRC,1,VCCINT_1V0
U1,G8,GND,NA,GND,assigned net connected in native DRC,1,GND
U1,G9,VCCINT,NA,VCCINT_1V0,assigned net connected in native DRC,1,VCCINT_1V0
U1,G10,GND,NA,GND,assigned net connected in native DRC,1,GND
U1,G11,VCCBRAM,NA,VCCINT_1V0,assigned net connected in native DRC,1,VCCINT_1V0
U1,G12,GND,NA,GND,assigned net connected in native DRC,1,GND
U1,G13,IO_0_15,15,,intentional no-connect,1,unconnected-(U1A-IO_0_15-PadG13)
U1,G14,IO_L15N_T2_DQS_ADV_B_15,15,STIM_CHIP2_SPI_DL,assigned net connected in native DRC,1,STIM_CHIP2_SPI_DL
U1,G15,VCCO_15,15,VCC_ASIC_1V5,assigned net connected in native DRC,1,VCC_ASIC_1V5
U1,G16,IO_L13N_T2_MRCC_15,15,,intentional no-connect,1,unconnected-(U1A-IO_L13N_T2_MRCC_15-PadG16)
U1,G17,IO_L18N_T2_A23_15,15,NONSTIM_BOARD1_SPI_DL,assigned net connected in native DRC,1,NONSTIM_BOARD1_SPI_DL
U1,G18,IO_L22P_T3_A17_15,15,NONSTIM_BOARD2_SPI_DR,assigned net connected in native DRC,1,NONSTIM_BOARD2_SPI_DR
U1,H1,IO_L17P_T2_35,35,ASIC1_DATA5,assigned net connected in native DRC,1,ASIC1_DATA5
U1,H2,IO_L15P_T2_DQS_35,35,ASIC2_DATA2,assigned net connected in native DRC,1,ASIC2_DATA2
U1,H3,GND,NA,GND,assigned net connected in native DRC,1,GND
U1,H4,IO_L21N_T3_DQS_35,35,ASIC3_DATA3,assigned net connected in native DRC,1,ASIC3_DATA3
U1,H5,IO_L24N_T3_35,35,ASIC3_DATA7,assigned net connected in native DRC,1,ASIC3_DATA7
U1,H6,IO_L24P_T3_35,35,ASIC3_SYNC,assigned net connected in native DRC,1,ASIC3_SYNC
U1,H7,GND,NA,GND,assigned net connected in native DRC,1,GND
U1,H8,VCCINT,NA,VCCINT_1V0,assigned net connected in native DRC,1,VCCINT_1V0
U1,H9,GNDADC_0,0,GND,assigned net connected in native DRC,1,GND
U1,H10,VCCADC_0,0,VCCAUX_1V8,assigned net connected in native DRC,1,VCCAUX_1V8
U1,H11,GND,NA,GND,assigned net connected in native DRC,1,GND
U1,H12,VCCAUX,NA,VCCAUX_1V8,assigned net connected in native DRC,1,VCCAUX_1V8
U1,H13,GND,NA,GND,assigned net connected in native DRC,1,GND
U1,H14,IO_L15P_T2_DQS_15,15,STIM_CHIP2_SPI_DR,assigned net connected in native DRC,1,STIM_CHIP2_SPI_DR
U1,H15,IO_L19N_T3_A21_VREF_15,15,,intentional no-connect,1,unconnected-(U1A-IO_L19N_T3_A21_VREF_15-PadH15)
U1,H16,IO_L13P_T2_MRCC_15,15,,intentional no-connect,1,unconnected-(U1A-IO_L13P_T2_MRCC_15-PadH16)
U1,H17,IO_L18P_T2_A24_15,15,NONSTIM_BOARD1_SPI_DR,assigned net connected in native DRC,1,NONSTIM_BOARD1_SPI_DR
U1,H18,VCCO_15,15,VCC_ASIC_1V5,assigned net connected in native DRC,1,VCC_ASIC_1V5
U1,J1,VCCO_35,35,VCC_ASIC_1V5,assigned net connected in native DRC,1,VCC_ASIC_1V5
U1,J2,IO_L22N_T3_35,35,ASIC1_SYNC,assigned net connected in native DRC,1,ASIC1_SYNC
U1,J3,IO_L22P_T3_35,35,ASIC2_DATA4,assigned net connected in native DRC,1,ASIC2_DATA4
U1,J4,IO_L21P_T3_DQS_35,35,ASIC3_DATA1,assigned net connected in native DRC,1,ASIC3_DATA1
U1,J5,IO_25_35,35,ASIC3_DATA2,assigned net connected in native DRC,1,ASIC3_DATA2
U1,J6,GND,NA,GND,assigned net connected in native DRC,1,GND
U1,J7,VCCINT,NA,VCCINT_1V0,assigned net connected in native DRC,1,VCCINT_1V0
U1,J8,GND,NA,GND,assigned net connected in native DRC,1,GND
U1,J9,VREFN_0,0,GND,assigned net connected in native DRC,1,GND
U1,J10,VP_0,0,GND,assigned net connected in native DRC,1,GND
U1,J11,VCCINT,NA,VCCINT_1V0,assigned net connected in native DRC,1,VCCINT_1V0
U1,J12,GND,NA,GND,assigned net connected in native DRC,1,GND
U1,J13,IO_L17N_T2_A25_15,15,STIM_CHIP1_SPI_DR,assigned net connected in native DRC,1,STIM_CHIP1_SPI_DR
U1,J14,IO_L19P_T3_A22_15,15,STIM_CHIP1_SPI_DL,assigned net connected in native DRC,1,STIM_CHIP1_SPI_DL
U1,J15,IO_L24N_T3_RS0_15,15,STIM_CHIP3_SPI_DL,assigned net connected in native DRC,1,STIM_CHIP3_SPI_DL
U1,J16,GND,NA,GND,assigned net connected in native DRC,1,GND
U1,J17,IO_L23P_T3_FOE_B_15,15,STIM_CHIP4_SPI_DL,assigned net connected in native DRC,1,STIM_CHIP4_SPI_DL
U1,J18,IO_L23N_T3_FWE_B_15,15,NONSTIM_BOARD2_SPI_DL,assigned net connected in native DRC,1,NONSTIM_BOARD2_SPI_DL
U1,K1,IO_L23N_T3_35,35,ASIC1_DATA1,assigned net connected in native DRC,1,ASIC1_DATA1
U1,K2,IO_L23P_T3_35,35,ASIC1_DATA3,assigned net connected in native DRC,1,ASIC1_DATA3
U1,K3,IO_L2P_T0_34,34,ASIC6_DATA5,assigned net connected in native DRC,1,ASIC6_DATA5
U1,K4,VCCO_34,34,VCC_ASIC_1V5,assigned net connected in native DRC,1,VCC_ASIC_1V5
U1,K5,IO_L5P_T0_34,34,ASIC8_DATA5,assigned net connected in native DRC,1,ASIC8_DATA5
U1,K6,IO_0_34,34,ASIC8_SYNC,assigned net connected in native DRC,1,ASIC8_SYNC
U1,K7,GND,NA,GND,assigned net connected in native DRC,1,GND
U1,K8,VCCINT,NA,VCCINT_1V0,assigned net connected in native DRC,1,VCCINT_1V0
U1,K9,VN_0,0,GND,assigned net connected in native DRC,1,GND
U1,K10,VREFP_0,0,GND,assigned net connected in native DRC,1,GND
U1,K11,GND,NA,GND,assigned net connected in native DRC,1,GND
U1,K12,VCCAUX,NA,VCCAUX_1V8,assigned net connected in native DRC,1,VCCAUX_1V8
U1,K13,IO_L17P_T2_A26_15,15,BOARD4_SPI_CLK,assigned net connected in native DRC,1,BOARD4_SPI_CLK
U1,K14,VCCO_15,15,VCC_ASIC_1V5,assigned net connected in native DRC,1,VCC_ASIC_1V5
U1,K15,IO_L24P_T3_RS1_15,15,STIM_CHIP3_SPI_DR,assigned net connected in native DRC,1,STIM_CHIP3_SPI_DR
U1,K16,IO_25_15,15,STIM_CHIP4_SPI_DR,assigned net connected in native DRC,1,STIM_CHIP4_SPI_DR
U1,K17,IO_L1P_T0_D00_MOSI_14,14,FPGA_CFG_DQ0,assigned net connected in native DRC,1,FPGA_CFG_DQ0
U1,K18,IO_L1N_T0_D01_DIN_14,14,FPGA_CFG_DQ1,assigned net connected in native DRC,1,FPGA_CFG_DQ1
U1,L1,IO_L1P_T0_34,34,ASIC6_DATA6,assigned net connected in native DRC,1,ASIC6_DATA6
U1,L2,GND,NA,GND,assigned net connected in native DRC,1,GND
U1,L3,IO_L2N_T0_34,34,ASIC6_READ,assigned net connected in native DRC,1,ASIC6_READ
U1,L4,IO_L5N_T0_34,34,ASIC8_DATA4,assigned net connected in native DRC,1,ASIC8_DATA4
U1,L5,IO_L6N_T0_VREF_34,34,,intentional no-connect,1,unconnected-(U1B-IO_L6N_T0_VREF_34-PadL5)
U1,L6,IO_L6P_T0_34,34,ASIC8_DATA7,assigned net connected in native DRC,1,ASIC8_DATA7
U1,L7,VCCINT,NA,VCCINT_1V0,assigned net connected in native DRC,1,VCCINT_1V0
U1,L8,GND,NA,GND,assigned net connected in native DRC,1,GND
U1,L9,DXN_0,0,GND,assigned net connected in native DRC,1,GND
U1,L10,DXP_0,0,GND,assigned net connected in native DRC,1,GND
U1,L11,VCCINT,NA,VCCINT_1V0,assigned net connected in native DRC,1,VCCINT_1V0
U1,L12,GND,NA,GND,assigned net connected in native DRC,1,GND
U1,L13,IO_L6P_T0_FCS_B_14,14,FLASH_CS_B,assigned net connected in native DRC,1,FLASH_CS_B
U1,L14,IO_L2P_T0_D02_14,14,,intentional no-connect,1,unconnected-(U1A-IO_L2P_T0_D02_14-PadL14)
U1,L15,IO_L3P_T0_DQS_PUDC_B_14,14,CFG_PUDC_B,assigned net connected in native DRC,1,CFG_PUDC_B
U1,L16,IO_L3N_T0_DQS_EMCCLK_14,14,,intentional no-connect,1,unconnected-(U1A-IO_L3N_T0_DQS_EMCCLK_14-PadL16)
U1,L17,VCCO_14,14,VCCAUX_1V8,assigned net connected in native DRC,1,VCCAUX_1V8
U1,L18,IO_L4P_T0_D04_14,14,,intentional no-connect,1,unconnected-(U1A-IO_L4P_T0_D04_14-PadL18)
U1,M1,IO_L1N_T0_34,34,ASIC6_DATA4,assigned net connected in native DRC,1,ASIC6_DATA4
U1,M2,IO_L4N_T0_34,34,ASIC6_DATA1,assigned net connected in native DRC,1,ASIC6_DATA1
U1,M3,IO_L4P_T0_34,34,ASIC6_DATA3,assigned net connected in native DRC,1,ASIC6_DATA3
U1,M4,IO_L16P_T2_34,34,ASIC8_DATA2,assigned net connected in native DRC,1,ASIC8_DATA2
U1,M5,GND,NA,GND,assigned net connected in native DRC,1,GND
U1,M6,IO_L18P_T2_34,34,ASIC8_DATA1,assigned net connected in native DRC,1,ASIC8_DATA1
U1,M7,GND,NA,GND,assigned net connected in native DRC,1,GND
U1,M8,VCCINT,NA,VCCINT_1V0,assigned net connected in native DRC,1,VCCINT_1V0
U1,M9,GND,NA,GND,assigned net connected in native DRC,1,GND
U1,M10,VCCINT,NA,VCCINT_1V0,assigned net connected in native DRC,1,VCCINT_1V0
U1,M11,GND,NA,GND,assigned net connected in native DRC,1,GND
U1,M12,VCCAUX,NA,VCCAUX_1V8,assigned net connected in native DRC,1,VCCAUX_1V8
U1,M13,IO_L6N_T0_D08_VREF_14,14,,intentional no-connect,1,unconnected-(U1A-IO_L6N_T0_D08_VREF_14-PadM13)
U1,M14,IO_L2N_T0_D03_14,14,,intentional no-connect,1,unconnected-(U1A-IO_L2N_T0_D03_14-PadM14)
U1,M15,GND,NA,GND,assigned net connected in native DRC,1,GND
U1,M16,IO_L10P_T1_D14_14,14,,intentional no-connect,1,unconnected-(U1A-IO_L10P_T1_D14_14-PadM16)
U1,M17,IO_L10N_T1_D15_14,14,,intentional no-connect,1,unconnected-(U1A-IO_L10N_T1_D15_14-PadM17)
U1,M18,IO_L4N_T0_D05_14,14,,intentional no-connect,1,unconnected-(U1A-IO_L4N_T0_D05_14-PadM18)
U1,N1,IO_L3N_T0_DQS_34,34,ASIC6_DATA2,assigned net connected in native DRC,1,ASIC6_DATA2
U1,N2,IO_L3P_T0_DQS_34,34,ASIC6_DATA8,assigned net connected in native DRC,1,ASIC6_DATA8
U1,N3,VCCO_34,34,VCC_ASIC_1V5,assigned net connected in native DRC,1,VCC_ASIC_1V5
U1,N4,IO_L16N_T2_34,34,ASIC6_DATA7,assigned net connected in native DRC,1,ASIC6_DATA7
U1,N5,IO_L13P_T2_MRCC_34,34,ASIC8_CLK32MHz_Out,assigned net connected in native DRC,1,ASIC8_CLK32MHz_Out
U1,N6,IO_L18N_T2_34,34,ASIC8_DATA8,assigned net connected in native DRC,1,ASIC8_DATA8
U1,N7,VCCINT,NA,VCCINT_1V0,assigned net connected in native DRC,1,VCCINT_1V0
U1,N8,GND,NA,GND,assigned net connected in native DRC,1,GND
U1,N9,VCCINT,NA,VCCINT_1V0,assigned net connected in native DRC,1,VCCINT_1V0
U1,N10,GND,NA,GND,assigned net connected in native DRC,1,GND
U1,N11,VCCINT,NA,VCCINT_1V0,assigned net connected in native DRC,1,VCCINT_1V0
U1,N12,GND,NA,GND,assigned net connected in native DRC,1,GND
U1,N13,VCCO_14,14,VCCAUX_1V8,assigned net connected in native DRC,1,VCCAUX_1V8
U1,N14,IO_L8P_T1_D11_14,14,,intentional no-connect,1,unconnected-(U1A-IO_L8P_T1_D11_14-PadN14)
U1,N15,IO_L11P_T1_SRCC_14,14,,intentional no-connect,1,unconnected-(U1A-IO_L11P_T1_SRCC_14-PadN15)
U1,N16,IO_L11N_T1_SRCC_14,14,,intentional no-connect,1,unconnected-(U1A-IO_L11N_T1_SRCC_14-PadN16)
U1,N17,IO_L9P_T1_DQS_14,14,,intentional no-connect,1,unconnected-(U1A-IO_L9P_T1_DQS_14-PadN17)
U1,N18,GND,NA,GND,assigned net connected in native DRC,1,GND
U1,P1,GND,NA,GND,assigned net connected in native DRC,1,GND
U1,P2,IO_L15P_T2_DQS_34,34,ASIC5_SYNC,assigned net connected in native DRC,1,ASIC5_SYNC
U1,P3,IO_L14N_T2_SRCC_34,34,,intentional no-connect,1,unconnected-(U1B-IO_L14N_T2_SRCC_34-PadP3)
U1,P4,IO_L14P_T2_SRCC_34,34,ASIC6_CLK32MHz_Out,assigned net connected in native DRC,1,ASIC6_CLK32MHz_Out
U1,P5,IO_L13N_T2_MRCC_34,34,,intentional no-connect,1,unconnected-(U1B-IO_L13N_T2_MRCC_34-PadP5)
U1,P6,VCCO_34,34,VCC_ASIC_1V5,assigned net connected in native DRC,1,VCC_ASIC_1V5
U1,P7,INIT_B_0,0,FPGA_INIT_B,assigned net connected in native DRC,1,FPGA_INIT_B
U1,P8,CFGBVS_0,0,GND,assigned net connected in native DRC,1,GND
U1,P9,PROGRAM_B_0,0,FPGA_PROGRAM_B,assigned net connected in native DRC,1,FPGA_PROGRAM_B
U1,P10,DONE_0,0,FPGA_DONE,assigned net connected in native DRC,1,FPGA_DONE
U1,P11,M2_0,0,GND,assigned net connected in native DRC,1,GND
U1,P12,M0_0,0,CFG_M0,assigned net connected in native DRC,1,CFG_M0
U1,P13,M1_0,0,GND,assigned net connected in native DRC,1,GND
U1,P14,IO_L8N_T1_D12_14,14,,intentional no-connect,1,unconnected-(U1A-IO_L8N_T1_D12_14-PadP14)
U1,P15,IO_L13P_T2_MRCC_14,14,,intentional no-connect,1,unconnected-(U1A-IO_L13P_T2_MRCC_14-PadP15)
U1,P16,VCCO_14,14,VCCAUX_1V8,assigned net connected in native DRC,1,VCCAUX_1V8
U1,P17,IO_L12P_T1_MRCC_14,14,CLK_32MHZ,assigned net connected in native DRC,1,CLK_32MHZ
U1,P18,IO_L9N_T1_DQS_D13_14,14,,intentional no-connect,1,unconnected-(U1A-IO_L9N_T1_DQS_D13_14-PadP18)
U1,R1,IO_L17P_T2_34,34,ASIC5_DATA2,assigned net connected in native DRC,1,ASIC5_DATA2
U1,R2,IO_L15N_T2_DQS_34,34,ASIC5_DATA6,assigned net connected in native DRC,1,ASIC5_DATA6
U1,R3,IO_L11P_T1_SRCC_34,34,ASIC5_CLK32MHz_Out,assigned net connected in native DRC,1,ASIC5_CLK32MHz_Out
U1,R4,GND,NA,GND,assigned net connected in native DRC,1,GND
U1,R5,IO_L19N_T3_VREF_34,34,,intentional no-connect,1,unconnected-(U1B-IO_L19N_T3_VREF_34-PadR5)
U1,R6,IO_L19P_T3_34,34,ASIC6_SYNC,assigned net connected in native DRC,1,ASIC6_SYNC
U1,R7,IO_L23P_T3_34,34,ASIC8_DATA6,assigned net connected in native DRC,1,ASIC8_DATA6
U1,R8,IO_L24P_T3_34,34,ASIC8_DATA3,assigned net connected in native DRC,1,ASIC8_DATA3
U1,R9,VCCO_0,0,VCCAUX_1V8,assigned net connected in native DRC,1,VCCAUX_1V8
U1,R10,IO_25_14,14,,intentional no-connect,1,unconnected-(U1A-IO_25_14-PadR10)
U1,R11,IO_0_14,14,,intentional no-connect,1,unconnected-(U1A-IO_0_14-PadR11)
U1,R12,IO_L5P_T0_D06_14,14,,intentional no-connect,1,unconnected-(U1A-IO_L5P_T0_D06_14-PadR12)
U1,R13,IO_L5N_T0_D07_14,14,,intentional no-connect,1,unconnected-(U1A-IO_L5N_T0_D07_14-PadR13)
U1,R14,GND,NA,GND,assigned net connected in native DRC,1,GND
U1,R15,IO_L13N_T2_MRCC_14,14,,intentional no-connect,1,unconnected-(U1A-IO_L13N_T2_MRCC_14-PadR15)
U1,R16,IO_L15P_T2_DQS_RDWR_B_14,14,,intentional no-connect,1,unconnected-(U1A-IO_L15P_T2_DQS_RDWR_B_14-PadR16)
U1,R17,IO_L12N_T1_MRCC_14,14,,intentional no-connect,1,unconnected-(U1A-IO_L12N_T1_MRCC_14-PadR17)
U1,R18,IO_L7P_T1_D09_14,14,,intentional no-connect,1,unconnected-(U1A-IO_L7P_T1_D09_14-PadR18)
U1,T1,IO_L17N_T2_34,34,ASIC5_DATA5,assigned net connected in native DRC,1,ASIC5_DATA5
U1,T2,VCCO_34,34,VCC_ASIC_1V5,assigned net connected in native DRC,1,VCC_ASIC_1V5
U1,T3,IO_L11N_T1_SRCC_34,34,,intentional no-connect,1,unconnected-(U1B-IO_L11N_T1_SRCC_34-PadT3)
U1,T4,IO_L12N_T1_MRCC_34,34,,intentional no-connect,1,unconnected-(U1B-IO_L12N_T1_MRCC_34-PadT4)
U1,T5,IO_L12P_T1_MRCC_34,34,ASIC7_CLK32MHz_Out,assigned net connected in native DRC,1,ASIC7_CLK32MHz_Out
U1,T6,IO_L23N_T3_34,34,ASIC7_SYNC,assigned net connected in native DRC,1,ASIC7_SYNC
U1,T7,GND,NA,GND,assigned net connected in native DRC,1,GND
U1,T8,IO_L24N_T3_34,34,ASIC8_READ,assigned net connected in native DRC,1,ASIC8_READ
U1,T9,IO_L24P_T3_A01_D17_14,14,,intentional no-connect,1,unconnected-(U1A-IO_L24P_T3_A01_D17_14-PadT9)
U1,T10,IO_L24N_T3_A00_D16_14,14,,intentional no-connect,1,unconnected-(U1A-IO_L24N_T3_A00_D16_14-PadT10)
U1,T11,IO_L19P_T3_A10_D26_14,14,,intentional no-connect,1,unconnected-(U1A-IO_L19P_T3_A10_D26_14-PadT11)
U1,T12,VCCO_14,14,VCCAUX_1V8,assigned net connected in native DRC,1,VCCAUX_1V8
U1,T13,IO_L23P_T3_A03_D19_14,14,,intentional no-connect,1,unconnected-(U1A-IO_L23P_T3_A03_D19_14-PadT13)
U1,T14,IO_L14P_T2_SRCC_14,14,,intentional no-connect,1,unconnected-(U1A-IO_L14P_T2_SRCC_14-PadT14)
U1,T15,IO_L14N_T2_SRCC_14,14,,intentional no-connect,1,unconnected-(U1A-IO_L14N_T2_SRCC_14-PadT15)
U1,T16,IO_L15N_T2_DQS_DOUT_CSO_B_14,14,,intentional no-connect,1,unconnected-(U1A-IO_L15N_T2_DQS_DOUT_CSO_B_14-PadT16)
U1,T17,GND,NA,GND,assigned net connected in native DRC,1,GND
U1,T18,IO_L7N_T1_D10_14,14,,intentional no-connect,1,unconnected-(U1A-IO_L7N_T1_D10_14-PadT18)
U1,U1,IO_L7P_T1_34,34,ASIC5_DATA3,assigned net connected in native DRC,1,ASIC5_DATA3
U1,U2,IO_L9P_T1_DQS_34,34,ASIC5_DATA4,assigned net connected in native DRC,1,ASIC5_DATA4
U1,U3,IO_L8N_T1_34,34,ASIC5_DATA8,assigned net connected in native DRC,1,ASIC5_DATA8
U1,U4,IO_L8P_T1_34,34,ASIC7_DATA1,assigned net connected in native DRC,1,ASIC7_DATA1
U1,U5,VCCO_34,34,VCC_ASIC_1V5,assigned net connected in native DRC,1,VCC_ASIC_1V5
U1,U6,IO_L22N_T3_34,34,ASIC7_DATA7,assigned net connected in native DRC,1,ASIC7_DATA7
U1,U7,IO_L22P_T3_34,34,ASIC7_DATA4,assigned net connected in native DRC,1,ASIC7_DATA4
U1,U8,IO_25_34,34,ASIC7_DATA6,assigned net connected in native DRC,1,ASIC7_DATA6
U1,U9,IO_L21P_T3_DQS_34,34,ASIC7_READ,assigned net connected in native DRC,1,ASIC7_READ
U1,U10,GND,NA,GND,assigned net connected in native DRC,1,GND
U1,U11,IO_L19N_T3_A09_D25_VREF_14,14,,intentional no-connect,1,unconnected-(U1A-IO_L19N_T3_A09_D25_VREF_14-PadU11)
U1,U12,IO_L20P_T3_A08_D24_14,14,,intentional no-connect,1,unconnected-(U1A-IO_L20P_T3_A08_D24_14-PadU12)
U1,U13,IO_L23N_T3_A02_D18_14,14,,intentional no-connect,1,unconnected-(U1A-IO_L23N_T3_A02_D18_14-PadU13)
U1,U14,IO_L22P_T3_A05_D21_14,14,,intentional no-connect,1,unconnected-(U1A-IO_L22P_T3_A05_D21_14-PadU14)
U1,U15,VCCO_14,14,VCCAUX_1V8,assigned net connected in native DRC,1,VCCAUX_1V8
U1,U16,IO_L18P_T2_A12_D28_14,14,,intentional no-connect,1,unconnected-(U1A-IO_L18P_T2_A12_D28_14-PadU16)
U1,U17,IO_L17P_T2_A14_D30_14,14,,intentional no-connect,1,unconnected-(U1A-IO_L17P_T2_A14_D30_14-PadU17)
U1,U18,IO_L17N_T2_A13_D29_14,14,,intentional no-connect,1,unconnected-(U1A-IO_L17N_T2_A13_D29_14-PadU18)
U1,V1,IO_L7N_T1_34,34,ASIC5_DATA1,assigned net connected in native DRC,1,ASIC5_DATA1
U1,V2,IO_L9N_T1_DQS_34,34,ASIC5_DATA7,assigned net connected in native DRC,1,ASIC5_DATA7
U1,V3,GND,NA,GND,assigned net connected in native DRC,1,GND
U1,V4,IO_L10N_T1_34,34,ASIC5_READ,assigned net connected in native DRC,1,ASIC5_READ
U1,V5,IO_L10P_T1_34,34,ASIC7_DATA3,assigned net connected in native DRC,1,ASIC7_DATA3
U1,V6,IO_L20N_T3_34,34,ASIC7_DATA5,assigned net connected in native DRC,1,ASIC7_DATA5
U1,V7,IO_L20P_T3_34,34,ASIC7_DATA2,assigned net connected in native DRC,1,ASIC7_DATA2
U1,V8,VCCO_34,34,VCC_ASIC_1V5,assigned net connected in native DRC,1,VCC_ASIC_1V5
U1,V9,IO_L21N_T3_DQS_34,34,ASIC7_DATA8,assigned net connected in native DRC,1,ASIC7_DATA8
U1,V10,IO_L21P_T3_DQS_14,14,,intentional no-connect,1,unconnected-(U1A-IO_L21P_T3_DQS_14-PadV10)
U1,V11,IO_L21N_T3_DQS_A06_D22_14,14,,intentional no-connect,1,unconnected-(U1A-IO_L21N_T3_DQS_A06_D22_14-PadV11)
U1,V12,IO_L20N_T3_A07_D23_14,14,,intentional no-connect,1,unconnected-(U1A-IO_L20N_T3_A07_D23_14-PadV12)
U1,V13,GND,NA,GND,assigned net connected in native DRC,1,GND
U1,V14,IO_L22N_T3_A04_D20_14,14,,intentional no-connect,1,unconnected-(U1A-IO_L22N_T3_A04_D20_14-PadV14)
U1,V15,IO_L16P_T2_CSI_B_14,14,,intentional no-connect,1,unconnected-(U1A-IO_L16P_T2_CSI_B_14-PadV15)
U1,V16,IO_L16N_T2_A15_D31_14,14,,intentional no-connect,1,unconnected-(U1A-IO_L16N_T2_A15_D31_14-PadV16)
U1,V17,IO_L18N_T2_A11_D27_14,14,,intentional no-connect,1,unconnected-(U1A-IO_L18N_T2_A11_D27_14-PadV17)
U1,V18,VCCO_14,14,VCCAUX_1V8,assigned net connected in native DRC,1,VCCAUX_1V8
U2,1,,,LINK_12V,assigned net connected in native DRC,1,LINK_12V
U2,2,,,SW_CORE,assigned net connected in native DRC,1,SW_CORE
U2,3,,,GND,assigned net connected in native DRC,1,GND
U2,4,,,GND,assigned net connected in native DRC,1,GND
U2,5,,,FB_CORE,assigned net connected in native DRC,1,FB_CORE
U2,6,,,VCORE_REG_1V025,assigned net connected in native DRC,1,VCORE_REG_1V025
U2,7,,,PG_CORE,assigned net connected in native DRC,1,PG_CORE
U2,8,,,LINK_12V,assigned net connected in native DRC,1,LINK_12V
U2,9,,,SS_CORE,assigned net connected in native DRC,1,SS_CORE
U2,10,,,LINK_12V,assigned net connected in native DRC,1,LINK_12V
U2,11,,,GND,assigned net connected in native DRC,1,GND
U3,1,,,LINK_12V,assigned net connected in native DRC,1,LINK_12V
U3,2,,,SW_AUX,assigned net connected in native DRC,1,SW_AUX
U3,3,,,GND,assigned net connected in native DRC,1,GND
U3,4,,,GND,assigned net connected in native DRC,1,GND
U3,5,,,FB_AUX,assigned net connected in native DRC,1,FB_AUX
U3,6,,,VAUX_REG_1V803,assigned net connected in native DRC,1,VAUX_REG_1V803
U3,7,,,PG_AUX,assigned net connected in native DRC,1,PG_AUX
U3,8,,,PG_CORE,assigned net connected in native DRC,1,PG_CORE
U3,9,,,SS_AUX,assigned net connected in native DRC,1,SS_AUX
U3,10,,,LINK_12V,assigned net connected in native DRC,1,LINK_12V
U3,11,,,GND,assigned net connected in native DRC,1,GND
U4,1,,,LINK_12V,assigned net connected in native DRC,1,LINK_12V
U4,2,,,SW_CFG,assigned net connected in native DRC,1,SW_CFG
U4,3,,,GND,assigned net connected in native DRC,1,GND
U4,4,,,GND,assigned net connected in native DRC,1,GND
U4,5,,,FB_CFG,assigned net connected in native DRC,1,FB_CFG
U4,6,,,VCC_LINK_2V5,assigned net connected in native DRC,1,VCC_LINK_2V5
U4,7,,,,intentional no-connect,1,unconnected-(U4-PG-Pad7)
U4,8,,,PG_AUX,assigned net connected in native DRC,1,PG_AUX
U4,9,,,SS_CFG,assigned net connected in native DRC,1,SS_CFG
U4,10,,,LINK_12V,assigned net connected in native DRC,1,LINK_12V
U4,11,,,GND,assigned net connected in native DRC,1,GND
U5,1,,,LINK_12V,assigned net connected in native DRC,1,LINK_12V
U5,2,,,SW_ASIC,assigned net connected in native DRC,1,SW_ASIC
U5,3,,,GND,assigned net connected in native DRC,1,GND
U5,4,,,GND,assigned net connected in native DRC,1,GND
U5,5,,,FB_ASIC,assigned net connected in native DRC,1,FB_ASIC
U5,6,,,VCC_ASIC_1V5,assigned net connected in native DRC,1,VCC_ASIC_1V5
U5,7,,,,intentional no-connect,1,unconnected-(U5-PG-Pad7)
U5,8,,,PG_AUX,assigned net connected in native DRC,1,PG_AUX
U5,9,,,SS_ASIC,assigned net connected in native DRC,1,SS_ASIC
U5,10,,,LINK_12V,assigned net connected in native DRC,1,LINK_12V
U5,11,,,GND,assigned net connected in native DRC,1,GND
U6,1,,,FLASH_CS_B,assigned net connected in native DRC,1,FLASH_CS_B
U6,2,,,FLASH_DQ1,assigned net connected in native DRC,1,FLASH_DQ1
U6,3,,,FLASH_DQ2,assigned net connected in native DRC,1,FLASH_DQ2
U6,4,,,GND,assigned net connected in native DRC,1,GND
U6,5,,,FLASH_DQ0,assigned net connected in native DRC,1,FLASH_DQ0
U6,6,,,FLASH_SCLK,assigned net connected in native DRC,1,FLASH_SCLK
U6,7,,,FLASH_DQ3,assigned net connected in native DRC,1,FLASH_DQ3
U6,8,,,VCCAUX_1V8,assigned net connected in native DRC,1,VCCAUX_1V8
Y1,1,,,VCCAUX_1V8,assigned net connected in native DRC,1,VCCAUX_1V8
Y1,2,,,GND,assigned net connected in native DRC,1,GND
Y1,3,,,OSC_32M_RAW,assigned net connected in native DRC,1,OSC_32M_RAW
Y1,4,,,VCCAUX_1V8,assigned net connected in native DRC,1,VCCAUX_1V8
