ball,pin_name,bank,category,action,reason,sheet,unit,marker_x_mm,marker_y_mm
R11,IO_0_14,14,UNUSED_GPIO,Add NC,No function or physical net in this revision; no boot/power pin removed.,hardware/fpga_unit_01.kicad_sch,1,158.75,93.98
L16,IO_L3N_T0_DQS_EMCCLK_14,14,UNUSED_EXTERNAL_CONFIG_CLOCK,Add NC,EMCCLK is unused; master SPI uses internal CCLK. Keep EXTMASTERCCLK_EN disabled.,hardware/fpga_unit_01.kicad_sch,1,158.75,109.22
L18,IO_L4P_T0_D04_14,14,UNUSED_GPIO,Add NC,No function or physical net in this revision; no boot/power pin removed.,hardware/fpga_unit_01.kicad_sch,1,158.75,111.76
M18,IO_L4N_T0_D05_14,14,UNUSED_GPIO,Add NC,No function or physical net in this revision; no boot/power pin removed.,hardware/fpga_unit_01.kicad_sch,1,158.75,114.3
R12,IO_L5P_T0_D06_14,14,UNUSED_GPIO,Add NC,No function or physical net in this revision; no boot/power pin removed.,hardware/fpga_unit_01.kicad_sch,1,158.75,116.84
R13,IO_L5N_T0_D07_14,14,UNUSED_GPIO,Add NC,No function or physical net in this revision; no boot/power pin removed.,hardware/fpga_unit_01.kicad_sch,1,158.75,119.38
M13,IO_L6N_T0_D08_VREF_14,14,UNUSED_GPIO_VREF_ALIAS,Add NC,GPIO/multifunction VREF alias; selected LVCMOS15/LVDS_25/1.8V configuration interface needs no external VREF here.,hardware/fpga_unit_01.kicad_sch,1,158.75,124.46
R18,IO_L7P_T1_D09_14,14,UNUSED_GPIO,Add NC,No function or physical net in this revision; no boot/power pin removed.,hardware/fpga_unit_01.kicad_sch,1,158.75,127.0
T18,IO_L7N_T1_D10_14,14,UNUSED_GPIO,Add NC,No function or physical net in this revision; no boot/power pin removed.,hardware/fpga_unit_01.kicad_sch,1,158.75,129.54
N14,IO_L8P_T1_D11_14,14,UNUSED_GPIO,Add NC,No function or physical net in this revision; no boot/power pin removed.,hardware/fpga_unit_01.kicad_sch,1,158.75,132.08
P14,IO_L8N_T1_D12_14,14,UNUSED_GPIO,Add NC,No function or physical net in this revision; no boot/power pin removed.,hardware/fpga_unit_01.kicad_sch,1,158.75,134.62
N17,IO_L9P_T1_DQS_14,14,UNUSED_GPIO,Add NC,No function or physical net in this revision; no boot/power pin removed.,hardware/fpga_unit_01.kicad_sch,1,158.75,137.16
P18,IO_L9N_T1_DQS_D13_14,14,UNUSED_GPIO,Add NC,No function or physical net in this revision; no boot/power pin removed.,hardware/fpga_unit_01.kicad_sch,1,158.75,139.7
M16,IO_L10P_T1_D14_14,14,UNUSED_GPIO,Add NC,No function or physical net in this revision; no boot/power pin removed.,hardware/fpga_unit_01.kicad_sch,1,158.75,142.24
M17,IO_L10N_T1_D15_14,14,UNUSED_GPIO,Add NC,No function or physical net in this revision; no boot/power pin removed.,hardware/fpga_unit_01.kicad_sch,1,158.75,144.78
N15,IO_L11P_T1_SRCC_14,14,UNUSED_GPIO,Add NC,No function or physical net in this revision; no boot/power pin removed.,hardware/fpga_unit_01.kicad_sch,1,158.75,147.32
N16,IO_L11N_T1_SRCC_14,14,UNUSED_GPIO,Add NC,No function or physical net in this revision; no boot/power pin removed.,hardware/fpga_unit_01.kicad_sch,1,158.75,149.86
R17,IO_L12N_T1_MRCC_14,14,SINGLE_ENDED_REFERENCE_CLOCK_N,Add NC,Unused N mate of single-ended oscillator P17.,hardware/fpga_unit_01.kicad_sch,1,158.75,154.94
P15,IO_L13P_T2_MRCC_14,14,UNUSED_GPIO,Add NC,No function or physical net in this revision; no boot/power pin removed.,hardware/fpga_unit_01.kicad_sch,1,158.75,157.48
R15,IO_L13N_T2_MRCC_14,14,UNUSED_GPIO,Add NC,No function or physical net in this revision; no boot/power pin removed.,hardware/fpga_unit_01.kicad_sch,1,158.75,160.02
T14,IO_L14P_T2_SRCC_14,14,UNUSED_GPIO,Add NC,No function or physical net in this revision; no boot/power pin removed.,hardware/fpga_unit_01.kicad_sch,1,158.75,162.56
T15,IO_L14N_T2_SRCC_14,14,UNUSED_GPIO,Add NC,No function or physical net in this revision; no boot/power pin removed.,hardware/fpga_unit_01.kicad_sch,1,158.75,165.1
R16,IO_L15P_T2_DQS_RDWR_B_14,14,UNUSED_GPIO,Add NC,No function or physical net in this revision; no boot/power pin removed.,hardware/fpga_unit_01.kicad_sch,1,158.75,167.64
T16,IO_L15N_T2_DQS_DOUT_CSO_B_14,14,UNUSED_GPIO,Add NC,No function or physical net in this revision; no boot/power pin removed.,hardware/fpga_unit_01.kicad_sch,1,158.75,170.18
V15,IO_L16P_T2_CSI_B_14,14,UNUSED_GPIO,Add NC,No function or physical net in this revision; no boot/power pin removed.,hardware/fpga_unit_01.kicad_sch,1,158.75,172.72
V16,IO_L16N_T2_A15_D31_14,14,UNUSED_GPIO,Add NC,No function or physical net in this revision; no boot/power pin removed.,hardware/fpga_unit_01.kicad_sch,1,158.75,175.26
U17,IO_L17P_T2_A14_D30_14,14,UNUSED_GPIO,Add NC,No function or physical net in this revision; no boot/power pin removed.,hardware/fpga_unit_01.kicad_sch,1,158.75,177.8
U18,IO_L17N_T2_A13_D29_14,14,UNUSED_GPIO,Add NC,No function or physical net in this revision; no boot/power pin removed.,hardware/fpga_unit_01.kicad_sch,1,158.75,180.34
U16,IO_L18P_T2_A12_D28_14,14,UNUSED_GPIO,Add NC,No function or physical net in this revision; no boot/power pin removed.,hardware/fpga_unit_01.kicad_sch,1,158.75,182.88
V17,IO_L18N_T2_A11_D27_14,14,UNUSED_GPIO,Add NC,No function or physical net in this revision; no boot/power pin removed.,hardware/fpga_unit_01.kicad_sch,1,158.75,185.42
T11,IO_L19P_T3_A10_D26_14,14,UNUSED_GPIO,Add NC,No function or physical net in this revision; no boot/power pin removed.,hardware/fpga_unit_01.kicad_sch,1,158.75,187.96
U11,IO_L19N_T3_A09_D25_VREF_14,14,UNUSED_GPIO_VREF_ALIAS,Add NC,GPIO/multifunction VREF alias; selected LVCMOS15/LVDS_25/1.8V configuration interface needs no external VREF here.,hardware/fpga_unit_01.kicad_sch,1,158.75,190.5
U12,IO_L20P_T3_A08_D24_14,14,UNUSED_GPIO,Add NC,No function or physical net in this revision; no boot/power pin removed.,hardware/fpga_unit_01.kicad_sch,1,158.75,193.04
V12,IO_L20N_T3_A07_D23_14,14,UNUSED_GPIO,Add NC,No function or physical net in this revision; no boot/power pin removed.,hardware/fpga_unit_01.kicad_sch,1,158.75,195.58
V10,IO_L21P_T3_DQS_14,14,UNUSED_GPIO,Add NC,No function or physical net in this revision; no boot/power pin removed.,hardware/fpga_unit_01.kicad_sch,1,158.75,198.12
V11,IO_L21N_T3_DQS_A06_D22_14,14,UNUSED_GPIO,Add NC,No function or physical net in this revision; no boot/power pin removed.,hardware/fpga_unit_01.kicad_sch,1,158.75,200.66
U14,IO_L22P_T3_A05_D21_14,14,UNUSED_GPIO,Add NC,No function or physical net in this revision; no boot/power pin removed.,hardware/fpga_unit_01.kicad_sch,1,158.75,203.2
V14,IO_L22N_T3_A04_D20_14,14,UNUSED_GPIO,Add NC,No function or physical net in this revision; no boot/power pin removed.,hardware/fpga_unit_01.kicad_sch,1,158.75,205.74
T13,IO_L23P_T3_A03_D19_14,14,UNUSED_GPIO,Add NC,No function or physical net in this revision; no boot/power pin removed.,hardware/fpga_unit_01.kicad_sch,1,158.75,208.28
U13,IO_L23N_T3_A02_D18_14,14,UNUSED_GPIO,Add NC,No function or physical net in this revision; no boot/power pin removed.,hardware/fpga_unit_01.kicad_sch,1,158.75,210.82
T9,IO_L24P_T3_A01_D17_14,14,UNUSED_GPIO,Add NC,No function or physical net in this revision; no boot/power pin removed.,hardware/fpga_unit_01.kicad_sch,1,158.75,213.36
T10,IO_L24N_T3_A00_D16_14,14,UNUSED_GPIO,Add NC,No function or physical net in this revision; no boot/power pin removed.,hardware/fpga_unit_01.kicad_sch,1,158.75,215.9
R10,IO_25_14,14,UNUSED_GPIO,Add NC,No function or physical net in this revision; no boot/power pin removed.,hardware/fpga_unit_01.kicad_sch,1,158.75,218.44
G13,IO_0_15,15,UNUSED_GPIO,Add NC,No function or physical net in this revision; no boot/power pin removed.,hardware/fpga_unit_01.kicad_sch,1,260.35,93.98
D14,IO_L1P_T0_AD0P_15,15,UNUSED_GPIO,Add NC,No function or physical net in this revision; no boot/power pin removed.,hardware/fpga_unit_01.kicad_sch,1,260.35,96.52
F13,IO_L5P_T0_AD9P_15,15,UNUSED_GPIO,Add NC,No function or physical net in this revision; no boot/power pin removed.,hardware/fpga_unit_01.kicad_sch,1,260.35,116.84
F14,IO_L5N_T0_AD9N_15,15,UNUSED_GPIO,Add NC,No function or physical net in this revision; no boot/power pin removed.,hardware/fpga_unit_01.kicad_sch,1,260.35,119.38
D13,IO_L6N_T0_VREF_15,15,UNUSED_GPIO_VREF_ALIAS,Add NC,GPIO/multifunction VREF alias; selected LVCMOS15/LVDS_25/1.8V configuration interface needs no external VREF here.,hardware/fpga_unit_01.kicad_sch,1,260.35,124.46
B18,IO_L10P_T1_AD11P_15,15,UNUSED_GPIO,Add NC,No function or physical net in this revision; no boot/power pin removed.,hardware/fpga_unit_01.kicad_sch,1,260.35,142.24
E15,IO_L11P_T1_SRCC_15,15,UNUSED_GPIO,Add NC,No function or physical net in this revision; no boot/power pin removed.,hardware/fpga_unit_01.kicad_sch,1,260.35,147.32
E16,IO_L11N_T1_SRCC_15,15,UNUSED_GPIO,Add NC,No function or physical net in this revision; no boot/power pin removed.,hardware/fpga_unit_01.kicad_sch,1,260.35,149.86
D15,IO_L12P_T1_MRCC_15,15,UNUSED_GPIO,Add NC,No function or physical net in this revision; no boot/power pin removed.,hardware/fpga_unit_01.kicad_sch,1,260.35,152.4
C15,IO_L12N_T1_MRCC_15,15,UNUSED_GPIO,Add NC,No function or physical net in this revision; no boot/power pin removed.,hardware/fpga_unit_01.kicad_sch,1,260.35,154.94
H16,IO_L13P_T2_MRCC_15,15,UNUSED_GPIO,Add NC,No function or physical net in this revision; no boot/power pin removed.,hardware/fpga_unit_01.kicad_sch,1,260.35,157.48
G16,IO_L13N_T2_MRCC_15,15,UNUSED_GPIO,Add NC,No function or physical net in this revision; no boot/power pin removed.,hardware/fpga_unit_01.kicad_sch,1,260.35,160.02
F15,IO_L14P_T2_SRCC_15,15,UNUSED_GPIO,Add NC,No function or physical net in this revision; no boot/power pin removed.,hardware/fpga_unit_01.kicad_sch,1,260.35,162.56
F16,IO_L14N_T2_SRCC_15,15,UNUSED_GPIO,Add NC,No function or physical net in this revision; no boot/power pin removed.,hardware/fpga_unit_01.kicad_sch,1,260.35,165.1
E17,IO_L16P_T2_A28_15,15,UNUSED_GPIO,Add NC,No function or physical net in this revision; no boot/power pin removed.,hardware/fpga_unit_01.kicad_sch,1,260.35,172.72
D17,IO_L16N_T2_A27_15,15,UNUSED_GPIO,Add NC,No function or physical net in this revision; no boot/power pin removed.,hardware/fpga_unit_01.kicad_sch,1,260.35,175.26
H15,IO_L19N_T3_A21_VREF_15,15,UNUSED_GPIO_VREF_ALIAS,Add NC,GPIO/multifunction VREF alias; selected LVCMOS15/LVDS_25/1.8V configuration interface needs no external VREF here.,hardware/fpga_unit_01.kicad_sch,1,260.35,190.5
C17,IO_L20N_T3_A19_15,15,UNUSED_GPIO,Add NC,No function or physical net in this revision; no boot/power pin removed.,hardware/fpga_unit_01.kicad_sch,1,260.35,195.58
E18,IO_L21P_T3_DQS_15,15,UNUSED_GPIO,Add NC,No function or physical net in this revision; no boot/power pin removed.,hardware/fpga_unit_01.kicad_sch,1,260.35,198.12
D18,IO_L21N_T3_DQS_A18_15,15,UNUSED_GPIO,Add NC,No function or physical net in this revision; no boot/power pin removed.,hardware/fpga_unit_01.kicad_sch,1,260.35,200.66
F18,IO_L22N_T3_A16_15,15,UNUSED_GPIO,Add NC,No function or physical net in this revision; no boot/power pin removed.,hardware/fpga_unit_01.kicad_sch,1,260.35,205.74
D9,IO_L6N_T0_VREF_16,16,UNUSED_GPIO_VREF_ALIAS,Add NC,GPIO/multifunction VREF alias; selected LVCMOS15/LVDS_25/1.8V configuration interface needs no external VREF here.,hardware/fpga_unit_02.kicad_sch,2,158.75,93.98
C9,IO_L11P_T1_SRCC_16,16,RESERVED_LINK_PAIR,Keep visibly reserved; no NC marker,Candidate bank16 differential pair; final link and receiver allocation pending.,hardware/fpga_unit_02.kicad_sch,2,158.75,96.52
B9,IO_L11N_T1_SRCC_16,16,RESERVED_LINK_PAIR,Keep visibly reserved; no NC marker,Candidate bank16 differential pair; final link and receiver allocation pending.,hardware/fpga_unit_02.kicad_sch,2,158.75,99.06
B8,IO_L12P_T1_MRCC_16,16,RESERVED_LINK_PAIR,Keep visibly reserved; no NC marker,Candidate bank16 differential pair; final link and receiver allocation pending.,hardware/fpga_unit_02.kicad_sch,2,158.75,101.6
A8,IO_L12N_T1_MRCC_16,16,RESERVED_LINK_PAIR,Keep visibly reserved; no NC marker,Candidate bank16 differential pair; final link and receiver allocation pending.,hardware/fpga_unit_02.kicad_sch,2,158.75,104.14
C11,IO_L13P_T2_MRCC_16,16,RESERVED_LINK_PAIR,Keep visibly reserved; no NC marker,Candidate bank16 differential pair; final link and receiver allocation pending.,hardware/fpga_unit_02.kicad_sch,2,158.75,106.68
C10,IO_L13N_T2_MRCC_16,16,RESERVED_LINK_PAIR,Keep visibly reserved; no NC marker,Candidate bank16 differential pair; final link and receiver allocation pending.,hardware/fpga_unit_02.kicad_sch,2,158.75,109.22
A10,IO_L14P_T2_SRCC_16,16,RESERVED_LINK_PAIR,Keep visibly reserved; no NC marker,Candidate bank16 differential pair; final link and receiver allocation pending.,hardware/fpga_unit_02.kicad_sch,2,158.75,111.76
A9,IO_L14N_T2_SRCC_16,16,RESERVED_LINK_PAIR,Keep visibly reserved; no NC marker,Candidate bank16 differential pair; final link and receiver allocation pending.,hardware/fpga_unit_02.kicad_sch,2,158.75,114.3
D10,IO_L19N_T3_VREF_16,16,UNUSED_GPIO_VREF_ALIAS,Add NC,GPIO/multifunction VREF alias; selected LVCMOS15/LVDS_25/1.8V configuration interface needs no external VREF here.,hardware/fpga_unit_02.kicad_sch,2,158.75,116.84
L5,IO_L6N_T0_VREF_34,34,UNUSED_GPIO_VREF_ALIAS,Add NC,GPIO/multifunction VREF alias; selected LVCMOS15/LVDS_25/1.8V configuration interface needs no external VREF here.,hardware/fpga_unit_02.kicad_sch,2,260.35,124.46
T3,IO_L11N_T1_SRCC_34,34,SINGLE_ENDED_RETURN_CLOCK_N,Add NC,Unused N mate of single-ended LVCMOS15 returned-clock P ball R3; no differential receiver instantiated.,hardware/fpga_unit_02.kicad_sch,2,260.35,149.86
T4,IO_L12N_T1_MRCC_34,34,SINGLE_ENDED_RETURN_CLOCK_N,Add NC,Unused N mate of single-ended LVCMOS15 returned-clock P ball T5; no differential receiver instantiated.,hardware/fpga_unit_02.kicad_sch,2,260.35,154.94
P5,IO_L13N_T2_MRCC_34,34,SINGLE_ENDED_RETURN_CLOCK_N,Add NC,Unused N mate of single-ended LVCMOS15 returned-clock P ball N5; no differential receiver instantiated.,hardware/fpga_unit_02.kicad_sch,2,260.35,160.02
P3,IO_L14N_T2_SRCC_34,34,SINGLE_ENDED_RETURN_CLOCK_N,Add NC,Unused N mate of single-ended LVCMOS15 returned-clock P ball P4; no differential receiver instantiated.,hardware/fpga_unit_02.kicad_sch,2,260.35,165.1
R5,IO_L19N_T3_VREF_34,34,UNUSED_GPIO_VREF_ALIAS,Add NC,GPIO/multifunction VREF alias; selected LVCMOS15/LVDS_25/1.8V configuration interface needs no external VREF here.,hardware/fpga_unit_02.kicad_sch,2,260.35,190.5
D7,IO_L6N_T0_VREF_35,35,UNUSED_GPIO_VREF_ALIAS,Add NC,GPIO/multifunction VREF alias; selected LVCMOS15/LVDS_25/1.8V configuration interface needs no external VREF here.,hardware/fpga_unit_03.kicad_sch,3,162.56,124.46
D4,IO_L11N_T1_SRCC_35,35,SINGLE_ENDED_RETURN_CLOCK_N,Add NC,Unused N mate of single-ended LVCMOS15 returned-clock P ball D5; no differential receiver instantiated.,hardware/fpga_unit_03.kicad_sch,3,162.56,149.86
D3,IO_L12N_T1_MRCC_35,35,SINGLE_ENDED_RETURN_CLOCK_N,Add NC,Unused N mate of single-ended LVCMOS15 returned-clock P ball E3; no differential receiver instantiated.,hardware/fpga_unit_03.kicad_sch,3,162.56,154.94
F3,IO_L13N_T2_MRCC_35,35,SINGLE_ENDED_RETURN_CLOCK_N,Add NC,Unused N mate of single-ended LVCMOS15 returned-clock P ball F4; no differential receiver instantiated.,hardware/fpga_unit_03.kicad_sch,3,162.56,160.02
D2,IO_L14N_T2_SRCC_35,35,SINGLE_ENDED_RETURN_CLOCK_N,Add NC,Unused N mate of single-ended LVCMOS15 returned-clock P ball E2; no differential receiver instantiated.,hardware/fpga_unit_03.kicad_sch,3,162.56,165.1
F6,IO_L19N_T3_VREF_35,35,UNUSED_GPIO_VREF_ALIAS,Add NC,GPIO/multifunction VREF alias; selected LVCMOS15/LVDS_25/1.8V configuration interface needs no external VREF here.,hardware/fpga_unit_03.kicad_sch,3,162.56,190.5
A13,IO_L9P_T1_DQS_AD3P_15,15,ANALOG_REMOVAL,Retain existing NC,AC_IN analog is provided on carrier; no FPGA connection permitted under current design.,hardware/fpga_unit_01.kicad_sch,1,260.35,137.16
L14,IO_L2P_T0_D02_14,14,UNUSED_QUAD_BOOT_DATA,Add NC,Fixed SPI x1 boot; optional quad R106/R107 paths removed. No application port on this ball.,hardware/fpga_unit_01.kicad_sch,1,158.75,101.6
M14,IO_L2N_T0_D03_14,14,UNUSED_QUAD_BOOT_DATA,Add NC,Fixed SPI x1 boot; optional quad R106/R107 paths removed. No application port on this ball.,hardware/fpga_unit_01.kicad_sch,1,158.75,104.14
