reference,value,mpn,footprint,role,fitted,intentional_nc_pins,datasheet
U1,XC7A100T-1CSG324I,XC7A100T-1CSG324I,FPGA100T:Xilinx_CSG324,FPGA,True,"R11,L16,L18,M18,R12,R13,M13,R18,T18,N14,P14,N17,P18,M16,M17,N15,N16,R17,P15,R15,T14,T15,R16,T16,V15,V16,U17,U18,U16,V17,T11,U11,U12,V12,V10,V11,U14,V14,T13,U13,T9,T10,R10,G13,D14,F13,F14,D13,B18,E15,E16,D15,C15,H16,G16,F15,F16,E17,D17,H15,C17,E18,D18,F18,D9,D10,L5,T3,T4,P5,P3,R5,D7,D4,D3,F3,D2,F6,A13,L14,M14",https://docs.amd.com/v/u/en-US/ds181_Artix_7_Data_Sheet
C1,47u 25V X5R,MSAST32MAB5476MPNDT1,CoreSupport:Capacitor_SMD__C_1210_3225Metric,power_input,True,,https://ds.yuden.co.jp/TYCOMPAS/or/detail?pn=MSAST32MAB5476MPNDT1&u=M
C2,100n 100V X7R,GRM188R72A104KA35D,CoreSupport:Capacitor_SMD__C_0603_1608Metric,power_input,True,,https://www.murata.com/products/productdetail?partno=GRM188R72A104KA35%23
U2,TPS62135RGXR,TPS62135RGXR,CoreSupport:PowerDraft__Texas_VQFN_RGX0011A_2x3mm,power_core,True,,https://www.ti.com/lit/ds/symlink/tps62135.pdf
L1,1uH 5.4A Isat30%,XFL4020-102MEC,CoreSupport:PowerDraft__L_Coilcraft_XFL4020,power_core,True,,https://www.coilcraft.com/getmedia/50632d43-da1b-4cdb-8ab4-3029cab51df3/xfl4020.pdf
R1,32.4k 0.1%,TNPW060332K4BEEA,CoreSupport:Resistor_SMD__R_0603_1608Metric,power_core,True,,https://www.vishay.com/docs/28758/tnpw_e3.pdf
R2,69.8k 0.1%,TNPW060369K8BEEA,CoreSupport:Resistor_SMD__R_0603_1608Metric,power_core,True,,https://www.vishay.com/docs/28758/tnpw_e3.pdf
C3,22u 25V X5R,MSAST31LBB5226MTNA01,CoreSupport:Capacitor_SMD__C_1206_3216Metric,power_core,True,,https://ds.yuden.co.jp/TYCOMPAS/or/detail?pn=MSAST31LBB5226MTNA01&u=M
C4,100n 100V X7R,GRM188R72A104KA35D,CoreSupport:Capacitor_SMD__C_0603_1608Metric,power_core,True,,https://www.murata.com/products/productdetail?partno=GRM188R72A104KA35%23
C5,22u 16V X5R,EMK212BBJ226MG-T,CoreSupport:Capacitor_SMD__C_0805_2012Metric,power_core,True,,https://ds-origin.yuden.co.jp/TYCOMPAS/eu/detail?pn=MSASE21GBB5226MTNA01&u=M
C6,10n 50V X7R,GRM188R71H103KA01D,CoreSupport:Capacitor_SMD__C_0603_1608Metric,power_core,True,,https://www.murata.com/en-global/products/productdetail?partno=GRM188R71H103KA01%23
U3,TPS62135RGXR,TPS62135RGXR,CoreSupport:PowerDraft__Texas_VQFN_RGX0011A_2x3mm,power_aux,True,,https://www.ti.com/lit/ds/symlink/tps62135.pdf
L2,1uH 5.4A Isat30%,XFL4020-102MEC,CoreSupport:PowerDraft__L_Coilcraft_XFL4020,power_aux,True,,https://www.coilcraft.com/getmedia/50632d43-da1b-4cdb-8ab4-3029cab51df3/xfl4020.pdf
R3,110k 0.1%,TNPW0603110KBEEA,CoreSupport:Resistor_SMD__R_0603_1608Metric,power_aux,True,,https://www.vishay.com/docs/28758/tnpw_e3.pdf
R4,69.8k 0.1%,TNPW060369K8BEEA,CoreSupport:Resistor_SMD__R_0603_1608Metric,power_aux,True,,https://www.vishay.com/docs/28758/tnpw_e3.pdf
C7,22u 25V X5R,MSAST31LBB5226MTNA01,CoreSupport:Capacitor_SMD__C_1206_3216Metric,power_aux,True,,https://ds.yuden.co.jp/TYCOMPAS/or/detail?pn=MSAST31LBB5226MTNA01&u=M
C8,100n 100V X7R,GRM188R72A104KA35D,CoreSupport:Capacitor_SMD__C_0603_1608Metric,power_aux,True,,https://www.murata.com/products/productdetail?partno=GRM188R72A104KA35%23
C9,22u 16V X5R,EMK212BBJ226MG-T,CoreSupport:Capacitor_SMD__C_0805_2012Metric,power_aux,True,,https://ds-origin.yuden.co.jp/TYCOMPAS/eu/detail?pn=MSASE21GBB5226MTNA01&u=M
C10,10n 50V X7R,GRM188R71H103KA01D,CoreSupport:Capacitor_SMD__C_0603_1608Metric,power_aux,True,,https://www.murata.com/en-global/products/productdetail?partno=GRM188R71H103KA01%23
U4,TPS62135RGXR,TPS62135RGXR,CoreSupport:PowerDraft__Texas_VQFN_RGX0011A_2x3mm,power_cfg,True,7,https://www.ti.com/lit/ds/symlink/tps62135.pdf
L3,1uH 5.4A Isat30%,XFL4020-102MEC,CoreSupport:PowerDraft__L_Coilcraft_XFL4020,power_cfg,True,,https://www.coilcraft.com/getmedia/50632d43-da1b-4cdb-8ab4-3029cab51df3/xfl4020.pdf
R5,180k 0.1%,TNPW0603180KBEEA,CoreSupport:Resistor_SMD__R_0603_1608Metric,power_cfg,True,,https://www.vishay.com/docs/28758/tnpw_e3.pdf
R6,69.8k 0.1%,TNPW060369K8BEEA,CoreSupport:Resistor_SMD__R_0603_1608Metric,power_cfg,True,,https://www.vishay.com/docs/28758/tnpw_e3.pdf
C11,22u 25V X5R,MSAST31LBB5226MTNA01,CoreSupport:Capacitor_SMD__C_1206_3216Metric,power_cfg,True,,https://ds.yuden.co.jp/TYCOMPAS/or/detail?pn=MSAST31LBB5226MTNA01&u=M
C12,100n 100V X7R,GRM188R72A104KA35D,CoreSupport:Capacitor_SMD__C_0603_1608Metric,power_cfg,True,,https://www.murata.com/products/productdetail?partno=GRM188R72A104KA35%23
C13,22u 16V X5R,EMK212BBJ226MG-T,CoreSupport:Capacitor_SMD__C_0805_2012Metric,power_cfg,True,,https://ds-origin.yuden.co.jp/TYCOMPAS/eu/detail?pn=MSASE21GBB5226MTNA01&u=M
C14,10n 50V X7R,GRM188R71H103KA01D,CoreSupport:Capacitor_SMD__C_0603_1608Metric,power_cfg,True,,https://www.murata.com/en-global/products/productdetail?partno=GRM188R71H103KA01%23
U5,TPS62135RGXR,TPS62135RGXR,CoreSupport:PowerDraft__Texas_VQFN_RGX0011A_2x3mm,power_asic,True,7,https://www.ti.com/lit/ds/symlink/tps62135.pdf
L4,1uH 5.4A Isat30%,XFL4020-102MEC,CoreSupport:PowerDraft__L_Coilcraft_XFL4020,power_asic,True,,https://www.coilcraft.com/getmedia/50632d43-da1b-4cdb-8ab4-3029cab51df3/xfl4020.pdf
R7,80.6k 0.1%,TNPW060380K6BEEA,CoreSupport:Resistor_SMD__R_0603_1608Metric,power_asic,True,,https://www.vishay.com/docs/28758/tnpw_e3.pdf
R8,69.8k 0.1%,TNPW060369K8BEEA,CoreSupport:Resistor_SMD__R_0603_1608Metric,power_asic,True,,https://www.vishay.com/docs/28758/tnpw_e3.pdf
C15,22u 25V X5R,MSAST31LBB5226MTNA01,CoreSupport:Capacitor_SMD__C_1206_3216Metric,power_asic,True,,https://ds.yuden.co.jp/TYCOMPAS/or/detail?pn=MSAST31LBB5226MTNA01&u=M
C16,100n 100V X7R,GRM188R72A104KA35D,CoreSupport:Capacitor_SMD__C_0603_1608Metric,power_asic,True,,https://www.murata.com/products/productdetail?partno=GRM188R72A104KA35%23
C17,22u 16V X5R,EMK212BBJ226MG-T,CoreSupport:Capacitor_SMD__C_0805_2012Metric,power_asic,True,,https://ds-origin.yuden.co.jp/TYCOMPAS/eu/detail?pn=MSASE21GBB5226MTNA01&u=M
C18,10n 50V X7R,GRM188R71H103KA01D,CoreSupport:Capacitor_SMD__C_0603_1608Metric,power_asic,True,,https://www.murata.com/en-global/products/productdetail?partno=GRM188R71H103KA01%23
R9,12m 1% 1W,WSLP1206R0120FEA,CoreSupport:Resistor_SMD__R_1206_3216Metric,power_core,True,,https://www.vishay.com/docs/30122/wslp.pdf
R10,100k,CRCW0603100KFKEA,CoreSupport:Resistor_SMD__R_0603_1608Metric,power_core,True,,https://www.vishay.com/docs/20035/dcrcwe3.pdf
R11,100k,CRCW0603100KFKEA,CoreSupport:Resistor_SMD__R_0603_1608Metric,power_aux,True,,https://www.vishay.com/docs/20035/dcrcwe3.pdf
C20,330u 2.5V POSCAP ESR9m@300kHz,ETPE330M9GB,CoreSupport:Panasonic_POSCAP_B2_Recommended,decoupling_core,True,,https://industrial.panasonic.com/cdbs/www-data/pdf/AAA8000/AAA8000C36.pdf
C21,100u 6.3V X5R,GRM32ER60J107ME20L,CoreSupport:Capacitor_SMD__C_1210_3225Metric,decoupling_bram,True,,https://docs.amd.com/api/khub/documents/6L8DUUei7ZCE78qwQafC3A/content
C22,4.7u 10V X7R,GRM21BR71A475KA73L,CoreSupport:Capacitor_SMD__C_0805_2012Metric,decoupling_core,True,,https://docs.amd.com/api/khub/documents/6L8DUUei7ZCE78qwQafC3A/content
C23,4.7u 10V X7R,GRM21BR71A475KA73L,CoreSupport:Capacitor_SMD__C_0805_2012Metric,decoupling_core,True,,https://docs.amd.com/api/khub/documents/6L8DUUei7ZCE78qwQafC3A/content
C24,4.7u 10V X7R,GRM21BR71A475KA73L,CoreSupport:Capacitor_SMD__C_0805_2012Metric,decoupling_core,True,,https://docs.amd.com/api/khub/documents/6L8DUUei7ZCE78qwQafC3A/content
C25,4.7u 10V X7R,GRM21BR71A475KA73L,CoreSupport:Capacitor_SMD__C_0805_2012Metric,decoupling_core,True,,https://docs.amd.com/api/khub/documents/6L8DUUei7ZCE78qwQafC3A/content
C26,4.7uF 16V X5R,C1608X5R1C475K080AC,CoreSupport:TDK_C1608_Reflow_0p7,decoupling_core,True,,https://product.tdk.com/en/search/capacitor/ceramic/mlcc/info?part_no=C1608X5R1C475K080AC
C27,4.7u 10V X7R,GRM21BR71A475KA73L,CoreSupport:Capacitor_SMD__C_0805_2012Metric,decoupling_core,True,,https://docs.amd.com/api/khub/documents/6L8DUUei7ZCE78qwQafC3A/content
C28,470n 10V X7R,GRT155R71A474KE01D,CoreSupport:Murata_GRT15_0402_Recommended,decoupling_core,True,,https://search.murata.co.jp/Ceramy/image/img/A01X/G101/ENG/GRT155R71A474KE01-01A.pdf
C29,470n 10V X7R,GRT155R71A474KE01D,CoreSupport:Murata_GRT15_0402_Recommended,decoupling_core,True,,https://search.murata.co.jp/Ceramy/image/img/A01X/G101/ENG/GRT155R71A474KE01-01A.pdf
C30,470n 10V X7R,GRT155R71A474KE01D,CoreSupport:Murata_GRT15_0402_Recommended,decoupling_core,True,,https://search.murata.co.jp/Ceramy/image/img/A01X/G101/ENG/GRT155R71A474KE01-01A.pdf
C31,470n 10V X7R,GRT155R71A474KE01D,CoreSupport:Murata_GRT15_0402_Recommended,decoupling_core,True,,https://search.murata.co.jp/Ceramy/image/img/A01X/G101/ENG/GRT155R71A474KE01-01A.pdf
C32,470n 10V X7R,GRT155R71A474KE01D,CoreSupport:Murata_GRT15_0402_Recommended,decoupling_core,True,,https://search.murata.co.jp/Ceramy/image/img/A01X/G101/ENG/GRT155R71A474KE01-01A.pdf
C33,470n 10V X7R,GRT155R71A474KE01D,CoreSupport:Murata_GRT15_0402_Recommended,decoupling_core,True,,https://search.murata.co.jp/Ceramy/image/img/A01X/G101/ENG/GRT155R71A474KE01-01A.pdf
C34,470n 10V X7R,GRT155R71A474KE01D,CoreSupport:Murata_GRT15_0402_Recommended,decoupling_core,True,,https://search.murata.co.jp/Ceramy/image/img/A01X/G101/ENG/GRT155R71A474KE01-01A.pdf
C35,470n 10V X7R,GRT155R71A474KE01D,CoreSupport:Murata_GRT15_0402_Recommended,decoupling_core,True,,https://search.murata.co.jp/Ceramy/image/img/A01X/G101/ENG/GRT155R71A474KE01-01A.pdf
C36,470n 10V X7R,GRT155R71A474KE01D,CoreSupport:Murata_GRT15_0402_Recommended,decoupling_bram,True,,https://search.murata.co.jp/Ceramy/image/img/A01X/G101/ENG/GRT155R71A474KE01-01A.pdf
C37,470n 10V X7R,GRT155R71A474KE01D,CoreSupport:Murata_GRT15_0402_Recommended,decoupling_bram,True,,https://search.murata.co.jp/Ceramy/image/img/A01X/G101/ENG/GRT155R71A474KE01-01A.pdf
C40,47u 6.3V X7R,GRM32ER70J476ME20L,CoreSupport:Capacitor_SMD__C_1210_3225Metric,decoupling_aux,True,,https://docs.amd.com/api/khub/documents/6L8DUUei7ZCE78qwQafC3A/content
C41,4.7u 10V X7R,GRM21BR71A475KA73L,CoreSupport:Capacitor_SMD__C_0805_2012Metric,decoupling_aux,True,,https://docs.amd.com/api/khub/documents/6L8DUUei7ZCE78qwQafC3A/content
C42,4.7u 10V X7R,GRM21BR71A475KA73L,CoreSupport:Capacitor_SMD__C_0805_2012Metric,decoupling_aux,True,,https://docs.amd.com/api/khub/documents/6L8DUUei7ZCE78qwQafC3A/content
C43,470n 10V X7R,GRT155R71A474KE01D,CoreSupport:Murata_GRT15_0402_Recommended,decoupling_aux,True,,https://search.murata.co.jp/Ceramy/image/img/A01X/G101/ENG/GRT155R71A474KE01-01A.pdf
C44,470n 10V X7R,GRT155R71A474KE01D,CoreSupport:Murata_GRT15_0402_Recommended,decoupling_aux,True,,https://search.murata.co.jp/Ceramy/image/img/A01X/G101/ENG/GRT155R71A474KE01-01A.pdf
C45,470n 10V X7R,GRT155R71A474KE01D,CoreSupport:Murata_GRT15_0402_Recommended,decoupling_aux,True,,https://search.murata.co.jp/Ceramy/image/img/A01X/G101/ENG/GRT155R71A474KE01-01A.pdf
C46,470n 10V X7R,GRT155R71A474KE01D,CoreSupport:Murata_GRT15_0402_Recommended,decoupling_aux,True,,https://search.murata.co.jp/Ceramy/image/img/A01X/G101/ENG/GRT155R71A474KE01-01A.pdf
C50,47u 6.3V X7R,GRM32ER70J476ME20L,CoreSupport:Capacitor_SMD__C_1210_3225Metric,decoupling_bank0,True,,https://docs.amd.com/api/khub/documents/6L8DUUei7ZCE78qwQafC3A/content
C51,4.7uF 16V X5R,C1608X5R1C475K080AC,CoreSupport:TDK_C1608_Reflow_0p7,decoupling_bank14,True,,https://product.tdk.com/en/search/capacitor/ceramic/mlcc/info?part_no=C1608X5R1C475K080AC
C52,4.7u 10V X7R,GRM21BR71A475KA73L,CoreSupport:Capacitor_SMD__C_0805_2012Metric,decoupling_bank14,True,,https://docs.amd.com/api/khub/documents/6L8DUUei7ZCE78qwQafC3A/content
C53,470n 10V X7R,GRT155R71A474KE01D,CoreSupport:Murata_GRT15_0402_Recommended,decoupling_bank14,True,,https://search.murata.co.jp/Ceramy/image/img/A01X/G101/ENG/GRT155R71A474KE01-01A.pdf
C54,470n 10V X7R,GRT155R71A474KE01D,CoreSupport:Murata_GRT15_0402_Recommended,decoupling_bank14,True,,https://search.murata.co.jp/Ceramy/image/img/A01X/G101/ENG/GRT155R71A474KE01-01A.pdf
C55,470n 10V X7R,GRT155R71A474KE01D,CoreSupport:Murata_GRT15_0402_Recommended,decoupling_bank14,True,,https://search.murata.co.jp/Ceramy/image/img/A01X/G101/ENG/GRT155R71A474KE01-01A.pdf
C56,470n 10V X7R,GRT155R71A474KE01D,CoreSupport:Murata_GRT15_0402_Recommended,decoupling_bank14,True,,https://search.murata.co.jp/Ceramy/image/img/A01X/G101/ENG/GRT155R71A474KE01-01A.pdf
C57,4.7u 10V X7R,GRM21BR71A475KA73L,CoreSupport:Capacitor_SMD__C_0805_2012Metric,decoupling_bank16,True,,https://docs.amd.com/api/khub/documents/6L8DUUei7ZCE78qwQafC3A/content
C58,4.7u 10V X7R,GRM21BR71A475KA73L,CoreSupport:Capacitor_SMD__C_0805_2012Metric,decoupling_bank16,True,,https://docs.amd.com/api/khub/documents/6L8DUUei7ZCE78qwQafC3A/content
C59,470n 10V X7R,GRT155R71A474KE01D,CoreSupport:Murata_GRT15_0402_Recommended,decoupling_bank16,True,,https://search.murata.co.jp/Ceramy/image/img/A01X/G101/ENG/GRT155R71A474KE01-01A.pdf
C60,470n 10V X7R,GRT155R71A474KE01D,CoreSupport:Murata_GRT15_0402_Recommended,decoupling_bank16,True,,https://search.murata.co.jp/Ceramy/image/img/A01X/G101/ENG/GRT155R71A474KE01-01A.pdf
C61,470n 10V X7R,GRT155R71A474KE01D,CoreSupport:Murata_GRT15_0402_Recommended,decoupling_bank16,True,,https://search.murata.co.jp/Ceramy/image/img/A01X/G101/ENG/GRT155R71A474KE01-01A.pdf
C62,470n 10V X7R,GRT155R71A474KE01D,CoreSupport:Murata_GRT15_0402_Recommended,decoupling_bank16,True,,https://search.murata.co.jp/Ceramy/image/img/A01X/G101/ENG/GRT155R71A474KE01-01A.pdf
C64,4.7u 10V X7R,GRM21BR71A475KA73L,CoreSupport:Capacitor_SMD__C_0805_2012Metric,decoupling_bank15,True,,https://docs.amd.com/api/khub/documents/6L8DUUei7ZCE78qwQafC3A/content
C65,4.7uF 16V X5R,C1608X5R1C475K080AC,CoreSupport:TDK_C1608_Reflow_0p7,decoupling_bank15,True,,https://product.tdk.com/en/search/capacitor/ceramic/mlcc/info?part_no=C1608X5R1C475K080AC
C66,470n 10V X7R,GRT155R71A474KE01D,CoreSupport:Murata_GRT15_0402_Recommended,decoupling_bank15,True,,https://search.murata.co.jp/Ceramy/image/img/A01X/G101/ENG/GRT155R71A474KE01-01A.pdf
C67,470n 10V X7R,GRT155R71A474KE01D,CoreSupport:Murata_GRT15_0402_Recommended,decoupling_bank15,True,,https://search.murata.co.jp/Ceramy/image/img/A01X/G101/ENG/GRT155R71A474KE01-01A.pdf
C68,470n 10V X7R,GRT155R71A474KE01D,CoreSupport:Murata_GRT15_0402_Recommended,decoupling_bank15,True,,https://search.murata.co.jp/Ceramy/image/img/A01X/G101/ENG/GRT155R71A474KE01-01A.pdf
C69,470n 10V X7R,GRT155R71A474KE01D,CoreSupport:Murata_GRT15_0402_Recommended,decoupling_bank15,True,,https://search.murata.co.jp/Ceramy/image/img/A01X/G101/ENG/GRT155R71A474KE01-01A.pdf
C70,4.7u 10V X7R,GRM21BR71A475KA73L,CoreSupport:Capacitor_SMD__C_0805_2012Metric,decoupling_bank34,True,,https://docs.amd.com/api/khub/documents/6L8DUUei7ZCE78qwQafC3A/content
C71,4.7u 10V X7R,GRM21BR71A475KA73L,CoreSupport:Capacitor_SMD__C_0805_2012Metric,decoupling_bank34,True,,https://docs.amd.com/api/khub/documents/6L8DUUei7ZCE78qwQafC3A/content
C72,470n 10V X7R,GRT155R71A474KE01D,CoreSupport:Murata_GRT15_0402_Recommended,decoupling_bank34,True,,https://search.murata.co.jp/Ceramy/image/img/A01X/G101/ENG/GRT155R71A474KE01-01A.pdf
C73,470n 10V X7R,GRT155R71A474KE01D,CoreSupport:Murata_GRT15_0402_Recommended,decoupling_bank34,True,,https://search.murata.co.jp/Ceramy/image/img/A01X/G101/ENG/GRT155R71A474KE01-01A.pdf
C74,470n 10V X7R,GRT155R71A474KE01D,CoreSupport:Murata_GRT15_0402_Recommended,decoupling_bank34,True,,https://search.murata.co.jp/Ceramy/image/img/A01X/G101/ENG/GRT155R71A474KE01-01A.pdf
C75,470n 10V X7R,GRT155R71A474KE01D,CoreSupport:Murata_GRT15_0402_Recommended,decoupling_bank34,True,,https://search.murata.co.jp/Ceramy/image/img/A01X/G101/ENG/GRT155R71A474KE01-01A.pdf
C76,4.7u 10V X7R,GRM21BR71A475KA73L,CoreSupport:Capacitor_SMD__C_0805_2012Metric,decoupling_bank35,True,,https://docs.amd.com/api/khub/documents/6L8DUUei7ZCE78qwQafC3A/content
C77,4.7u 10V X7R,GRM21BR71A475KA73L,CoreSupport:Capacitor_SMD__C_0805_2012Metric,decoupling_bank35,True,,https://docs.amd.com/api/khub/documents/6L8DUUei7ZCE78qwQafC3A/content
C78,470n 10V X7R,GRT155R71A474KE01D,CoreSupport:Murata_GRT15_0402_Recommended,decoupling_bank35,True,,https://search.murata.co.jp/Ceramy/image/img/A01X/G101/ENG/GRT155R71A474KE01-01A.pdf
C79,470n 10V X7R,GRT155R71A474KE01D,CoreSupport:Murata_GRT15_0402_Recommended,decoupling_bank35,True,,https://search.murata.co.jp/Ceramy/image/img/A01X/G101/ENG/GRT155R71A474KE01-01A.pdf
C80,470n 10V X7R,GRT155R71A474KE01D,CoreSupport:Murata_GRT15_0402_Recommended,decoupling_bank35,True,,https://search.murata.co.jp/Ceramy/image/img/A01X/G101/ENG/GRT155R71A474KE01-01A.pdf
C81,470n 10V X7R,GRT155R71A474KE01D,CoreSupport:Murata_GRT15_0402_Recommended,decoupling_bank35,True,,https://search.murata.co.jp/Ceramy/image/img/A01X/G101/ENG/GRT155R71A474KE01-01A.pdf
C63,47u 6.3V X7R,GRM32ER70J476ME20L,CoreSupport:Capacitor_SMD__C_1210_3225Metric,decoupling_cfg_bulk,True,,https://docs.amd.com/api/khub/documents/6L8DUUei7ZCE78qwQafC3A/content
C82,47u 6.3V X7R,GRM32ER70J476ME20L,CoreSupport:Capacitor_SMD__C_1210_3225Metric,decoupling_asic_bulk,True,,https://docs.amd.com/api/khub/documents/6L8DUUei7ZCE78qwQafC3A/content
C90,100n 16V X7R,GRT155R71C104KE01D,CoreSupport:Murata_GRT15_0402_Recommended,decoupling_xadc,True,,https://search.murata.co.jp/Ceramy/image/img/A01X/G101/ENG/GRT155R71C104KE01-01.pdf
C91,1u 10V X7R,GRM188R71A105KA61D,CoreSupport:Capacitor_SMD__C_0603_1608Metric,decoupling_xadc,True,,https://www.murata.com/en-global/products/productdetail?partno=GRM188R71A105KA61%23
U6,MX25U6432FZBI02,MX25U6432FZBI02,CoreSupport:Macronix_USON8_3x4_Floating_Metal,Boot flash,True,,"https://www.mxic.com.tw/Lists/Datasheet/Attachments/9209/MX25U6432F,%201.8V,%2064Mb,%20v1.2.pdf"
R100,2.4k,CRCW04022K40FKED,CoreSupport:Resistor_SMD__R_0402_1005Metric,Boot flash,True,,https://www.vishay.com/docs/20035/dcrcwe3.pdf
R101,4.7k,CRCW04024K70FKED,CoreSupport:Resistor_SMD__R_0402_1005Metric,Boot flash,True,,https://www.vishay.com/docs/20035/dcrcwe3.pdf
R102,4.7k,CRCW04024K70FKED,CoreSupport:Resistor_SMD__R_0402_1005Metric,Boot flash,True,,https://www.vishay.com/docs/20035/dcrcwe3.pdf
R103,33,CRCW040233R0FKED,CoreSupport:Resistor_SMD__R_0402_1005Metric,Boot flash,True,,https://www.vishay.com/docs/20035/dcrcwe3.pdf
R104,0,CRCW04020000Z0ED,CoreSupport:Resistor_SMD__R_0402_1005Metric,Boot flash,True,,https://www.vishay.com/docs/20035/dcrcwe3.pdf
R105,33,CRCW040233R0FKED,CoreSupport:Resistor_SMD__R_0402_1005Metric,Boot flash,True,,https://www.vishay.com/docs/20035/dcrcwe3.pdf
C100,100n,GRM155R71C104KA88D,CoreSupport:Capacitor_SMD__C_0402_1005Metric,Boot flash,True,,https://www.murata.com/en-global/products/productdetail?partno=GRM155R71C104KA88%23
C101,1u 16V X5R,GRM155R61C105KA12D,CoreSupport:Capacitor_SMD__C_0402_1005Metric,Boot flash,True,,https://www.murata.com/en-global/products/productdetail?partno=GRM155R61C105KA12%23
R108,4.7k,CRCW04024K70FKED,CoreSupport:Resistor_SMD__R_0402_1005Metric,Programming JTAG,True,,https://www.vishay.com/docs/20035/dcrcwe3.pdf
R109,4.7k,CRCW04024K70FKED,CoreSupport:Resistor_SMD__R_0402_1005Metric,Programming JTAG,True,,https://www.vishay.com/docs/20035/dcrcwe3.pdf
R110,4.7k,CRCW04024K70FKED,CoreSupport:Resistor_SMD__R_0402_1005Metric,Programming JTAG,True,,https://www.vishay.com/docs/20035/dcrcwe3.pdf
R111,1k,CRCW04021K00FKED,CoreSupport:Resistor_SMD__R_0402_1005Metric,Programming JTAG,True,,https://www.vishay.com/docs/20035/dcrcwe3.pdf
R114,1k,CRCW04021K00FKED,CoreSupport:Resistor_SMD__R_0402_1005Metric,Programming JTAG,True,,https://www.vishay.com/docs/20035/dcrcwe3.pdf
R115,10k,CRCW040210K0FKED,CoreSupport:Resistor_SMD__R_0402_1005Metric,Programming JTAG,True,,https://www.vishay.com/docs/20035/dcrcwe3.pdf
R116,10k,CRCW040210K0FKED,CoreSupport:Resistor_SMD__R_0402_1005Metric,Programming JTAG,True,,https://www.vishay.com/docs/20035/dcrcwe3.pdf
R117,10k,CRCW040210K0FKED,CoreSupport:Resistor_SMD__R_0402_1005Metric,Programming JTAG,True,,https://www.vishay.com/docs/20035/dcrcwe3.pdf
R118,33,CRCW040233R0FKED,CoreSupport:Resistor_SMD__R_0402_1005Metric,Programming JTAG,True,,https://www.vishay.com/docs/20035/dcrcwe3.pdf
Y1,ASE3 32MHz 1.8V,ASE3-32.000MHZ-L-C-T,CoreSupport:Oscillator__Oscillator_SMD_Abracon_ASE-4Pin_3_2x2_5mm,Reference clock,True,,https://abracon.com/Oscillators/ASE3series.pdf
R119,33,CRCW040233R0FKED,CoreSupport:Resistor_SMD__R_0402_1005Metric,Reference clock,True,,https://www.vishay.com/docs/20035/dcrcwe3.pdf
C102,10n,GRM155R71C103KA01D,CoreSupport:Capacitor_SMD__C_0402_1005Metric,Reference clock,True,,https://www.murata.com/en-global/products/productdetail?partno=GRM155R71C103KA01%23
C103,100n,GRM155R71C104KA88D,CoreSupport:Capacitor_SMD__C_0402_1005Metric,Reference clock,True,,https://www.murata.com/en-global/products/productdetail?partno=GRM155R71C104KA88%23
J4,USB-C POWER / DATA / RECOVERY,USB4081-03-A,CoreSupport:USB_C_Revision__USB_C_GCT_USB4081_03_A,USB-C cable connector,True,"A8,B8",https://gct.co/files/drawings/usb4081.pdf
C92,47u 6.3V X7R,GRM32ER70J476ME20L,CoreSupport:Capacitor_SMD__C_1210_3225Metric,decoupling_bank14_bulk,True,,https://docs.amd.com/api/khub/documents/6L8DUUei7ZCE78qwQafC3A/content
R122,15m 1% 1W,WSLP1206R0150FEA,CoreSupport:Resistor_SMD__R_1206_3216Metric,power_aux_bulk_isolation,True,,https://www.vishay.com/docs/30122/wslp.pdf
J6,QSH-030-01-L-D-A,QSH-030-01-L-D-A,Mezzanine:Samtec_QSH-030-01-L-D-A,ASIC mezzanine,True,37,https://suddendocs.samtec.com/prints/qsh-xxx-01-x-d-xx-footprint.pdf
J5,QSH-030-01-L-D-A,QSH-030-01-L-D-A,Mezzanine:Samtec_QSH-030-01-L-D-A,ASIC mezzanine,True,"32,34",https://suddendocs.samtec.com/prints/qsh-xxx-01-x-d-xx-footprint.pdf
U200,TCPP01-M12,TCPP01-M12,CoreSupport:USBPower__ST_TCPP01_QFN12_3x3,USB-C power and protection,True,,https://www.st.com/resource/en/datasheet/tcpp01-m12.pdf
Q200,STL6N3LLH6 30V N-MOS,STL6N3LLH6,CoreSupport:USBPower__ST_PowerFLAT_2x2_STL6N3LLH6,USB-C power and protection,True,,https://www.st.com/resource/en/datasheet/stl6n3llh6.pdf
D200,BAT54KFILM 40V Schottky,BAT54KFILM,CoreSupport:Diode_SMD__D_SOD-523,USB-C power and protection,True,,https://www.st.com/resource/en/schematic_pack/x-nucleo-snk1m1_schematic.pdf
D201,ESDA25P35-1U1M,ESDA25P35-1U1M,CoreSupport:Diode_SMD__ST_QFN-2L_1_6x1_0mm,USB-C power and protection,True,,https://www.st.com/resource/en/datasheet/esda15p60-1u1m.pdf
U201,TPS70933DRVR 3.3V AON,TPS70933DRVR,CoreSupport:Package_SON__WSON-6-1EP_2x2mm_P0_65mm_EP1x1_6mm,USB-C power and protection,True,"2,4,5",https://www.ti.com/lit/ds/symlink/tps709.pdf
U202,TPS259474LRPWR main eFuse,TPS259474LRPWR,CoreSupport:USBPower__TI_RPW0010A_TPS25947,USB-C power and protection,True,10,https://www.ti.com/lit/ds/symlink/tps25947.pdf
R200,100k 1%,RC0402FR-07100KL,CoreSupport:Resistor_SMD__R_0402_1005Metric,USB-C power and protection,True,,https://www.yageo.com/upload/media/product/productsearch/datasheet/rchip/PYu-RC_Group_51_RoHS_L.pdf
R201,13.7k 1%,RC0402FR-0713K7L,CoreSupport:Resistor_SMD__R_0402_1005Metric,USB-C power and protection,True,,https://www.yageo.com/upload/media/product/productsearch/datasheet/rchip/PYu-RC_Group_51_RoHS_L.pdf
R202,10k 1%,RC0402FR-0710KL,CoreSupport:Resistor_SMD__R_0402_1005Metric,USB-C power and protection,True,,https://www.yageo.com/upload/media/product/productsearch/datasheet/rchip/PYu-RC_Group_51_RoHS_L.pdf
R203,100k 1%,RC0402FR-07100KL,CoreSupport:Resistor_SMD__R_0402_1005Metric,USB-C power and protection,True,,https://www.yageo.com/upload/media/product/productsearch/datasheet/rchip/PYu-RC_Group_51_RoHS_L.pdf
R204,82.5k 1%,RC0402FR-0782K5L,CoreSupport:Resistor_SMD__R_0402_1005Metric,USB-C power and protection,True,,https://www.yageo.com/upload/media/product/productsearch/datasheet/rchip/PYu-RC_Group_51_RoHS_L.pdf
R205,10k 1%,RC0402FR-0710KL,CoreSupport:Resistor_SMD__R_0402_1005Metric,USB-C power and protection,True,,https://www.yageo.com/upload/media/product/productsearch/datasheet/rchip/PYu-RC_Group_51_RoHS_L.pdf
R206,1.65k 1%,RC0402FR-071K65L,CoreSupport:Resistor_SMD__R_0402_1005Metric,USB-C power and protection,True,,https://www.yageo.com/upload/media/product/productsearch/datasheet/rchip/PYu-RC_Group_51_RoHS_L.pdf
R207,24.9k 1%,RC0402FR-0724K9L,CoreSupport:Resistor_SMD__R_0402_1005Metric,USB-C power and protection,True,,https://www.yageo.com/upload/media/product/productsearch/datasheet/rchip/PYu-RC_Group_51_RoHS_L.pdf
R208,10k 1%,RC0402FR-0710KL,CoreSupport:Resistor_SMD__R_0402_1005Metric,USB-C power and protection,True,,https://www.yageo.com/upload/media/product/productsearch/datasheet/rchip/PYu-RC_Group_51_RoHS_L.pdf
R209,47k 1%,RC0402FR-0747KL,CoreSupport:Resistor_SMD__R_0402_1005Metric,USB-C power and protection,True,,https://www.yageo.com/upload/media/product/productsearch/datasheet/rchip/PYu-RC_Group_51_RoHS_L.pdf
R210,220k 1%,RC0402FR-07220KL,CoreSupport:Resistor_SMD__R_0402_1005Metric,USB-C power and protection,True,,https://www.yageo.com/upload/media/product/productsearch/datasheet/rchip/PYu-RC_Group_51_RoHS_L.pdf
R211,27.4k 1%,RC0402FR-0727K4L,CoreSupport:Resistor_SMD__R_0402_1005Metric,USB-C power and protection,True,,https://www.yageo.com/upload/media/product/productsearch/datasheet/rchip/PYu-RC_Group_51_RoHS_L.pdf
C200,2.2uF 50V X7R 10%,C2012X7R1H225K125AC,CoreSupport:Capacitor_SMD__C_0805_2012Metric,USB-C power and protection,True,,
C201,100nF 50V X7R 10%,CC0402KRX7R9BB104,CoreSupport:Capacitor_SMD__C_0402_1005Metric,USB-C power and protection,True,,https://yageogroup.com/download/specsheet/CC0402KRX7R9BB104
C202,330pF 50V C0G 5%,CGA2B2C0G1H331J050BA,CoreSupport:Capacitor_SMD__C_0402_1005Metric,USB-C power and protection,True,,
C203,330pF 50V C0G 5%,CGA2B2C0G1H331J050BA,CoreSupport:Capacitor_SMD__C_0402_1005Metric,USB-C power and protection,True,,
C204,100nF 16V X7R 10%,GRT155R71C104KE01D,CoreSupport:Murata_GRT15_0402_Recommended,USB-C power and protection,True,,https://search.murata.co.jp/Ceramy/image/img/A01X/G101/ENG/GRT155R71C104KE01-01.pdf
C205,100nF 50V X7R 10%,GRM188R71H104KA93D,CoreSupport:Capacitor_SMD__C_0603_1608Metric,USB-C power and protection,True,,
C206,4.7uF 16V X7R 10%,GRM21BR71C475KE51L,CoreSupport:Capacitor_SMD__C_0805_2012Metric,USB-C power and protection,True,,
C207,3.3nF 50V C0G 5%,C1608C0G1H332J080AA,CoreSupport:Capacitor_SMD__C_0603_1608Metric,USB-C power and protection,True,,
C208,1nF 50V C0G 5%,C1608C0G1H102J080AA,CoreSupport:Capacitor_SMD__C_0603_1608Metric,USB-C power and protection,True,,
C209,2.2uF 50V X7R 10%,C2012X7R1H225K125AC,CoreSupport:Capacitor_SMD__C_0805_2012Metric,USB-C power and protection,True,,
U210,STM32G0B1KEU6N,STM32G0B1KEU6N,CoreSupport:Package_DFN_QFN__UFQFPN-32-1EP_5x5mm_P0_5mm_EP3_5x3_5mm,USB-C controller and recovery fixture,True,"2,3,16,26,27,28,29",https://www.st.com/resource/en/datasheet/stm32g0b1me.pdf
U211,TMUXHS4446RETR,TMUXHS4446RETR,CoreSupport:Package_DFN_QFN__Texas_WQFN-40-1EP_3x6mm_P0_4mm_EP1_7x4_5mm,USB-C reversible data and ESD,True,"11,12,16,17,19,20,21,22",https://www.ti.com/lit/ds/symlink/tmuxhs4446.pdf
U212,TXU0304RUTR,TXU0304RUTR,CoreSupport:USB_C_Interface__Texas_RUT0012A_UQFN-12_2x1_7mm_P0_4mm,USB-C to 1.8V FPGA JTAG,True,,https://www.ti.com/lit/ds/symlink/txu0304.pdf
U213,TPD4E05U06DQAR,TPD4E05U06DQAR,CoreSupport:Package_SON__USON-10_2_5x1_0mm_P0_5mm,USB-C reversible data and ESD,True,,https://www.ti.com/lit/ds/symlink/tpd4e05u06.pdf
U214,TPD4E05U06DQAR,TPD4E05U06DQAR,CoreSupport:Package_SON__USON-10_2_5x1_0mm_P0_5mm,USB-C reversible data and ESD,True,,https://www.ti.com/lit/ds/symlink/tpd4e05u06.pdf
U215,TPD2EUSB30DRTR,TPD2EUSB30DRTR,CoreSupport:Package_TO_SOT_SMD__Texas_DRT-3,USB-C reversible data and ESD,True,,https://www.ti.com/lit/ds/symlink/tpd2eusb30.pdf
R230,100k 1%,CRCW0402100KFKED,CoreSupport:Resistor_SMD__R_0402_1005Metric,USB-C reversible data and ESD,True,,https://www.vishay.com/docs/20035/dcrcwe3.pdf
R231,100k 1%,CRCW0402100KFKED,CoreSupport:Resistor_SMD__R_0402_1005Metric,USB-C reversible data and ESD,True,,https://www.vishay.com/docs/20035/dcrcwe3.pdf
R232,100k 1%,CRCW0402100KFKED,CoreSupport:Resistor_SMD__R_0402_1005Metric,USB-C to 1.8V FPGA JTAG,True,,https://www.vishay.com/docs/20035/dcrcwe3.pdf
R233,10k 1%,CRCW040210K0FKED,CoreSupport:Resistor_SMD__R_0402_1005Metric,USB-C to 1.8V FPGA JTAG,True,,https://www.vishay.com/docs/20035/dcrcwe3.pdf
R234,33R 1%,CRCW040233R0FKED,CoreSupport:Resistor_SMD__R_0402_1005Metric,USB-C to 1.8V FPGA JTAG,True,,https://www.vishay.com/docs/20035/dcrcwe3.pdf
R235,33R 1%,CRCW040233R0FKED,CoreSupport:Resistor_SMD__R_0402_1005Metric,USB-C to 1.8V FPGA JTAG,True,,https://www.vishay.com/docs/20035/dcrcwe3.pdf
R236,33R 1%,CRCW040233R0FKED,CoreSupport:Resistor_SMD__R_0402_1005Metric,USB-C to 1.8V FPGA JTAG,True,,https://www.vishay.com/docs/20035/dcrcwe3.pdf
C230,100nF 16V X7R,GRT155R71C104KE01D,CoreSupport:Murata_GRT15_0402_Recommended,USB-C controller and recovery fixture,True,,https://search.murata.co.jp/Ceramy/image/img/A01X/G101/ENG/GRT155R71C104KE01-01.pdf
C232,100nF 16V X7R,GRT155R71C104KE01D,CoreSupport:Murata_GRT15_0402_Recommended,USB-C controller and recovery fixture,True,,https://search.murata.co.jp/Ceramy/image/img/A01X/G101/ENG/GRT155R71C104KE01-01.pdf
C234,100nF 16V X7R,GRT155R71C104KE01D,CoreSupport:Murata_GRT15_0402_Recommended,USB-C reversible data and ESD,True,,https://search.murata.co.jp/Ceramy/image/img/A01X/G101/ENG/GRT155R71C104KE01-01.pdf
C236,100nF 16V X7R,GRT155R71C104KE01D,CoreSupport:Murata_GRT15_0402_Recommended,USB-C to 1.8V FPGA JTAG,True,,https://search.murata.co.jp/Ceramy/image/img/A01X/G101/ENG/GRT155R71C104KE01-01.pdf
C237,100nF 16V X7R,GRT155R71C104KE01D,CoreSupport:Murata_GRT15_0402_Recommended,USB-C to 1.8V FPGA JTAG,True,,https://search.murata.co.jp/Ceramy/image/img/A01X/G101/ENG/GRT155R71C104KE01-01.pdf
C238,100nF 16V X7R,GRT155R71C104KE01D,CoreSupport:Murata_GRT15_0402_Recommended,USB-C controller and recovery fixture,True,,https://search.murata.co.jp/Ceramy/image/img/A01X/G101/ENG/GRT155R71C104KE01-01.pdf
C231,4.7uF 16V X5R,C1608X5R1C475K080AC,CoreSupport:TDK_C1608_Reflow_0p7,USB-C controller and recovery fixture,True,,https://product.tdk.com/en/search/capacitor/ceramic/mlcc/info?part_no=C1608X5R1C475K080AC
C233,4.7uF 16V X5R,C1608X5R1C475K080AC,CoreSupport:TDK_C1608_Reflow_0p7,USB-C controller and recovery fixture,True,,https://product.tdk.com/en/search/capacitor/ceramic/mlcc/info?part_no=C1608X5R1C475K080AC
C235,1uF 16V X7R,C1608X7R1C105K080AC,CoreSupport:TDK_C1608_Reflow_0p7,USB-C reversible data and ESD,True,,https://product.tdk.com/en/search/capacitor/ceramic/mlcc/info?part_no=C1608X7R1C105K080AC
J210,SWD_FACTORY_PADS_NO_HEADER,PCB_FIXTURE_CONTACTS,CoreSupport:SWD_Fixture_5Pads_Staggered_1mm,USB-C controller and recovery fixture,False,,
R212,100k 1%,RC0402FR-07100KL,CoreSupport:Resistor_SMD__R_0402_1005Metric,USB-C power and protection,True,,https://www.yageo.com/upload/media/product/productsearch/datasheet/rchip/PYu-RC_Group_51_RoHS_L.pdf
R213,100k 1%,RC0402FR-07100KL,CoreSupport:Resistor_SMD__R_0402_1005Metric,USB-C power and protection,True,,https://www.yageo.com/upload/media/product/productsearch/datasheet/rchip/PYu-RC_Group_51_RoHS_L.pdf
C239,100nF 16V X7R,GRT155R71C104KE01D,CoreSupport:Murata_GRT15_0402_Recommended,USB-C reversible data and ESD,True,,https://search.murata.co.jp/Ceramy/image/img/A01X/G101/ENG/GRT155R71C104KE01-01.pdf
