quantity_per_board,references,value,cad_mpn,footprint,functions,purchase_status,engineering_open_item,datasheet
1,U1,XC7A50T-CSG325,XC7A50T-CSG325; speed/temperature grade TBD,FPGA50T:Xilinx_CSG325,XC7A50T FPGA,Exact code TBD,Select and qualify the full speed and temperature suffix.,https://docs.amd.com/v/u/en-US/ds181_Artix_7_Data_Sheet
5,U2; U3; U4; U5; U7,TPS62135RGXR,TPS62135RGXR,CoreSupport:PowerDraft__Texas_VQFN_RGX0011A_2x3mm,GTP MGTAVCC regulator; GTP MGTAVTT regulator; power_asic; power_aux; power_core,Candidate exact code,"Check the exact ordering suffix, supplier stock and electrical fit before purchase.",https://www.ti.com/lit/ds/symlink/tps62135.pdf
1,U6,MX25U3232FZBI02,MX25U3232FZBI02,BootSupport:Macronix_USON8_4x3mm_P0.8mm,Single-image configuration flash,Candidate exact code,"Check the exact ordering suffix, supplier stock and electrical fit before purchase.",https://www.macronix.com/en-us/products/NOR-Flash/Serial-NOR-Flash/Pages/spec.aspx?p=MX25U3232F
1,U8,TXU0304RUTR,TXU0304RUTR,BootSupport:Texas_RUT0012A_UQFN12_2x1.7mm_P0.4mm,Configuration level translator,Candidate exact code,"Check the exact ordering suffix, supplier stock and electrical fit before purchase.",https://www.ti.com/product/TXU0304
1,U9,TLV803EA17DPWR,TLV803EA17DPWR,BootSupport:Texas_X2SON-5_0.8x0.8mm_P0.48mm,Configuration rail supervisor,Candidate exact code,"Check the exact ordering suffix, supplier stock and electrical fit before purchase.",https://www.ti.com/product/TLV803E
1,J4,CUSTOM 12 V + JTAG + GTP,467651001,CoreSupport:LinkPort__MicroHDMI_46765_1xxx,Custom micro-HDMI cable interface,Electrical review pending,"The inherited CAD value/LINK_12V label is not a qualified supply; neither 12 V nor the earlier 5 V proposal is approved. Confirm cable, contact current, protection, voltage and receiver.",https://www.molex.com/content/dam/molex/molex-dot-com/products/automated/en-us/productspecificationpdf/467/46765/PS-46765-003-001.pdf
2,J5; J7,DF40TC-60DS-0.4V(51),DF40TC-60DS-0.4V(51),ReviewMechanical:Hirose_DF40TC-60DS-0.4V_2x30_P0.4mm,Two 60-contact ASIC mezzanine receptacles,Mechanical approval pending,"Two rigid DF40T pairs need spacing, alignment and mate review before ordering.",https://www.hirose.com/en/product/p/CL0684-4270-0-51
1,J6,INIT_B HOLD - shunt before power,TBD - 2.54mm 2-pin header and removable shunt,CoreSupport:Connector_PinHeader_2_54mm__PinHeader_1x02_P2_54mm_Vertical,GTP power review,Exact code TBD,Select and verify an exact ordering part before purchase.,
1,Y2,SiT9396AA-02A3-1800-125.000000,SiT9396AA-02A3-1800-125.000000,GTPLink:SiTime_SiT9396_6L_2.5x2.0mm,125 MHz LVDS GTP reference candidate,Candidate exact code,"Verify 125 MHz phase noise, 1.8 V rail noise and GTP input timing before ordering.",https://www.sitime.com/parts/sit9396aa-02a3-1800-125000000
1,D1,RED INPUT PRESENT,APTD1608LSURCK,CoreSupport:LED_SMD__LED_0603_1608Metric,Red input-present test LED,Candidate exact code,"Raw input indication only; confirm supply voltage, current, brightness and polarity.",https://www.kingbrightusa.com/images/catalog/SPEC/APTD1608LSURCK.pdf
1,D2,GREEN FPGA DONE,APTD1608LZGCK,CoreSupport:LED_SMD__LED_0603_1608Metric,Green FPGA-DONE test LED,Candidate exact code,"DONE indication only; verify Q1 drive, current, brightness and polarity.",https://www.kingbrightusa.com/images/catalog/SPEC/APTD1608LZGCK.pdf
5,L1; L2; L3; L4; L5,1uH 5.4A Isat30%,XFL4020-102MEC,CoreSupport:PowerDraft__L_Coilcraft_XFL4020,GTP power review; power_asic; power_aux; power_cfg; power_core,Candidate exact code,"Check the exact ordering suffix, supplier stock and electrical fit before purchase.",https://www.coilcraft.com/getmedia/50632d43-da1b-4cdb-8ab4-3029cab51df3/xfl4020.pdf
2,FB1; FB2,30R@100MHz / DCR<=10m,MPZ2012S300AT000,CoreSupport:TDK_MPZ2012_Recommended,GTP power review,Candidate exact code,"Check the exact ordering suffix, supplier stock and electrical fit before purchase.",https://product.tdk.com/en/search/emc/emc/beads/info?part_no=MPZ2012S300AT000
1,C1,47u 25V X5R,MSAST32MAB5476MPNDT1,CoreSupport:Capacitor_SMD__C_1210_3225Metric,power_input,Candidate exact code,"Check the exact ordering suffix, supplier stock and electrical fit before purchase.",https://ds.yuden.co.jp/TYCOMPAS/or/detail?pn=MSAST32MAB5476MPNDT1&u=M
6,C2; C4; C8; C12; C16; C125,100n 100V X7R,GRM188R72A104KA35D,CoreSupport:Capacitor_SMD__C_0603_1608Metric,GTP power review; power_asic; power_aux; power_cfg; power_core; power_input,Candidate exact code,"Check the exact ordering suffix, supplier stock and electrical fit before purchase.",https://www.murata.com/products/productdetail?partno=GRM188R72A104KA35%23
5,C3; C7; C11; C15; C124,22u 25V X5R,MSAST31LBB5226MTNA01,CoreSupport:Capacitor_SMD__C_1206_3216Metric,GTP power review; power_asic; power_aux; power_cfg; power_core,Candidate exact code,"Check the exact ordering suffix, supplier stock and electrical fit before purchase.",https://ds.yuden.co.jp/TYCOMPAS/or/detail?pn=MSAST31LBB5226MTNA01&u=M
5,C5; C9; C13; C17; C126,22u 16V X5R,EMK212BBJ226MG-T,CoreSupport:Capacitor_SMD__C_0805_2012Metric,GTP power review; power_asic; power_aux; power_cfg; power_core,Candidate exact code,"Check the exact ordering suffix, supplier stock and electrical fit before purchase.",https://ds-origin.yuden.co.jp/TYCOMPAS/eu/detail?pn=MSASE21GBB5226MTNA01&u=M
5,C6; C10; C14; C18; C127,10n 50V X7R,GRM188R71H103KA01D,CoreSupport:Capacitor_SMD__C_0603_1608Metric,GTP power review; power_asic; power_aux; power_cfg; power_core,Candidate exact code,"Check the exact ordering suffix, supplier stock and electrical fit before purchase.",https://www.murata.com/en-global/products/productdetail?partno=GRM188R71H103KA01%23
1,C20,330u 2.5V POSCAP ESR9m@300kHz,ETPE330M9GB,CoreSupport:Panasonic_POSCAP_B2_Recommended,decoupling_core,Candidate exact code,"Check the exact ordering suffix, supplier stock and electrical fit before purchase.",https://industrial.panasonic.com/cdbs/www-data/pdf/AAA8000/AAA8000C36.pdf
1,C21,100u 6.3V X5R,GRM32ER60J107ME20L,CoreSupport:Capacitor_SMD__C_1210_3225Metric,decoupling_bram,Candidate exact code,"Check the exact ordering suffix, supplier stock and electrical fit before purchase.",https://docs.amd.com/api/khub/documents/6L8DUUei7ZCE78qwQafC3A/content
18,C22; C23; C24; C25; C26; C27; C41; C42; C51; C52; C64; C65; C70; C71; C76; C77; C128; C131,4.7u 10V X7R,GRM21BR71A475KA73L,CoreSupport:Capacitor_SMD__C_0805_2012Metric,GTP local bypass; decoupling_aux; decoupling_bank14; decoupling_bank15; decoupling_bank34; decoupling_bank35; decoupling_core,Candidate exact code,"Check the exact ordering suffix, supplier stock and electrical fit before purchase.",https://docs.amd.com/api/khub/documents/6L8DUUei7ZCE78qwQafC3A/content
30,C28; C29; C30; C31; C32; C33; C34; C35; C36; C37; C43; C44; C45; C46; C53; C54; C55; C56; C66; C67; C68; C69; C72; C73; C74; C75; C78; C79; C80; C81,470n 10V X7R,GRT155R71A474KE01D,CoreSupport:Murata_GRT15_0402_Recommended,decoupling_aux; decoupling_bank14; decoupling_bank15; decoupling_bank34; decoupling_bank35; decoupling_bram; decoupling_core,Candidate exact code,"Check the exact ordering suffix, supplier stock and electrical fit before purchase.",https://search.murata.co.jp/Ceramy/image/img/A01X/G101/ENG/GRT155R71A474KE01-01A.pdf
4,C40; C50; C82; C92,47u 6.3V X7R,GRM32ER70J476ME20L,CoreSupport:Capacitor_SMD__C_1210_3225Metric,decoupling_asic_bulk; decoupling_aux; decoupling_bank0; decoupling_bank14_bulk,Candidate exact code,"Check the exact ordering suffix, supplier stock and electrical fit before purchase.",https://docs.amd.com/api/khub/documents/6L8DUUei7ZCE78qwQafC3A/content
5,C90; C129; C130; C132; C133,100n 16V X7R,GRT155R71C104KE01D,CoreSupport:Murata_GRT15_0402_Recommended,GTP local bypass; decoupling_xadc,Candidate exact code,"Check the exact ordering suffix, supplier stock and electrical fit before purchase.",https://search.murata.co.jp/Ceramy/image/img/A01X/G101/ENG/GRT155R71C104KE01-01.pdf
1,C91,1u 10V X7R,GRM188R71A105KA61D,CoreSupport:Capacitor_SMD__C_0603_1608Metric,decoupling_xadc,Candidate exact code,"Check the exact ordering suffix, supplier stock and electrical fit before purchase.",https://www.murata.com/en-global/products/productdetail?partno=GRM188R71A105KA61%23
4,C100; C134; C135; C136,100n,GRM155R71C104KA88D,CoreSupport:Capacitor_SMD__C_0402_1005Metric,Boot flash; Reference clock,Candidate exact code,"Check the exact ordering suffix, supplier stock and electrical fit before purchase.",https://www.murata.com/en-global/products/productdetail?partno=GRM155R71C104KA88%23
1,C101,1u 16V X5R,GRM155R61C105KA12D,CoreSupport:Capacitor_SMD__C_0402_1005Metric,Boot flash,Candidate exact code,"Check the exact ordering suffix, supplier stock and electrical fit before purchase.",https://www.murata.com/en-global/products/productdetail?partno=GRM155R61C105KA12%23
11,C137; C138; C139; C140; C141; C142; C143; C144; C145; C146; C147,100n 16V X7R,GRM155R71C104KA88D,CoreSupport:Capacitor_SMD__C_0402_1005Metric,Boot flash; Reference clock,Candidate exact code,"Check the exact ordering suffix, supplier stock and electrical fit before purchase.",https://www.murata.com/en-global/products/productdetail?partno=GRM155R71C104KA88%23
1,C148,10u 10V X5R,GRM188R61A106MAALD,CoreSupport:Capacitor_SMD__C_0603_1608Metric,GTP reference oscillator supply bypass,Candidate exact code,Check effective capacitance at bias and placement beside Y2.,https://www.murata.com/products/productdetail?partno=GRM188R61A106MAAL%23
1,R1,32.4k 0.1%,TNPW060332K4BEEA,CoreSupport:Resistor_SMD__R_0603_1608Metric,power_core,Candidate exact code,"Check the exact ordering suffix, supplier stock and electrical fit before purchase.",https://www.vishay.com/docs/28758/tnpw_e3.pdf
3,R2; R4; R8,69.8k 0.1%,TNPW060369K8BEEA,CoreSupport:Resistor_SMD__R_0603_1608Metric,power_asic; power_aux; power_core,Candidate exact code,"Check the exact ordering suffix, supplier stock and electrical fit before purchase.",https://www.vishay.com/docs/28758/tnpw_e3.pdf
1,R3,110k 0.1%,TNPW0603110KBEEA,CoreSupport:Resistor_SMD__R_0603_1608Metric,power_aux,Candidate exact code,"Check the exact ordering suffix, supplier stock and electrical fit before purchase.",https://www.vishay.com/docs/28758/tnpw_e3.pdf
1,R5,5.05k 0.1%,TBD - exact 0603 0.1% <=25ppm/K ordering code,CoreSupport:Resistor_SMD__R_0603_1608Metric,GTP voltage feedback,Exact code TBD,Select and verify an exact ordering part before purchase.,https://www.vishay.com/docs/28758/tnpw_e3.pdf
2,R6; R125,6.98k 0.1%,TBD - exact 0603 0.1% <=25ppm/K ordering code,CoreSupport:Resistor_SMD__R_0603_1608Metric,GTP voltage feedback,Exact code TBD,Select and verify an exact ordering part before purchase.,https://www.vishay.com/docs/28758/tnpw_e3.pdf
1,R7,80.6k 0.1%,TNPW060380K6BEEA,CoreSupport:Resistor_SMD__R_0603_1608Metric,power_asic,Candidate exact code,"Check the exact ordering suffix, supplier stock and electrical fit before purchase.",https://www.vishay.com/docs/28758/tnpw_e3.pdf
1,R9,12m 1% 1W,WSLP1206R0120FEA,CoreSupport:Resistor_SMD__R_1206_3216Metric,power_core,Candidate exact code,"Check the exact ordering suffix, supplier stock and electrical fit before purchase.",https://www.vishay.com/docs/30122/wslp.pdf
4,R10; R11; R126; R127,100k,CRCW0603100KFKEA,CoreSupport:Resistor_SMD__R_0603_1608Metric,GTP power review; power_aux; power_core,Candidate exact code,"Check the exact ordering suffix, supplier stock and electrical fit before purchase.",https://www.vishay.com/docs/20035/dcrcwe3.pdf
1,R100,2.4k,CRCW04022K40FKED,CoreSupport:Resistor_SMD__R_0402_1005Metric,Boot flash,Candidate exact code,"Check the exact ordering suffix, supplier stock and electrical fit before purchase.",https://www.vishay.com/docs/20035/dcrcwe3.pdf
6,R101; R102; R108; R109; R110; R128,4.7k,CRCW04024K70FKED,CoreSupport:Resistor_SMD__R_0402_1005Metric,Boot flash; Programming JTAG,Candidate exact code,"Check the exact ordering suffix, supplier stock and electrical fit before purchase.",https://www.vishay.com/docs/20035/dcrcwe3.pdf
2,R103; R118,33,CRCW040233R0FKED,CoreSupport:Resistor_SMD__R_0402_1005Metric,Programming JTAG,Candidate exact code,"Check the exact ordering suffix, supplier stock and electrical fit before purchase.",https://www.vishay.com/docs/20035/dcrcwe3.pdf
2,R111; R114,1k,CRCW04021K00FKED,CoreSupport:Resistor_SMD__R_0402_1005Metric,Programming JTAG,Candidate exact code,"Check the exact ordering suffix, supplier stock and electrical fit before purchase.",https://www.vishay.com/docs/20035/dcrcwe3.pdf
4,R115; R116; R117; R129,10k,CRCW040210K0FKED,CoreSupport:Resistor_SMD__R_0402_1005Metric,Programming JTAG,Candidate exact code,"Check the exact ordering suffix, supplier stock and electrical fit before purchase.",https://www.vishay.com/docs/20035/dcrcwe3.pdf
1,R122,15m 1% 1W,WSLP1206R0150FEA,CoreSupport:Resistor_SMD__R_1206_3216Metric,power_aux_bulk_isolation,Candidate exact code,"Check the exact ordering suffix, supplier stock and electrical fit before purchase.",https://www.vishay.com/docs/30122/wslp.pdf
1,R123,100R 1%,TBD 100 ohm 1% 0402,CoreSupport:Resistor_SMD__R_0402_1005Metric,GTP reference resistor,Exact code TBD,Select and verify an exact ordering part before purchase.,https://docs.amd.com/v/u/en-US/ug482_7Series_GTP_Transceivers
1,R124,3.10k 0.1%,TBD - exact 0603 0.1% <=25ppm/K ordering code,CoreSupport:Resistor_SMD__R_0603_1608Metric,GTP voltage feedback,Exact code TBD,Select and verify an exact ordering part before purchase.,https://www.vishay.com/docs/28758/tnpw_e3.pdf
2,R130; R131,3.3k,CRCW06033K30FKEA,CoreSupport:Resistor_SMD__R_0603_1608Metric,Separate test-LED current limits,Candidate exact code,Current and power depend on the unresolved cable input voltage.,https://www.vishay.com/docs/20035/dcrcwe3.pdf
1,R132,470k,CRCW0402470KFKED,CoreSupport:Resistor_SMD__R_0402_1005Metric,FPGA-DONE switch gate pull-down,Candidate exact code,Check Q1 default-off behavior and DONE startup timing.,https://www.vishay.com/docs/20035/dcrcwe3.pdf
1,Q1,DMN52D0U,DMN52D0U-7,Diagnostics:SOT-23_DMN52D0U,FPGA-DONE LED low-side switch,Candidate exact code,Verify 1.8 V gate drive and LED turn-on margin on the bench.,https://www.diodes.com/datasheet/download/DMN52D0U.pdf
