additional_item,quantity,current_candidate,open_item,source_url,review_report
Routing-board mating plugs,2,Hirose DF40TC-60DP-0.4V(51),"Pair with J5/J7 receptacles; rigid-board spacing, alignment and assembly approval pending.",https://www.hirose.com/en/product/p/CL0684-4281-0-51,
Routing-board PCB and ASICs,1 routing board; 8 ASICs proposed; spares TBD,Matching routing design and ASIC ordering code TBD,The FPGA board BOM cannot specify the ASIC or routing-board parts; obtain the carrier design and approved ASIC code.,,reports/DF40T_Ground_Return_Review.md
Custom micro-HDMI cable and strain relief,1 cable set; spares TBD,"Custom 19-contact wiring, not standard HDMI","Confirm 3 TX/1 RX channel map, shield, length, supply voltage, contact current and 100% continuity test.",,
Receiver adapter / downstream interface,1 prototype; exact electronics TBD,Compatible GTP receiver and control link,"Confirm receiver input, reference clock, AC coupling, ESD and firmware.",,
JTAG programmer and voltage adapter,1 tool set,1.8 V compatible JTAG candidate,"Select exact probe, keyed adapter and bring-up cable; confirm I/O voltage before use.",,
Edge I/O test fixture and J6 shunt,1 fixture; 1 shunt; spares TBD,"1.5 V compatible probes, ground return and keyed INIT_B jumper",Match the final edge-pad pitch and J6 header before ordering; fixture and jumper are outside the fitted PCB BOM.,,
Routing-board ASIC LDO power feed,TBD,Separate supply/return path and routing-board rail parts,"No DF40T supply contacts are spare. Select feed hardware, LDOs and protection after load budgets; J4.19 0.8 A is only a contact rating.",,reports/Power_Budget_and_Routing_Feed_Audit.md
Input supply and protection,1 source; protection BOM TBD,"Supply voltage, connector protection, current limiting and backfeed control TBD","Neither 5 V nor 12 V whole-headstage power is qualified. Verify total FPGA plus ASIC load, inrush, cable loss and startup sequence.",,reports/Power_Budget_and_Routing_Feed_Audit.md
PCB fabrication and assembly,1 prototype lot; spares TBD,"Eight-layer board, stencil and assembly","Fabricator stackup, controlled impedance, via process, thermal and assembly reviews pending.",,
