Ball,25T Pin Name,50T Pin Name,25T Bank,50T Bank,25T I/O Type,50T I/O Type,Changed Fields,Digital Function Matches After Removing AD Suffix,Step15 U1 Net
A1,GND,GND,NA,NA,NA,NA,,True,GND
A10,IO_L5N_T0_AD2N_15,IO_L5N_T0_AD9N_15,15,15,HR,HR,Pin Name,True,ASIC4_DATA2
A11,GND,GND,NA,NA,NA,NA,,True,GND
A12,IO_L7N_T1_AD10N_15,IO_L7N_T1_AD2N_15,15,15,HR,HR,Pin Name,True,ASIC4_DATA3
A13,IO_L8P_T1_AD3P_15,IO_L8P_T1_AD10P_15,15,15,HR,HR,Pin Name,True,ASIC4_DATA4
A14,IO_L8N_T1_AD3N_15,IO_L8N_T1_AD10N_15,15,15,HR,HR,Pin Name,True,ASIC4_DATA5
A15,IO_L10N_T1_AD4N_15,IO_L10N_T1_AD11N_15,15,15,HR,HR,Pin Name,True,ASIC4_DATA6
A16,VCCO_15,VCCO_15,15,15,NA,NA,,True,VCC_ASIC_1V5
A17,IO_L15N_T2_DQS_ADV_B_15,IO_L15N_T2_DQS_ADV_B_15,15,15,HR,HR,,True,ASIC4_DATA7
A18,GND,GND,NA,NA,NA,NA,,True,GND
A2,MGTAVTT,MGTAVTT,NA,NA,NA,NA,,True,MGTAVTT_1V2
A3,MGTPRXN1_216,MGTPRXN1_216,216,216,GTP,GTP,,True,GTP_RX1_N_FPGA
A4,MGTPRXP1_216,MGTPRXP1_216,216,216,GTP,GTP,,True,GTP_RX1_P_FPGA
A5,GND,GND,NA,NA,NA,NA,,True,GND
A6,MGTRREF_216,MGTRREF_216,216,216,GTP,GTP,,True,GTP_RREF
A7,GND,GND,NA,NA,NA,NA,,True,GND
A8,GND,GND,NA,NA,NA,NA,,True,GND
A9,IO_L3N_T0_DQS_AD1N_15,IO_L3N_T0_DQS_AD1N_15,15,15,HR,HR,,True,ASIC4_DATA1
B1,MGTPTXN3_216,MGTPTXN3_216,216,216,GTP,GTP,,True,unconnected-(U1C-MGTPTXN3_216-PadB1)
B10,IO_L5P_T0_AD2P_15,IO_L5P_T0_AD9P_15,15,15,HR,HR,Pin Name,True,ASIC4_READ
B11,IO_L4N_T0_AD9N_15,IO_L4N_T0_15,15,15,HR,HR,Pin Name,True,ASIC4_SYNC
B12,IO_L7P_T1_AD10P_15,IO_L7P_T1_AD2P_15,15,15,HR,HR,Pin Name,True,ASIC5_DATA1
B13,VCCO_15,VCCO_15,15,15,NA,NA,,True,VCC_ASIC_1V5
B14,IO_L10P_T1_AD4P_15,IO_L10P_T1_AD11P_15,15,15,HR,HR,Pin Name,True,ASIC5_DATA2
B15,IO_L9N_T1_DQS_AD11N_15,IO_L9N_T1_DQS_AD3N_15,15,15,HR,HR,Pin Name,True,ASIC5_DATA3
B16,IO_L15P_T2_DQS_15,IO_L15P_T2_DQS_15,15,15,HR,HR,,True,ASIC5_DATA4
B17,IO_L16N_T2_A27_15,IO_L16N_T2_A27_15,15,15,HR,HR,,True,ASIC5_DATA5
B18,GND,GND,NA,NA,NA,NA,,True,GND
B2,MGTPTXP3_216,MGTPTXP3_216,216,216,GTP,GTP,,True,unconnected-(U1C-MGTPTXP3_216-PadB2)
B3,GND,GND,NA,NA,NA,NA,,True,GND
B4,MGTAVCC,MGTAVCC,NA,NA,NA,NA,,True,MGTAVCC_1V0
B5,MGTREFCLK1N_216,MGTREFCLK1N_216,216,216,GTP,GTP,,True,unconnected-(U1C-MGTREFCLK1N_216-PadB5)
B6,MGTREFCLK1P_216,MGTREFCLK1P_216,216,216,GTP,GTP,,True,unconnected-(U1C-MGTREFCLK1P_216-PadB6)
B7,GND,GND,NA,NA,NA,NA,,True,GND
B8,GND,GND,NA,NA,NA,NA,,True,GND
B9,IO_L3P_T0_DQS_AD1P_15,IO_L3P_T0_DQS_AD1P_15,15,15,HR,HR,,True,ASIC4_DATA8
C1,MGTAVTT,MGTAVTT,NA,NA,NA,NA,,True,MGTAVTT_1V2
C10,VCCO_15,VCCO_15,15,15,NA,NA,,True,VCC_ASIC_1V5
C11,IO_L4P_T0_AD9P_15,IO_L4P_T0_15,15,15,HR,HR,Pin Name,True,ASIC5_DATA8
C12,IO_L6N_T0_VREF_15,IO_L6N_T0_VREF_15,15,15,HR,HR,,True,unconnected-(U1A-IO_L6N_T0_VREF_15-PadC12)
C13,IO_L11N_T1_SRCC_AD12N_15,IO_L11N_T1_SRCC_15,15,15,HR,HR,Pin Name,True,ASIC5_READ
C14,IO_L9P_T1_DQS_AD11P_15,IO_L9P_T1_DQS_AD3P_15,15,15,HR,HR,Pin Name,True,ASIC5_SYNC
C15,GND,GND,NA,NA,NA,NA,,True,GND
C16,IO_L16P_T2_A28_15,IO_L16P_T2_A28_15,15,15,HR,HR,,True,ASIC6_DATA1
C17,IO_L18P_T2_A24_15,IO_L18P_T2_A24_15,15,15,HR,HR,,True,ASIC6_DATA2
C18,IO_L18N_T2_A23_15,IO_L18N_T2_A23_15,15,15,HR,HR,,True,ASIC6_DATA3
C2,GND,GND,NA,NA,NA,NA,,True,GND
C3,MGTPRXN2_216,MGTPRXN2_216,216,216,GTP,GTP,,True,GND
C4,MGTPRXP2_216,MGTPRXP2_216,216,216,GTP,GTP,,True,GND
C5,MGTAVCC,MGTAVCC,NA,NA,NA,NA,,True,MGTAVCC_1V0
C6,GND,GND,NA,NA,NA,NA,,True,GND
C7,GND,GND,NA,NA,NA,NA,,True,GND
C8,IO_L1N_T0_AD0N_15,IO_L1N_T0_AD0N_15,15,15,HR,HR,,True,ASIC5_DATA6
C9,IO_L2N_T0_AD8N_15,IO_L2N_T0_AD8N_15,15,15,HR,HR,,True,ASIC5_DATA7
D1,MGTPTXN2_216,MGTPTXN2_216,216,216,GTP,GTP,,True,GTP_TX2_N_FPGA
D10,IO_0_15,IO_0_15,15,15,HR,HR,,True,ASIC6_DATA6
D11,IO_L6P_T0_15,IO_L6P_T0_15,15,15,HR,HR,,True,ASIC6_DATA7
D12,GND,GND,NA,NA,NA,NA,,True,GND
D13,IO_L11P_T1_SRCC_AD12P_15,IO_L11P_T1_SRCC_15,15,15,HR,HR,Pin Name,True,ASIC6_CLK32MHz_Out
D14,IO_L12N_T1_MRCC_AD5N_15,IO_L12N_T1_MRCC_15,15,15,HR,HR,Pin Name,True,ASIC6_DATA8
D15,IO_L13N_T2_MRCC_15,IO_L13N_T2_MRCC_15,15,15,HR,HR,,True,ASIC6_READ
D16,IO_L14N_T2_SRCC_15,IO_L14N_T2_SRCC_15,15,15,HR,HR,,True,ASIC6_SYNC
D17,VCCO_15,VCCO_15,15,15,NA,NA,,True,VCC_ASIC_1V5
D18,IO_L17N_T2_A25_15,IO_L17N_T2_A25_15,15,15,HR,HR,,True,IMP_TST_SHARED
D2,MGTPTXP2_216,MGTPTXP2_216,216,216,GTP,GTP,,True,GTP_TX2_P_FPGA
D3,GND,GND,NA,NA,NA,NA,,True,GND
D4,GND,GND,NA,NA,NA,NA,,True,GND
D5,MGTREFCLK0N_216,MGTREFCLK0N_216,216,216,GTP,GTP,,True,GTP_REFCLK0_N_FPGA
D6,MGTREFCLK0P_216,MGTREFCLK0P_216,216,216,GTP,GTP,,True,GTP_REFCLK0_P_FPGA
D7,GND,GND,NA,NA,NA,NA,,True,GND
D8,IO_L1P_T0_AD0P_15,IO_L1P_T0_AD0P_15,15,15,HR,HR,,True,ASIC6_DATA4
D9,IO_L2P_T0_AD8P_15,IO_L2P_T0_AD8P_15,15,15,HR,HR,,True,ASIC6_DATA5
E1,MGTAVTT,MGTAVTT,NA,NA,NA,NA,,True,MGTAVTT_1V2
E10,VCCO_0,VCCO_0,0,0,NA,NA,,True,VCCAUX_1V8
E11,VCCBATT_0,VCCBATT_0,0,0,CONFIG,CONFIG,,True,GND
E12,CFGBVS_0,CFGBVS_0,0,0,CONFIG,CONFIG,,True,GND
E13,IO_L12P_T1_MRCC_AD5P_15,IO_L12P_T1_MRCC_15,15,15,HR,HR,Pin Name,True,ASIC4_CLK32MHz_Out
E14,VCCO_15,VCCO_15,15,15,NA,NA,,True,VCC_ASIC_1V5
E15,IO_L13P_T2_MRCC_15,IO_L13P_T2_MRCC_15,15,15,HR,HR,,True,ASIC5_CLK32MHz_Out
E16,IO_L14P_T2_SRCC_15,IO_L14P_T2_SRCC_15,15,15,HR,HR,,True,unconnected-(U1A-IO_L14P_T2_SRCC_15-PadE16)
E17,IO_L17P_T2_A26_15,IO_L17P_T2_A26_15,15,15,HR,HR,,True,NONSTIM_BOARD1_SPI_DR
E18,IO_L24N_T3_RS0_15,IO_L24N_T3_RS0_15,15,15,HR,HR,,True,NONSTIM_BOARD2_SPI_DR
E2,GND,GND,NA,NA,NA,NA,,True,GND
E3,MGTPRXN0_216,MGTPRXN0_216,216,216,GTP,GTP,,True,GND
E4,MGTPRXP0_216,MGTPRXP0_216,216,216,GTP,GTP,,True,GND
E5,MGTAVCC,MGTAVCC,NA,NA,NA,NA,,True,MGTAVCC_1V0
E6,GND,GND,NA,NA,NA,NA,,True,GND
E7,GND,GND,NA,NA,NA,NA,,True,GND
E8,CCLK_0,CCLK_0,0,0,CONFIG,CONFIG,,True,FPGA_CCLK
E9,GND,GND,NA,NA,NA,NA,,True,GND
F1,MGTPTXN1_216,MGTPTXN1_216,216,216,GTP,GTP,,True,GTP_TX1_N_FPGA
F10,GND,GND,NA,NA,NA,NA,,True,GND
F11,VCCBRAM,VCCBRAM,NA,NA,NA,NA,,True,VCCINT_1V0
F12,DONE_0,DONE_0,0,0,CONFIG,CONFIG,,True,FPGA_DONE
F13,M2_0,M2_0,0,0,CONFIG,CONFIG,,True,GND
F14,IO_L22N_T3_A16_15,IO_L22N_T3_A16_15,15,15,HR,HR,,True,STIM_CHB_SHARED
F15,IO_L21N_T3_DQS_A18_15,IO_L21N_T3_DQS_A18_15,15,15,HR,HR,,True,STIM_CHIP2_SPI_DL
F16,GND,GND,NA,NA,NA,NA,,True,GND
F17,IO_L24P_T3_RS1_15,IO_L24P_T3_RS1_15,15,15,HR,HR,,True,STIM_CHIP3_SPI_DR
F18,IO_L19N_T3_A21_VREF_15,IO_L19N_T3_A21_VREF_15,15,15,HR,HR,,True,unconnected-(U1A-IO_L19N_T3_A21_VREF_15-PadF18)
F2,MGTPTXP1_216,MGTPTXP1_216,216,216,GTP,GTP,,True,GTP_TX1_P_FPGA
F3,MGTAVTT,MGTAVTT,NA,NA,NA,NA,,True,MGTAVTT_1V2
F4,GND,GND,NA,NA,NA,NA,,True,GND
F5,MGTAVCC,MGTAVCC,NA,NA,NA,NA,,True,MGTAVCC_1V0
F6,GND,GND,NA,NA,NA,NA,,True,GND
F7,VCCINT,VCCINT,NA,NA,NA,NA,,True,VCCINT_1V0
F8,TCK_0,TCK_0,0,0,CONFIG,CONFIG,,True,JTAG_TCK
F9,VCCINT,VCCINT,NA,NA,NA,NA,,True,VCCINT_1V0
G1,GND,GND,NA,NA,NA,NA,,True,GND
G10,VCCBRAM,VCCBRAM,NA,NA,NA,NA,,True,VCCINT_1V0
G11,GND,GND,NA,NA,NA,NA,,True,GND
G12,VCCAUX,VCCAUX,NA,NA,NA,NA,,True,VCCAUX_1V8
G13,GND,GND,NA,NA,NA,NA,,True,GND
G14,IO_L22P_T3_A17_15,IO_L22P_T3_A17_15,15,15,HR,HR,,True,STIM_CLK_SHARED
G15,IO_L21P_T3_DQS_15,IO_L21P_T3_DQS_15,15,15,HR,HR,,True,unconnected-(U1A-IO_L21P_T3_DQS_15-PadG15)
G16,IO_L20N_T3_A19_15,IO_L20N_T3_A19_15,15,15,HR,HR,,True,DBG_IO_B15_0
G17,IO_L19P_T3_A22_15,IO_L19P_T3_A22_15,15,15,HR,HR,,True,DBG_IO_B15_2
G18,VCCO_15,VCCO_15,15,15,NA,NA,,True,VCC_ASIC_1V5
G2,MGTAVTT,MGTAVTT,NA,NA,NA,NA,,True,MGTAVTT_1V2
G3,MGTPRXN3_216,MGTPRXN3_216,216,216,GTP,GTP,,True,GND
G4,MGTPRXP3_216,MGTPRXP3_216,216,216,GTP,GTP,,True,GND
G5,GND,GND,NA,NA,NA,NA,,True,GND
G6,GND,GND,NA,NA,NA,NA,,True,GND
G7,GND,GND,NA,NA,NA,NA,,True,GND
G8,VCCINT,VCCINT,NA,NA,NA,NA,,True,VCCINT_1V0
G9,GND,GND,NA,NA,NA,NA,,True,GND
H1,MGTPTXN0_216,MGTPTXN0_216,216,216,GTP,GTP,,True,GTP_TX0_N_FPGA
H10,GND,GND,NA,NA,NA,NA,,True,GND
H11,VCCBRAM,VCCBRAM,NA,NA,NA,NA,,True,VCCINT_1V0
H12,GND,GND,NA,NA,NA,NA,,True,GND
H13,VCCAUX,VCCAUX,NA,NA,NA,NA,,True,VCCAUX_1V8
H14,IO_25_15,IO_25_15,15,15,HR,HR,,True,unconnected-(U1A-IO_25_15-PadH14)
H15,VCCO_15,VCCO_15,15,15,NA,NA,,True,VCC_ASIC_1V5
H16,IO_L20P_T3_A20_15,IO_L20P_T3_A20_15,15,15,HR,HR,,True,DBG_IO_B15_1
H17,IO_L23P_T3_FOE_B_15,IO_L23P_T3_FOE_B_15,15,15,HR,HR,,True,unconnected-(U1A-IO_L23P_T3_FOE_B_15-PadH17)
H18,IO_L23N_T3_FWE_B_15,IO_L23N_T3_FWE_B_15,15,15,HR,HR,,True,unconnected-(U1A-IO_L23N_T3_FWE_B_15-PadH18)
H2,MGTPTXP0_216,MGTPTXP0_216,216,216,GTP,GTP,,True,GTP_TX0_P_FPGA
H3,GND,GND,NA,NA,NA,NA,,True,GND
H4,GND,GND,NA,NA,NA,NA,,True,GND
H5,GND,GND,NA,NA,NA,NA,,True,GND
H6,GND,GND,NA,NA,NA,NA,,True,GND
H7,VCCINT,VCCINT,NA,NA,NA,NA,,True,VCCINT_1V0
H8,GND,GND,NA,NA,NA,NA,,True,GND
H9,VCCINT,VCCINT,NA,NA,NA,NA,,True,VCCINT_1V0
J1,GND,GND,NA,NA,NA,NA,,True,GND
J10,VCCADC_0,VCCADC_0,0,0,CONFIG,CONFIG,,True,VCCAUX_1V8
J11,GND,GND,NA,NA,NA,NA,,True,GND
J12,VCCINT,VCCINT,NA,NA,NA,NA,,True,VCCINT_1V0
J13,GND,GND,NA,NA,NA,NA,,True,GND
J14,IO_L5P_T0_D06_14,IO_L5P_T0_D06_14,14,14,HR,HR,,True,ASIC1_DATA1
J15,IO_L2P_T0_D02_14,IO_L2P_T0_D02_14,14,14,HR,HR,,True,ASIC1_DATA2
J16,IO_L2N_T0_D03_14,IO_L2N_T0_D03_14,14,14,HR,HR,,True,ASIC1_DATA3
J17,GND,GND,NA,NA,NA,NA,,True,GND
J18,IO_L3P_T0_DQS_PUDC_B_14,IO_L3P_T0_DQS_PUDC_B_14,14,14,HR,HR,,True,CFG_PUDC_B
J2,GND,GND,NA,NA,NA,NA,,True,GND
J3,GND,GND,NA,NA,NA,NA,,True,GND
J4,IO_L2N_T0_34,IO_L2N_T0_34,34,34,HR,HR,,True,ASIC7_DATA1
J5,IO_L2P_T0_34,IO_L2P_T0_34,34,34,HR,HR,,True,ASIC7_DATA2
J6,IO_0_34,IO_0_34,34,34,HR,HR,,True,ASIC7_DATA3
J7,GND,GND,NA,NA,NA,NA,,True,GND
J8,VCCINT,VCCINT,NA,NA,NA,NA,,True,VCCINT_1V0
J9,GNDADC_0,GNDADC_0,0,0,CONFIG,CONFIG,,True,GND
K1,IO_L3N_T0_DQS_34,IO_L3N_T0_DQS_34,34,34,HR,HR,,True,ASIC7_DATA4
K10,VP_0,VP_0,0,0,CONFIG,CONFIG,,True,GND
K11,VCCINT,VCCINT,NA,NA,NA,NA,,True,VCCINT_1V0
K12,GND,GND,NA,NA,NA,NA,,True,GND
K13,VCCAUX,VCCAUX,NA,NA,NA,NA,,True,VCCAUX_1V8
K14,GND,GND,NA,NA,NA,NA,,True,GND
K15,IO_L5N_T0_D07_14,IO_L5N_T0_D07_14,14,14,HR,HR,,True,ASIC1_DATA4
K16,IO_L1P_T0_D00_MOSI_14,IO_L1P_T0_D00_MOSI_14,14,14,HR,HR,,True,FPGA_MOSI_1V5
K17,IO_L4P_T0_D04_14,IO_L4P_T0_D04_14,14,14,HR,HR,,True,ASIC1_DATA5
K18,IO_L3N_T0_DQS_EMCCLK_14,IO_L3N_T0_DQS_EMCCLK_14,14,14,HR,HR,,True,ASIC1_DATA6
K2,IO_L3P_T0_DQS_34,IO_L3P_T0_DQS_34,34,34,HR,HR,,True,ASIC7_DATA5
K3,IO_L4P_T0_34,IO_L4P_T0_34,34,34,HR,HR,,True,ASIC7_DATA6
K4,GND,GND,NA,NA,NA,NA,,True,GND
K5,IO_L1N_T0_34,IO_L1N_T0_34,34,34,HR,HR,,True,ASIC7_DATA7
K6,IO_L1P_T0_34,IO_L1P_T0_34,34,34,HR,HR,,True,ASIC7_DATA8
K7,VCCINT,VCCINT,NA,NA,NA,NA,,True,VCCINT_1V0
K8,GND,GND,NA,NA,NA,NA,,True,GND
K9,VREFN_0,VREFN_0,0,0,CONFIG,CONFIG,,True,GND
L1,GND,GND,NA,NA,NA,NA,,True,GND
L10,VREFP_0,VREFP_0,0,0,CONFIG,CONFIG,,True,GND
L11,GND,GND,NA,NA,NA,NA,,True,GND
L12,VCCINT,VCCINT,NA,NA,NA,NA,,True,VCCINT_1V0
L13,GND,GND,NA,NA,NA,NA,,True,GND
L14,IO_0_14,IO_0_14,14,14,HR,HR,,True,ASIC1_DATA7
L15,IO_L6P_T0_FCS_B_14,IO_L6P_T0_FCS_B_14,14,14,HR,HR,,True,FPGA_FCS_B_1V5
L16,VCCO_14,VCCO_14,14,14,NA,NA,,True,VCC_ASIC_1V5
L17,IO_L1N_T0_D01_DIN_14,IO_L1N_T0_D01_DIN_14,14,14,HR,HR,,True,FPGA_DIN_1V5
L18,IO_L4N_T0_D05_14,IO_L4N_T0_D05_14,14,14,HR,HR,,True,ASIC1_DATA8
L2,IO_L4N_T0_34,IO_L4N_T0_34,34,34,HR,HR,,True,ASIC7_READ
L3,IO_L5N_T0_34,IO_L5N_T0_34,34,34,HR,HR,,True,ASIC7_SYNC
L4,IO_L5P_T0_34,IO_L5P_T0_34,34,34,HR,HR,,True,ASIC8_DATA1
L5,IO_L6P_T0_34,IO_L6P_T0_34,34,34,HR,HR,,True,ASIC8_DATA2
L6,VCCO_34,VCCO_34,34,34,NA,NA,,True,VCC_ASIC_1V5
L7,GND,GND,NA,NA,NA,NA,,True,GND
L8,VCCINT,VCCINT,NA,NA,NA,NA,,True,VCCINT_1V0
L9,VN_0,VN_0,0,0,CONFIG,CONFIG,,True,GND
M1,IO_L7N_T1_34,IO_L7N_T1_34,34,34,HR,HR,,True,ASIC8_DATA3
M10,DXP_0,DXP_0,0,0,CONFIG,CONFIG,,True,GND
M11,VCCINT,VCCINT,NA,NA,NA,NA,,True,VCCINT_1V0
M12,GND,GND,NA,NA,NA,NA,,True,GND
M13,VCCAUX,VCCAUX,NA,NA,NA,NA,,True,VCCAUX_1V8
M14,IO_L8P_T1_D11_14,IO_L8P_T1_D11_14,14,14,HR,HR,,True,ASIC1_READ
M15,IO_L6N_T0_D08_VREF_14,IO_L6N_T0_D08_VREF_14,14,14,HR,HR,,True,unconnected-(U1A-IO_L6N_T0_D08_VREF_14-PadM15)
M16,IO_L7P_T1_D09_14,IO_L7P_T1_D09_14,14,14,HR,HR,,True,ASIC1_SYNC
M17,IO_L7N_T1_D10_14,IO_L7N_T1_D10_14,14,14,HR,HR,,True,ASIC2_DATA1
M18,GND,GND,NA,NA,NA,NA,,True,GND
M2,IO_L7P_T1_34,IO_L7P_T1_34,34,34,HR,HR,,True,ASIC8_DATA4
M3,VCCO_34,VCCO_34,34,34,NA,NA,,True,VCC_ASIC_1V5
M4,IO_L10P_T1_34,IO_L10P_T1_34,34,34,HR,HR,,True,ASIC8_DATA5
M5,IO_L6N_T0_VREF_34,IO_L6N_T0_VREF_34,34,34,HR,HR,,True,unconnected-(U1B-IO_L6N_T0_VREF_34-PadM5)
M6,IO_L8P_T1_34,IO_L8P_T1_34,34,34,HR,HR,,True,ASIC8_DATA6
M7,VCCINT,VCCINT,NA,NA,NA,NA,,True,VCCINT_1V0
M8,GND,GND,NA,NA,NA,NA,,True,GND
M9,DXN_0,DXN_0,0,0,CONFIG,CONFIG,,True,GND
N1,IO_L9P_T1_DQS_34,IO_L9P_T1_DQS_34,34,34,HR,HR,,True,ASIC8_DATA7
N10,VCCINT,VCCINT,NA,NA,NA,NA,,True,VCCINT_1V0
N11,GND,GND,NA,NA,NA,NA,,True,GND
N12,VCCINT,VCCINT,NA,NA,NA,NA,,True,VCCINT_1V0
N13,GND,GND,NA,NA,NA,NA,,True,GND
N14,IO_L8N_T1_D12_14,IO_L8N_T1_D12_14,14,14,HR,HR,,True,ASIC2_DATA2
N15,GND,GND,NA,NA,NA,NA,,True,GND
N16,IO_L9P_T1_DQS_14,IO_L9P_T1_DQS_14,14,14,HR,HR,,True,ASIC2_DATA3
N17,IO_L9N_T1_DQS_D13_14,IO_L9N_T1_DQS_D13_14,14,14,HR,HR,,True,ASIC2_DATA4
N18,IO_L10P_T1_D14_14,IO_L10P_T1_D14_14,14,14,HR,HR,,True,ASIC2_DATA5
N2,IO_L11N_T1_SRCC_34,IO_L11N_T1_SRCC_34,34,34,HR,HR,,True,ASIC8_DATA8
N3,IO_L11P_T1_SRCC_34,IO_L11P_T1_SRCC_34,34,34,HR,HR,,True,FABRIC_CLK_1V5_TBD
N4,IO_L10N_T1_34,IO_L10N_T1_34,34,34,HR,HR,,True,ASIC8_READ
N5,GND,GND,NA,NA,NA,NA,,True,GND
N6,IO_L8N_T1_34,IO_L8N_T1_34,34,34,HR,HR,,True,ASIC8_SYNC
N7,GND,GND,NA,NA,NA,NA,,True,GND
N8,VCCINT,VCCINT,NA,NA,NA,NA,,True,VCCINT_1V0
N9,GND,GND,NA,NA,NA,NA,,True,GND
P1,IO_L9N_T1_DQS_34,IO_L9N_T1_DQS_34,34,34,HR,HR,,True,BOARD1_CLK
P10,PROGRAM_B_0,PROGRAM_B_0,0,0,CONFIG,CONFIG,,True,FPGA_PROGRAM_B
P11,VCCINT,VCCINT,NA,NA,NA,NA,,True,VCCINT_1V0
P12,GND,GND,NA,NA,NA,NA,,True,GND
P13,VCCAUX,VCCAUX,NA,NA,NA,NA,,True,VCCAUX_1V8
P14,IO_L12P_T1_MRCC_14,IO_L12P_T1_MRCC_14,14,14,HR,HR,,True,ASIC1_CLK32MHz_Out
P15,IO_L11P_T1_SRCC_14,IO_L11P_T1_SRCC_14,14,14,HR,HR,,True,ASIC3_CLK32MHz_Out
P16,IO_L11N_T1_SRCC_14,IO_L11N_T1_SRCC_14,14,14,HR,HR,,True,ASIC2_DATA6
P17,VCCO_14,VCCO_14,14,14,NA,NA,,True,VCC_ASIC_1V5
P18,IO_L10N_T1_D15_14,IO_L10N_T1_D15_14,14,14,HR,HR,,True,ASIC2_DATA7
P2,GND,GND,NA,NA,NA,NA,,True,GND
P3,IO_L12N_T1_MRCC_34,IO_L12N_T1_MRCC_34,34,34,HR,HR,,True,BOARD1_SPI_CLK
P4,IO_L12P_T1_MRCC_34,IO_L12P_T1_MRCC_34,34,34,HR,HR,,True,ASIC7_CLK32MHz_Out
P5,IO_L19N_T3_VREF_34,IO_L19N_T3_VREF_34,34,34,HR,HR,,True,unconnected-(U1B-IO_L19N_T3_VREF_34-PadP5)
P6,IO_L19P_T3_34,IO_L19P_T3_34,34,34,HR,HR,,True,BOARD2_CLK
P7,VCCO_34,VCCO_34,34,34,NA,NA,,True,VCC_ASIC_1V5
P8,GND,GND,NA,NA,NA,NA,,True,GND
P9,VCCINT,VCCINT,NA,NA,NA,NA,,True,VCCINT_1V0
R1,IO_L13N_T2_MRCC_34,IO_L13N_T2_MRCC_34,34,34,HR,HR,,True,BOARD2_SPI_CLK
R10,VCCO_0,VCCO_0,0,0,NA,NA,,True,VCCAUX_1V8
R11,M1_0,M1_0,0,0,CONFIG,CONFIG,,True,GND
R12,M0_0,M0_0,0,0,CONFIG,CONFIG,,True,CFG_M0
R13,IO_L19P_T3_A10_D26_14,IO_L19P_T3_A10_D26_14,14,14,HR,HR,,True,ASIC2_DATA8
R14,VCCO_14,VCCO_14,14,14,NA,NA,,True,VCC_ASIC_1V5
R15,IO_L12N_T1_MRCC_14,IO_L12N_T1_MRCC_14,14,14,HR,HR,,True,ASIC2_READ
R16,IO_L14P_T2_SRCC_14,IO_L14P_T2_SRCC_14,14,14,HR,HR,,True,unconnected-(U1A-IO_L14P_T2_SRCC_14-PadR16)
R17,IO_L14N_T2_SRCC_14,IO_L14N_T2_SRCC_14,14,14,HR,HR,,True,ASIC2_SYNC
R18,IO_L15P_T2_DQS_RDWR_B_14,IO_L15P_T2_DQS_RDWR_B_14,14,14,HR,HR,,True,ASIC3_DATA1
R2,IO_L13P_T2_MRCC_34,IO_L13P_T2_MRCC_34,34,34,HR,HR,,True,ASIC8_CLK32MHz_Out
R3,IO_L14P_T2_SRCC_34,IO_L14P_T2_SRCC_34,34,34,HR,HR,,True,unconnected-(U1B-IO_L14P_T2_SRCC_34-PadR3)
R4,VCCO_34,VCCO_34,34,34,NA,NA,,True,VCC_ASIC_1V5
R5,IO_L21P_T3_DQS_34,IO_L21P_T3_DQS_34,34,34,HR,HR,,True,BOARD3_CLK
R6,IO_25_34,IO_25_34,34,34,HR,HR,,True,BOARD3_SPI_CLK
R7,IO_L22P_T3_34,IO_L22P_T3_34,34,34,HR,HR,,True,BOARD4_CLK
R8,TMS_0,TMS_0,0,0,CONFIG,CONFIG,,True,JTAG_TMS
R9,GND,GND,NA,NA,NA,NA,,True,GND
T1,VCCO_34,VCCO_34,34,34,NA,NA,,True,VCC_ASIC_1V5
T10,INIT_B_0,INIT_B_0,0,0,CONFIG,CONFIG,,True,FPGA_INIT_B
T11,VCCO_14,VCCO_14,14,14,NA,NA,,True,VCC_ASIC_1V5
T12,IO_L22P_T3_A05_D21_14,IO_L22P_T3_A05_D21_14,14,14,HR,HR,,True,ASIC3_DATA2
T13,IO_L19N_T3_A09_D25_VREF_14,IO_L19N_T3_A09_D25_VREF_14,14,14,HR,HR,,True,unconnected-(U1A-IO_L19N_T3_A09_D25_VREF_14-PadT13)
T14,IO_L13P_T2_MRCC_14,IO_L13P_T2_MRCC_14,14,14,HR,HR,,True,ASIC2_CLK32MHz_Out
T15,IO_L13N_T2_MRCC_14,IO_L13N_T2_MRCC_14,14,14,HR,HR,,True,ASIC3_DATA3
T16,GND,GND,NA,NA,NA,NA,,True,GND
T17,IO_L16P_T2_CSI_B_14,IO_L16P_T2_CSI_B_14,14,14,HR,HR,,True,ASIC3_DATA4
T18,IO_L15N_T2_DQS_DOUT_CSO_B_14,IO_L15N_T2_DQS_DOUT_CSO_B_14,14,14,HR,HR,,True,ASIC3_DATA5
T2,IO_L14N_T2_SRCC_34,IO_L14N_T2_SRCC_34,34,34,HR,HR,,True,BOARD4_SPI_CLK
T3,IO_L17N_T2_34,IO_L17N_T2_34,34,34,HR,HR,,True,CHIP_RESET_SHARED
T4,IO_L17P_T2_34,IO_L17P_T2_34,34,34,HR,HR,,True,FE_RESET_SHARED
T5,IO_L21N_T3_DQS_34,IO_L21N_T3_DQS_34,34,34,HR,HR,,True,NONSTIM_BOARD1_SPI_DL
T6,GND,GND,NA,NA,NA,NA,,True,GND
T7,IO_L22N_T3_34,IO_L22N_T3_34,34,34,HR,HR,,True,NONSTIM_BOARD2_SPI_DL
T8,TDO_0,TDO_0,0,0,CONFIG,CONFIG,,True,FPGA_TDO
T9,TDI_0,TDI_0,0,0,CONFIG,CONFIG,,True,JTAG_TDI
U1,IO_L15N_T2_DQS_34,IO_L15N_T2_DQS_34,34,34,HR,HR,,True,SPI_LATCH_SHARED
U10,IO_25_14,IO_25_14,14,14,HR,HR,,True,ASIC3_DATA7
U11,IO_L23P_T3_A03_D19_14,IO_L23P_T3_A03_D19_14,14,14,HR,HR,,True,ASIC3_DATA8
U12,IO_L22N_T3_A04_D20_14,IO_L22N_T3_A04_D20_14,14,14,HR,HR,,True,ASIC3_READ
U13,GND,GND,NA,NA,NA,NA,,True,GND
U14,IO_L20P_T3_A08_D24_14,IO_L20P_T3_A08_D24_14,14,14,HR,HR,,True,ASIC3_SYNC
U15,IO_L17P_T2_A14_D30_14,IO_L17P_T2_A14_D30_14,14,14,HR,HR,,True,STIM_CHIP1_SPI_DR
U16,IO_L17N_T2_A13_D29_14,IO_L17N_T2_A13_D29_14,14,14,HR,HR,,True,STIM_CHIP3_SPI_DL
U17,IO_L16N_T2_A15_D31_14,IO_L16N_T2_A15_D31_14,14,14,HR,HR,,True,STIM_CHIP4_SPI_DR
U18,VCCO_14,VCCO_14,14,14,NA,NA,,True,VCC_ASIC_1V5
U2,IO_L15P_T2_DQS_34,IO_L15P_T2_DQS_34,34,34,HR,HR,,True,STIM_CHIP1_SPI_DL
U3,GND,GND,NA,NA,NA,NA,,True,GND
U4,IO_L18P_T2_34,IO_L18P_T2_34,34,34,HR,HR,,True,STIM_CHIP2_SPI_DR
U5,IO_L20N_T3_34,IO_L20N_T3_34,34,34,HR,HR,,True,STIM_CHIP4_SPI_DL
U6,IO_L20P_T3_34,IO_L20P_T3_34,34,34,HR,HR,,True,STIM_EN_SHARED
U7,IO_L23P_T3_34,IO_L23P_T3_34,34,34,HR,HR,,True,DBG_IO_B34_4
U8,VCCO_14,VCCO_14,14,14,NA,NA,,True,VCC_ASIC_1V5
U9,IO_L24P_T3_A01_D17_14,IO_L24P_T3_A01_D17_14,14,14,HR,HR,,True,ASIC3_DATA6
V1,GND,GND,NA,NA,NA,NA,,True,GND
V10,GND,GND,NA,NA,NA,NA,,True,GND
V11,IO_L23N_T3_A02_D18_14,IO_L23N_T3_A02_D18_14,14,14,HR,HR,,True,unconnected-(U1A-IO_L23N_T3_A02_D18_14-PadV11)
V12,IO_L21P_T3_DQS_14,IO_L21P_T3_DQS_14,14,14,HR,HR,,True,unconnected-(U1A-IO_L21P_T3_DQS_14-PadV12)
V13,IO_L21N_T3_DQS_A06_D22_14,IO_L21N_T3_DQS_A06_D22_14,14,14,HR,HR,,True,unconnected-(U1A-IO_L21N_T3_DQS_A06_D22_14-PadV13)
V14,IO_L20N_T3_A07_D23_14,IO_L20N_T3_A07_D23_14,14,14,HR,HR,,True,unconnected-(U1A-IO_L20N_T3_A07_D23_14-PadV14)
V15,VCCO_14,VCCO_14,14,14,NA,NA,,True,VCC_ASIC_1V5
V16,IO_L18P_T2_A12_D28_14,IO_L18P_T2_A12_D28_14,14,14,HR,HR,,True,unconnected-(U1A-IO_L18P_T2_A12_D28_14-PadV16)
V17,IO_L18N_T2_A11_D27_14,IO_L18N_T2_A11_D27_14,14,14,HR,HR,,True,unconnected-(U1A-IO_L18N_T2_A11_D27_14-PadV17)
V18,GND,GND,NA,NA,NA,NA,,True,GND
V2,IO_L16N_T2_34,IO_L16N_T2_34,34,34,HR,HR,,True,DBG_IO_B34_0
V3,IO_L16P_T2_34,IO_L16P_T2_34,34,34,HR,HR,,True,DBG_IO_B34_1
V4,IO_L18N_T2_34,IO_L18N_T2_34,34,34,HR,HR,,True,DBG_IO_B34_2
V5,VCCO_34,VCCO_34,34,34,NA,NA,,True,VCC_ASIC_1V5
V6,IO_L23N_T3_34,IO_L23N_T3_34,34,34,HR,HR,,True,DBG_IO_B34_3
V7,IO_L24N_T3_34,IO_L24N_T3_34,34,34,HR,HR,,True,DBG_IO_B34_5
V8,IO_L24P_T3_34,IO_L24P_T3_34,34,34,HR,HR,,True,DBG_IO_B34_6
V9,IO_L24N_T3_A00_D16_14,IO_L24N_T3_A00_D16_14,14,14,HR,HR,,True,STIM_START_SHARED
