ball,amd_function,bank,io_type,memory_byte_group,clock_capability,project_net,assignment_status
P10,DONE_0,0,CONFIG,NA,,DONE_0,Fixed package function; circuit treatment pending
E10,TCK_0,0,CONFIG,NA,,TCK_0,Fixed package function; circuit treatment pending
E8,VCCBATT_0,0,CONFIG,NA,,VCCBATT_0,Fixed package function; circuit treatment pending
K9,VN_0,0,CONFIG,NA,,VN_0,Fixed package function; circuit treatment pending
K10,VREFP_0,0,CONFIG,NA,,VREFP_0,Fixed package function; circuit treatment pending
H9,GNDADC_0,0,CONFIG,NA,,GNDADC_0,Fixed package function; circuit treatment pending
H10,VCCADC_0,0,CONFIG,NA,,VCCADC_0,Fixed package function; circuit treatment pending
L10,DXP_0,0,CONFIG,NA,,DXP_0,Fixed package function; circuit treatment pending
E9,CCLK_0,0,CONFIG,NA,,CCLK_0,Fixed package function; circuit treatment pending
J10,VP_0,0,CONFIG,NA,,VP_0,Fixed package function; circuit treatment pending
J9,VREFN_0,0,CONFIG,NA,,VREFN_0,Fixed package function; circuit treatment pending
L9,DXN_0,0,CONFIG,NA,,DXN_0,Fixed package function; circuit treatment pending
E13,TDO_0,0,CONFIG,NA,,TDO_0,Fixed package function; circuit treatment pending
E11,TDI_0,0,CONFIG,NA,,TDI_0,Fixed package function; circuit treatment pending
P7,INIT_B_0,0,CONFIG,NA,,INIT_B_0,Fixed package function; circuit treatment pending
P13,M1_0,0,CONFIG,NA,,M1_0,Fixed package function; circuit treatment pending
P12,M0_0,0,CONFIG,NA,,M0_0,Fixed package function; circuit treatment pending
E12,TMS_0,0,CONFIG,NA,,TMS_0,Fixed package function; circuit treatment pending
P9,PROGRAM_B_0,0,CONFIG,NA,,PROGRAM_B_0,Fixed package function; circuit treatment pending
P8,CFGBVS_0,0,CONFIG,NA,,CFGBVS_0,Fixed package function; circuit treatment pending
P11,M2_0,0,CONFIG,NA,,M2_0,Fixed package function; circuit treatment pending
R11,IO_0_14,14,HR,NA,,TBD,Unassigned user IO
K17,IO_L1P_T0_D00_MOSI_14,14,HR,0,,TBD,Unassigned user IO
K18,IO_L1N_T0_D01_DIN_14,14,HR,0,,TBD,Unassigned user IO
L14,IO_L2P_T0_D02_14,14,HR,0,,TBD,Unassigned user IO
M14,IO_L2N_T0_D03_14,14,HR,0,,TBD,Unassigned user IO
L15,IO_L3P_T0_DQS_PUDC_B_14,14,HR,0,,TBD,Unassigned user IO
L16,IO_L3N_T0_DQS_EMCCLK_14,14,HR,0,,TBD,Unassigned user IO
L18,IO_L4P_T0_D04_14,14,HR,0,,TBD,Unassigned user IO
M18,IO_L4N_T0_D05_14,14,HR,0,,TBD,Unassigned user IO
R12,IO_L5P_T0_D06_14,14,HR,0,,TBD,Unassigned user IO
R13,IO_L5N_T0_D07_14,14,HR,0,,TBD,Unassigned user IO
L13,IO_L6P_T0_FCS_B_14,14,HR,0,,TBD,Unassigned user IO
M13,IO_L6N_T0_D08_VREF_14,14,HR,0,,TBD,Unassigned user IO
R18,IO_L7P_T1_D09_14,14,HR,1,,TBD,Unassigned user IO
T18,IO_L7N_T1_D10_14,14,HR,1,,TBD,Unassigned user IO
N14,IO_L8P_T1_D11_14,14,HR,1,,TBD,Unassigned user IO
P14,IO_L8N_T1_D12_14,14,HR,1,,TBD,Unassigned user IO
N17,IO_L9P_T1_DQS_14,14,HR,1,,TBD,Unassigned user IO
P18,IO_L9N_T1_DQS_D13_14,14,HR,1,,TBD,Unassigned user IO
M16,IO_L10P_T1_D14_14,14,HR,1,,TBD,Unassigned user IO
M17,IO_L10N_T1_D15_14,14,HR,1,,TBD,Unassigned user IO
N15,IO_L11P_T1_SRCC_14,14,HR,1,SRCC,TBD,Unassigned user IO
N16,IO_L11N_T1_SRCC_14,14,HR,1,SRCC,TBD,Unassigned user IO
P17,IO_L12P_T1_MRCC_14,14,HR,1,MRCC,TBD,Unassigned user IO
R17,IO_L12N_T1_MRCC_14,14,HR,1,MRCC,TBD,Unassigned user IO
P15,IO_L13P_T2_MRCC_14,14,HR,2,MRCC,TBD,Unassigned user IO
R15,IO_L13N_T2_MRCC_14,14,HR,2,MRCC,TBD,Unassigned user IO
T14,IO_L14P_T2_SRCC_14,14,HR,2,SRCC,TBD,Unassigned user IO
T15,IO_L14N_T2_SRCC_14,14,HR,2,SRCC,TBD,Unassigned user IO
R16,IO_L15P_T2_DQS_RDWR_B_14,14,HR,2,,TBD,Unassigned user IO
T16,IO_L15N_T2_DQS_DOUT_CSO_B_14,14,HR,2,,TBD,Unassigned user IO
V15,IO_L16P_T2_CSI_B_14,14,HR,2,,TBD,Unassigned user IO
V16,IO_L16N_T2_A15_D31_14,14,HR,2,,TBD,Unassigned user IO
U17,IO_L17P_T2_A14_D30_14,14,HR,2,,TBD,Unassigned user IO
U18,IO_L17N_T2_A13_D29_14,14,HR,2,,TBD,Unassigned user IO
U16,IO_L18P_T2_A12_D28_14,14,HR,2,,TBD,Unassigned user IO
V17,IO_L18N_T2_A11_D27_14,14,HR,2,,TBD,Unassigned user IO
T11,IO_L19P_T3_A10_D26_14,14,HR,3,,TBD,Unassigned user IO
U11,IO_L19N_T3_A09_D25_VREF_14,14,HR,3,,TBD,Unassigned user IO
U12,IO_L20P_T3_A08_D24_14,14,HR,3,,TBD,Unassigned user IO
V12,IO_L20N_T3_A07_D23_14,14,HR,3,,TBD,Unassigned user IO
V10,IO_L21P_T3_DQS_14,14,HR,3,,TBD,Unassigned user IO
V11,IO_L21N_T3_DQS_A06_D22_14,14,HR,3,,TBD,Unassigned user IO
U14,IO_L22P_T3_A05_D21_14,14,HR,3,,TBD,Unassigned user IO
V14,IO_L22N_T3_A04_D20_14,14,HR,3,,TBD,Unassigned user IO
T13,IO_L23P_T3_A03_D19_14,14,HR,3,,TBD,Unassigned user IO
U13,IO_L23N_T3_A02_D18_14,14,HR,3,,TBD,Unassigned user IO
T9,IO_L24P_T3_A01_D17_14,14,HR,3,,TBD,Unassigned user IO
T10,IO_L24N_T3_A00_D16_14,14,HR,3,,TBD,Unassigned user IO
R10,IO_25_14,14,HR,NA,,TBD,Unassigned user IO
G13,IO_0_15,15,HR,NA,,TBD,Unassigned user IO
D14,IO_L1P_T0_AD0P_15,15,HR,0,,TBD,Unassigned user IO
C14,IO_L1N_T0_AD0N_15,15,HR,0,,TBD,Unassigned user IO
B13,IO_L2P_T0_AD8P_15,15,HR,0,,TBD,Unassigned user IO
B14,IO_L2N_T0_AD8N_15,15,HR,0,,TBD,Unassigned user IO
C12,IO_L3P_T0_DQS_AD1P_15,15,HR,0,,TBD,Unassigned user IO
B12,IO_L3N_T0_DQS_AD1N_15,15,HR,0,,TBD,Unassigned user IO
B11,IO_L4P_T0_15,15,HR,0,,TBD,Unassigned user IO
A11,IO_L4N_T0_15,15,HR,0,,TBD,Unassigned user IO
F13,IO_L5P_T0_AD9P_15,15,HR,0,,TBD,Unassigned user IO
F14,IO_L5N_T0_AD9N_15,15,HR,0,,TBD,Unassigned user IO
D12,IO_L6P_T0_15,15,HR,0,,TBD,Unassigned user IO
D13,IO_L6N_T0_VREF_15,15,HR,0,,TBD,Unassigned user IO
B16,IO_L7P_T1_AD2P_15,15,HR,1,,TBD,Unassigned user IO
B17,IO_L7N_T1_AD2N_15,15,HR,1,,TBD,Unassigned user IO
A15,IO_L8P_T1_AD10P_15,15,HR,1,,TBD,Unassigned user IO
A16,IO_L8N_T1_AD10N_15,15,HR,1,,TBD,Unassigned user IO
A13,IO_L9P_T1_DQS_AD3P_15,15,HR,1,,TBD,Unassigned user IO
A14,IO_L9N_T1_DQS_AD3N_15,15,HR,1,,TBD,Unassigned user IO
B18,IO_L10P_T1_AD11P_15,15,HR,1,,TBD,Unassigned user IO
A18,IO_L10N_T1_AD11N_15,15,HR,1,,TBD,Unassigned user IO
E15,IO_L11P_T1_SRCC_15,15,HR,1,SRCC,TBD,Unassigned user IO
E16,IO_L11N_T1_SRCC_15,15,HR,1,SRCC,TBD,Unassigned user IO
D15,IO_L12P_T1_MRCC_15,15,HR,1,MRCC,TBD,Unassigned user IO
C15,IO_L12N_T1_MRCC_15,15,HR,1,MRCC,TBD,Unassigned user IO
H16,IO_L13P_T2_MRCC_15,15,HR,2,MRCC,TBD,Unassigned user IO
G16,IO_L13N_T2_MRCC_15,15,HR,2,MRCC,TBD,Unassigned user IO
F15,IO_L14P_T2_SRCC_15,15,HR,2,SRCC,TBD,Unassigned user IO
F16,IO_L14N_T2_SRCC_15,15,HR,2,SRCC,TBD,Unassigned user IO
H14,IO_L15P_T2_DQS_15,15,HR,2,,TBD,Unassigned user IO
G14,IO_L15N_T2_DQS_ADV_B_15,15,HR,2,,TBD,Unassigned user IO
E17,IO_L16P_T2_A28_15,15,HR,2,,TBD,Unassigned user IO
D17,IO_L16N_T2_A27_15,15,HR,2,,TBD,Unassigned user IO
K13,IO_L17P_T2_A26_15,15,HR,2,,TBD,Unassigned user IO
J13,IO_L17N_T2_A25_15,15,HR,2,,TBD,Unassigned user IO
H17,IO_L18P_T2_A24_15,15,HR,2,,TBD,Unassigned user IO
G17,IO_L18N_T2_A23_15,15,HR,2,,TBD,Unassigned user IO
J14,IO_L19P_T3_A22_15,15,HR,3,,TBD,Unassigned user IO
H15,IO_L19N_T3_A21_VREF_15,15,HR,3,,TBD,Unassigned user IO
C16,IO_L20P_T3_A20_15,15,HR,3,,TBD,Unassigned user IO
C17,IO_L20N_T3_A19_15,15,HR,3,,TBD,Unassigned user IO
E18,IO_L21P_T3_DQS_15,15,HR,3,,TBD,Unassigned user IO
D18,IO_L21N_T3_DQS_A18_15,15,HR,3,,TBD,Unassigned user IO
G18,IO_L22P_T3_A17_15,15,HR,3,,TBD,Unassigned user IO
F18,IO_L22N_T3_A16_15,15,HR,3,,TBD,Unassigned user IO
J17,IO_L23P_T3_FOE_B_15,15,HR,3,,TBD,Unassigned user IO
J18,IO_L23N_T3_FWE_B_15,15,HR,3,,TBD,Unassigned user IO
K15,IO_L24P_T3_RS1_15,15,HR,3,,TBD,Unassigned user IO
J15,IO_L24N_T3_RS0_15,15,HR,3,,TBD,Unassigned user IO
K16,IO_25_15,15,HR,NA,,TBD,Unassigned user IO
D9,IO_L6N_T0_VREF_16,16,HR,0,,TBD,Unassigned user IO
C9,IO_L11P_T1_SRCC_16,16,HR,1,SRCC,TBD,Unassigned user IO
B9,IO_L11N_T1_SRCC_16,16,HR,1,SRCC,TBD,Unassigned user IO
B8,IO_L12P_T1_MRCC_16,16,HR,1,MRCC,TBD,Unassigned user IO
A8,IO_L12N_T1_MRCC_16,16,HR,1,MRCC,TBD,Unassigned user IO
C11,IO_L13P_T2_MRCC_16,16,HR,2,MRCC,TBD,Unassigned user IO
C10,IO_L13N_T2_MRCC_16,16,HR,2,MRCC,TBD,Unassigned user IO
A10,IO_L14P_T2_SRCC_16,16,HR,2,SRCC,TBD,Unassigned user IO
A9,IO_L14N_T2_SRCC_16,16,HR,2,SRCC,TBD,Unassigned user IO
D10,IO_L19N_T3_VREF_16,16,HR,3,,TBD,Unassigned user IO
K6,IO_0_34,34,HR,NA,,TBD,Unassigned user IO
L1,IO_L1P_T0_34,34,HR,0,,TBD,Unassigned user IO
M1,IO_L1N_T0_34,34,HR,0,,TBD,Unassigned user IO
K3,IO_L2P_T0_34,34,HR,0,,TBD,Unassigned user IO
L3,IO_L2N_T0_34,34,HR,0,,TBD,Unassigned user IO
N2,IO_L3P_T0_DQS_34,34,HR,0,,TBD,Unassigned user IO
N1,IO_L3N_T0_DQS_34,34,HR,0,,TBD,Unassigned user IO
M3,IO_L4P_T0_34,34,HR,0,,TBD,Unassigned user IO
M2,IO_L4N_T0_34,34,HR,0,,TBD,Unassigned user IO
K5,IO_L5P_T0_34,34,HR,0,,TBD,Unassigned user IO
L4,IO_L5N_T0_34,34,HR,0,,TBD,Unassigned user IO
L6,IO_L6P_T0_34,34,HR,0,,TBD,Unassigned user IO
L5,IO_L6N_T0_VREF_34,34,HR,0,,TBD,Unassigned user IO
U1,IO_L7P_T1_34,34,HR,1,,TBD,Unassigned user IO
V1,IO_L7N_T1_34,34,HR,1,,TBD,Unassigned user IO
U4,IO_L8P_T1_34,34,HR,1,,TBD,Unassigned user IO
U3,IO_L8N_T1_34,34,HR,1,,TBD,Unassigned user IO
U2,IO_L9P_T1_DQS_34,34,HR,1,,TBD,Unassigned user IO
V2,IO_L9N_T1_DQS_34,34,HR,1,,TBD,Unassigned user IO
V5,IO_L10P_T1_34,34,HR,1,,TBD,Unassigned user IO
V4,IO_L10N_T1_34,34,HR,1,,TBD,Unassigned user IO
R3,IO_L11P_T1_SRCC_34,34,HR,1,SRCC,TBD,Unassigned user IO
T3,IO_L11N_T1_SRCC_34,34,HR,1,SRCC,TBD,Unassigned user IO
T5,IO_L12P_T1_MRCC_34,34,HR,1,MRCC,TBD,Unassigned user IO
T4,IO_L12N_T1_MRCC_34,34,HR,1,MRCC,TBD,Unassigned user IO
N5,IO_L13P_T2_MRCC_34,34,HR,2,MRCC,TBD,Unassigned user IO
P5,IO_L13N_T2_MRCC_34,34,HR,2,MRCC,TBD,Unassigned user IO
P4,IO_L14P_T2_SRCC_34,34,HR,2,SRCC,TBD,Unassigned user IO
P3,IO_L14N_T2_SRCC_34,34,HR,2,SRCC,TBD,Unassigned user IO
P2,IO_L15P_T2_DQS_34,34,HR,2,,TBD,Unassigned user IO
R2,IO_L15N_T2_DQS_34,34,HR,2,,TBD,Unassigned user IO
M4,IO_L16P_T2_34,34,HR,2,,TBD,Unassigned user IO
N4,IO_L16N_T2_34,34,HR,2,,TBD,Unassigned user IO
R1,IO_L17P_T2_34,34,HR,2,,TBD,Unassigned user IO
T1,IO_L17N_T2_34,34,HR,2,,TBD,Unassigned user IO
M6,IO_L18P_T2_34,34,HR,2,,TBD,Unassigned user IO
N6,IO_L18N_T2_34,34,HR,2,,TBD,Unassigned user IO
R6,IO_L19P_T3_34,34,HR,3,,TBD,Unassigned user IO
R5,IO_L19N_T3_VREF_34,34,HR,3,,TBD,Unassigned user IO
V7,IO_L20P_T3_34,34,HR,3,,TBD,Unassigned user IO
V6,IO_L20N_T3_34,34,HR,3,,TBD,Unassigned user IO
U9,IO_L21P_T3_DQS_34,34,HR,3,,TBD,Unassigned user IO
V9,IO_L21N_T3_DQS_34,34,HR,3,,TBD,Unassigned user IO
U7,IO_L22P_T3_34,34,HR,3,,TBD,Unassigned user IO
U6,IO_L22N_T3_34,34,HR,3,,TBD,Unassigned user IO
R7,IO_L23P_T3_34,34,HR,3,,TBD,Unassigned user IO
T6,IO_L23N_T3_34,34,HR,3,,TBD,Unassigned user IO
R8,IO_L24P_T3_34,34,HR,3,,TBD,Unassigned user IO
T8,IO_L24N_T3_34,34,HR,3,,TBD,Unassigned user IO
U8,IO_25_34,34,HR,NA,,TBD,Unassigned user IO
F5,IO_0_35,35,HR,NA,,TBD,Unassigned user IO
C6,IO_L1P_T0_AD4P_35,35,HR,0,,TBD,Unassigned user IO
C5,IO_L1N_T0_AD4N_35,35,HR,0,,TBD,Unassigned user IO
B7,IO_L2P_T0_AD12P_35,35,HR,0,,TBD,Unassigned user IO
B6,IO_L2N_T0_AD12N_35,35,HR,0,,TBD,Unassigned user IO
A6,IO_L3P_T0_DQS_AD5P_35,35,HR,0,,TBD,Unassigned user IO
A5,IO_L3N_T0_DQS_AD5N_35,35,HR,0,,TBD,Unassigned user IO
D8,IO_L4P_T0_35,35,HR,0,,TBD,Unassigned user IO
C7,IO_L4N_T0_35,35,HR,0,,TBD,Unassigned user IO
E6,IO_L5P_T0_AD13P_35,35,HR,0,,TBD,Unassigned user IO
E5,IO_L5N_T0_AD13N_35,35,HR,0,,TBD,Unassigned user IO
E7,IO_L6P_T0_35,35,HR,0,,TBD,Unassigned user IO
D7,IO_L6N_T0_VREF_35,35,HR,0,,TBD,Unassigned user IO
C4,IO_L7P_T1_AD6P_35,35,HR,1,,TBD,Unassigned user IO
B4,IO_L7N_T1_AD6N_35,35,HR,1,,TBD,Unassigned user IO
A4,IO_L8P_T1_AD14P_35,35,HR,1,,TBD,Unassigned user IO
A3,IO_L8N_T1_AD14N_35,35,HR,1,,TBD,Unassigned user IO
B1,IO_L9P_T1_DQS_AD7P_35,35,HR,1,,TBD,Unassigned user IO
A1,IO_L9N_T1_DQS_AD7N_35,35,HR,1,,TBD,Unassigned user IO
B3,IO_L10P_T1_AD15P_35,35,HR,1,,TBD,Unassigned user IO
B2,IO_L10N_T1_AD15N_35,35,HR,1,,TBD,Unassigned user IO
D5,IO_L11P_T1_SRCC_35,35,HR,1,SRCC,TBD,Unassigned user IO
D4,IO_L11N_T1_SRCC_35,35,HR,1,SRCC,TBD,Unassigned user IO
E3,IO_L12P_T1_MRCC_35,35,HR,1,MRCC,TBD,Unassigned user IO
D3,IO_L12N_T1_MRCC_35,35,HR,1,MRCC,TBD,Unassigned user IO
F4,IO_L13P_T2_MRCC_35,35,HR,2,MRCC,TBD,Unassigned user IO
F3,IO_L13N_T2_MRCC_35,35,HR,2,MRCC,TBD,Unassigned user IO
E2,IO_L14P_T2_SRCC_35,35,HR,2,SRCC,TBD,Unassigned user IO
D2,IO_L14N_T2_SRCC_35,35,HR,2,SRCC,TBD,Unassigned user IO
H2,IO_L15P_T2_DQS_35,35,HR,2,,TBD,Unassigned user IO
G2,IO_L15N_T2_DQS_35,35,HR,2,,TBD,Unassigned user IO
C2,IO_L16P_T2_35,35,HR,2,,TBD,Unassigned user IO
C1,IO_L16N_T2_35,35,HR,2,,TBD,Unassigned user IO
H1,IO_L17P_T2_35,35,HR,2,,TBD,Unassigned user IO
G1,IO_L17N_T2_35,35,HR,2,,TBD,Unassigned user IO
F1,IO_L18P_T2_35,35,HR,2,,TBD,Unassigned user IO
E1,IO_L18N_T2_35,35,HR,2,,TBD,Unassigned user IO
G6,IO_L19P_T3_35,35,HR,3,,TBD,Unassigned user IO
F6,IO_L19N_T3_VREF_35,35,HR,3,,TBD,Unassigned user IO
G4,IO_L20P_T3_35,35,HR,3,,TBD,Unassigned user IO
G3,IO_L20N_T3_35,35,HR,3,,TBD,Unassigned user IO
J4,IO_L21P_T3_DQS_35,35,HR,3,,TBD,Unassigned user IO
H4,IO_L21N_T3_DQS_35,35,HR,3,,TBD,Unassigned user IO
J3,IO_L22P_T3_35,35,HR,3,,TBD,Unassigned user IO
J2,IO_L22N_T3_35,35,HR,3,,TBD,Unassigned user IO
K2,IO_L23P_T3_35,35,HR,3,,TBD,Unassigned user IO
K1,IO_L23N_T3_35,35,HR,3,,TBD,Unassigned user IO
H6,IO_L24P_T3_35,35,HR,3,,TBD,Unassigned user IO
H5,IO_L24N_T3_35,35,HR,3,,TBD,Unassigned user IO
J5,IO_25_35,35,HR,NA,,TBD,Unassigned user IO
A12,GND,NA,NA,NA,,GND,Fixed package function; circuit treatment pending
A2,GND,NA,NA,NA,,GND,Fixed package function; circuit treatment pending
B15,GND,NA,NA,NA,,GND,Fixed package function; circuit treatment pending
B5,GND,NA,NA,NA,,GND,Fixed package function; circuit treatment pending
C18,GND,NA,NA,NA,,GND,Fixed package function; circuit treatment pending
C8,GND,NA,NA,NA,,GND,Fixed package function; circuit treatment pending
D11,GND,NA,NA,NA,,GND,Fixed package function; circuit treatment pending
D1,GND,NA,NA,NA,,GND,Fixed package function; circuit treatment pending
E14,GND,NA,NA,NA,,GND,Fixed package function; circuit treatment pending
E4,GND,NA,NA,NA,,GND,Fixed package function; circuit treatment pending
F17,GND,NA,NA,NA,,GND,Fixed package function; circuit treatment pending
F11,GND,NA,NA,NA,,GND,Fixed package function; circuit treatment pending
F9,GND,NA,NA,NA,,GND,Fixed package function; circuit treatment pending
F7,GND,NA,NA,NA,,GND,Fixed package function; circuit treatment pending
G12,GND,NA,NA,NA,,GND,Fixed package function; circuit treatment pending
G10,GND,NA,NA,NA,,GND,Fixed package function; circuit treatment pending
G8,GND,NA,NA,NA,,GND,Fixed package function; circuit treatment pending
H13,GND,NA,NA,NA,,GND,Fixed package function; circuit treatment pending
H11,GND,NA,NA,NA,,GND,Fixed package function; circuit treatment pending
H7,GND,NA,NA,NA,,GND,Fixed package function; circuit treatment pending
H3,GND,NA,NA,NA,,GND,Fixed package function; circuit treatment pending
J16,GND,NA,NA,NA,,GND,Fixed package function; circuit treatment pending
J12,GND,NA,NA,NA,,GND,Fixed package function; circuit treatment pending
J8,GND,NA,NA,NA,,GND,Fixed package function; circuit treatment pending
J6,GND,NA,NA,NA,,GND,Fixed package function; circuit treatment pending
K11,GND,NA,NA,NA,,GND,Fixed package function; circuit treatment pending
K7,GND,NA,NA,NA,,GND,Fixed package function; circuit treatment pending
L12,GND,NA,NA,NA,,GND,Fixed package function; circuit treatment pending
L8,GND,NA,NA,NA,,GND,Fixed package function; circuit treatment pending
L2,GND,NA,NA,NA,,GND,Fixed package function; circuit treatment pending
M15,GND,NA,NA,NA,,GND,Fixed package function; circuit treatment pending
M11,GND,NA,NA,NA,,GND,Fixed package function; circuit treatment pending
M9,GND,NA,NA,NA,,GND,Fixed package function; circuit treatment pending
M7,GND,NA,NA,NA,,GND,Fixed package function; circuit treatment pending
M5,GND,NA,NA,NA,,GND,Fixed package function; circuit treatment pending
N18,GND,NA,NA,NA,,GND,Fixed package function; circuit treatment pending
N12,GND,NA,NA,NA,,GND,Fixed package function; circuit treatment pending
N10,GND,NA,NA,NA,,GND,Fixed package function; circuit treatment pending
N8,GND,NA,NA,NA,,GND,Fixed package function; circuit treatment pending
P1,GND,NA,NA,NA,,GND,Fixed package function; circuit treatment pending
R14,GND,NA,NA,NA,,GND,Fixed package function; circuit treatment pending
R4,GND,NA,NA,NA,,GND,Fixed package function; circuit treatment pending
T17,GND,NA,NA,NA,,GND,Fixed package function; circuit treatment pending
T7,GND,NA,NA,NA,,GND,Fixed package function; circuit treatment pending
U10,GND,NA,NA,NA,,GND,Fixed package function; circuit treatment pending
V13,GND,NA,NA,NA,,GND,Fixed package function; circuit treatment pending
V3,GND,NA,NA,NA,,GND,Fixed package function; circuit treatment pending
F8,VCCINT,NA,NA,NA,,VCCINT,Fixed package function; circuit treatment pending
G9,VCCINT,NA,NA,NA,,VCCINT,Fixed package function; circuit treatment pending
G7,VCCINT,NA,NA,NA,,VCCINT,Fixed package function; circuit treatment pending
H8,VCCINT,NA,NA,NA,,VCCINT,Fixed package function; circuit treatment pending
J11,VCCINT,NA,NA,NA,,VCCINT,Fixed package function; circuit treatment pending
J7,VCCINT,NA,NA,NA,,VCCINT,Fixed package function; circuit treatment pending
K8,VCCINT,NA,NA,NA,,VCCINT,Fixed package function; circuit treatment pending
L11,VCCINT,NA,NA,NA,,VCCINT,Fixed package function; circuit treatment pending
L7,VCCINT,NA,NA,NA,,VCCINT,Fixed package function; circuit treatment pending
M10,VCCINT,NA,NA,NA,,VCCINT,Fixed package function; circuit treatment pending
M8,VCCINT,NA,NA,NA,,VCCINT,Fixed package function; circuit treatment pending
N11,VCCINT,NA,NA,NA,,VCCINT,Fixed package function; circuit treatment pending
N9,VCCINT,NA,NA,NA,,VCCINT,Fixed package function; circuit treatment pending
N7,VCCINT,NA,NA,NA,,VCCINT,Fixed package function; circuit treatment pending
F12,VCCAUX,NA,NA,NA,,VCCAUX,Fixed package function; circuit treatment pending
H12,VCCAUX,NA,NA,NA,,VCCAUX,Fixed package function; circuit treatment pending
K12,VCCAUX,NA,NA,NA,,VCCAUX,Fixed package function; circuit treatment pending
M12,VCCAUX,NA,NA,NA,,VCCAUX,Fixed package function; circuit treatment pending
R9,VCCO_0,0,NA,NA,,VCCO_0,Fixed package function; circuit treatment pending
L17,VCCO_14,14,NA,NA,,VCCO_14,Fixed package function; circuit treatment pending
N13,VCCO_14,14,NA,NA,,VCCO_14,Fixed package function; circuit treatment pending
P16,VCCO_14,14,NA,NA,,VCCO_14,Fixed package function; circuit treatment pending
T12,VCCO_14,14,NA,NA,,VCCO_14,Fixed package function; circuit treatment pending
U15,VCCO_14,14,NA,NA,,VCCO_14,Fixed package function; circuit treatment pending
V18,VCCO_14,14,NA,NA,,VCCO_14,Fixed package function; circuit treatment pending
A17,VCCO_15,15,NA,NA,,VCCO_15,Fixed package function; circuit treatment pending
C13,VCCO_15,15,NA,NA,,VCCO_15,Fixed package function; circuit treatment pending
D16,VCCO_15,15,NA,NA,,VCCO_15,Fixed package function; circuit treatment pending
G15,VCCO_15,15,NA,NA,,VCCO_15,Fixed package function; circuit treatment pending
H18,VCCO_15,15,NA,NA,,VCCO_15,Fixed package function; circuit treatment pending
K14,VCCO_15,15,NA,NA,,VCCO_15,Fixed package function; circuit treatment pending
B10,VCCO_16,16,NA,NA,,VCCO_16,Fixed package function; circuit treatment pending
K4,VCCO_34,34,NA,NA,,VCCO_34,Fixed package function; circuit treatment pending
N3,VCCO_34,34,NA,NA,,VCCO_34,Fixed package function; circuit treatment pending
P6,VCCO_34,34,NA,NA,,VCCO_34,Fixed package function; circuit treatment pending
T2,VCCO_34,34,NA,NA,,VCCO_34,Fixed package function; circuit treatment pending
U5,VCCO_34,34,NA,NA,,VCCO_34,Fixed package function; circuit treatment pending
V8,VCCO_34,34,NA,NA,,VCCO_34,Fixed package function; circuit treatment pending
A7,VCCO_35,35,NA,NA,,VCCO_35,Fixed package function; circuit treatment pending
C3,VCCO_35,35,NA,NA,,VCCO_35,Fixed package function; circuit treatment pending
D6,VCCO_35,35,NA,NA,,VCCO_35,Fixed package function; circuit treatment pending
F2,VCCO_35,35,NA,NA,,VCCO_35,Fixed package function; circuit treatment pending
G5,VCCO_35,35,NA,NA,,VCCO_35,Fixed package function; circuit treatment pending
J1,VCCO_35,35,NA,NA,,VCCO_35,Fixed package function; circuit treatment pending
F10,VCCBRAM,NA,NA,NA,,VCCBRAM,Fixed package function; circuit treatment pending
G11,VCCBRAM,NA,NA,NA,,VCCBRAM,Fixed package function; circuit treatment pending
