id,reference,pin,function,bank,bank_voltage,review_status,raw_cad_status,validation_status,net,physical_pad_count,provisional_assignment,note
J4.11,J4,11,PAIR2_N_RESERVED,,,Reserved · not implemented,reserved — interface implementation required,assignment_required,,1,,"Reserved cable-data contact; link implementation is deferred. Custom electrical interface, not HDMI compatible."
J4.12,J4,12,PAIR3_P_RESERVED,,,Reserved · not implemented,reserved — interface implementation required,assignment_required,,1,,"Reserved cable-data contact; link implementation is deferred. Custom electrical interface, not HDMI compatible."
J4.14,J4,14,PAIR3_N_RESERVED,,,Reserved · not implemented,reserved — interface implementation required,assignment_required,,1,,"Reserved cable-data contact; link implementation is deferred. Custom electrical interface, not HDMI compatible."
J4.3,J4,3,PAIR0_P_RESERVED,,,Reserved · not implemented,reserved — interface implementation required,assignment_required,,1,,"Reserved cable-data contact; link implementation is deferred. Custom electrical interface, not HDMI compatible."
J4.5,J4,5,PAIR0_N_RESERVED,,,Reserved · not implemented,reserved — interface implementation required,assignment_required,,1,,"Reserved cable-data contact; link implementation is deferred. Custom electrical interface, not HDMI compatible."
J4.6,J4,6,PAIR1_P_RESERVED,,,Reserved · not implemented,reserved — interface implementation required,assignment_required,,1,,"Reserved cable-data contact; link implementation is deferred. Custom electrical interface, not HDMI compatible."
J4.8,J4,8,PAIR1_N_RESERVED,,,Reserved · not implemented,reserved — interface implementation required,assignment_required,,1,,"Reserved cable-data contact; link implementation is deferred. Custom electrical interface, not HDMI compatible."
J4.9,J4,9,PAIR2_P_RESERVED,,,Reserved · not implemented,reserved — interface implementation required,assignment_required,,1,,"Reserved cable-data contact; link implementation is deferred. Custom electrical interface, not HDMI compatible."
J5.34,J5,34,CONTACT_34,,,Reserved · not implemented,reserved — interface implementation required,assignment_required,,1,,"Reserved mezzanine contact, intentionally left unassigned for now. The 116 candidate digital contacts and one external analog contact are allocated elsewhere; mating orientation and ground returns remain to be verified."
J6.37,J6,37,CONTACT_37,,,Reserved · not implemented,reserved — interface implementation required,assignment_required,,1,,"Reserved mezzanine contact, intentionally left unassigned for now. The 116 candidate digital contacts and one external analog contact are allocated elsewhere; mating orientation and ground returns remain to be verified."
J6.59,J6,59,CONTACT_59,,,Reserved · not implemented,reserved — interface implementation required,assignment_required,,1,,"Reserved mezzanine contact, intentionally left unassigned for now. The 116 candidate digital contacts and one external analog contact are allocated elsewhere; mating orientation and ground returns remain to be verified."
U1.A10,U1,A10,IO_L14P_T2_SRCC_16,16,2.5 V,Reserved · not implemented,reserved — interface implementation required,assignment_required,,1,,No functional net is assigned. The 116 candidate digital ASIC signals have other package balls. This ball is not automatically an approved spare; bank voltage and special functions still matter.
U1.A13,U1,A13,IO_L9P_T1_DQS_AD3P_15,15,1.5 V,Unused · intentional NC,intentional no-connect,intentional_no_connect,,1,,AC_IN analog is provided on carrier; no FPGA connection permitted under current design. The schematic NC marker documents intent; the bitstream must also set its unused-pin behavior.
U1.A8,U1,A8,IO_L12N_T1_MRCC_16,16,2.5 V,Reserved · not implemented,reserved — interface implementation required,assignment_required,,1,,No functional net is assigned. The 116 candidate digital ASIC signals have other package balls. This ball is not automatically an approved spare; bank voltage and special functions still matter.
U1.A9,U1,A9,IO_L14N_T2_SRCC_16,16,2.5 V,Reserved · not implemented,reserved — interface implementation required,assignment_required,,1,,No functional net is assigned. The 116 candidate digital ASIC signals have other package balls. This ball is not automatically an approved spare; bank voltage and special functions still matter.
U1.B18,U1,B18,IO_L10P_T1_AD11P_15,15,1.5 V,Unused · intentional NC,intentional no-connect,intentional_no_connect,,1,,No function or physical net in this revision; no boot/power pin removed. The schematic NC marker documents intent; the bitstream must also set its unused-pin behavior.
U1.B8,U1,B8,IO_L12P_T1_MRCC_16,16,2.5 V,Reserved · not implemented,reserved — interface implementation required,assignment_required,,1,,No functional net is assigned. The 116 candidate digital ASIC signals have other package balls. This ball is not automatically an approved spare; bank voltage and special functions still matter.
U1.B9,U1,B9,IO_L11N_T1_SRCC_16,16,2.5 V,Reserved · not implemented,reserved — interface implementation required,assignment_required,,1,,No functional net is assigned. The 116 candidate digital ASIC signals have other package balls. This ball is not automatically an approved spare; bank voltage and special functions still matter.
U1.C10,U1,C10,IO_L13N_T2_MRCC_16,16,2.5 V,Reserved · not implemented,reserved — interface implementation required,assignment_required,,1,,No functional net is assigned. The 116 candidate digital ASIC signals have other package balls. This ball is not automatically an approved spare; bank voltage and special functions still matter.
U1.C11,U1,C11,IO_L13P_T2_MRCC_16,16,2.5 V,Reserved · not implemented,reserved — interface implementation required,assignment_required,,1,,No functional net is assigned. The 116 candidate digital ASIC signals have other package balls. This ball is not automatically an approved spare; bank voltage and special functions still matter.
U1.C15,U1,C15,IO_L12N_T1_MRCC_15,15,1.5 V,Unused · intentional NC,intentional no-connect,intentional_no_connect,,1,,No function or physical net in this revision; no boot/power pin removed. The schematic NC marker documents intent; the bitstream must also set its unused-pin behavior.
U1.C17,U1,C17,IO_L20N_T3_A19_15,15,1.5 V,Unused · intentional NC,intentional no-connect,intentional_no_connect,,1,,No function or physical net in this revision; no boot/power pin removed. The schematic NC marker documents intent; the bitstream must also set its unused-pin behavior.
U1.C9,U1,C9,IO_L11P_T1_SRCC_16,16,2.5 V,Reserved · not implemented,reserved — interface implementation required,assignment_required,,1,,No functional net is assigned. The 116 candidate digital ASIC signals have other package balls. This ball is not automatically an approved spare; bank voltage and special functions still matter.
U1.D10,U1,D10,IO_L19N_T3_VREF_16,16,2.5 V,Unused · intentional NC,intentional no-connect,intentional_no_connect,,1,,GPIO/multifunction VREF alias; selected LVCMOS15/LVDS_25/1.8V configuration interface needs no external VREF here. The schematic NC marker documents intent; the bitstream must also set its unused-pin behavior.
U1.D13,U1,D13,IO_L6N_T0_VREF_15,15,1.5 V,Unused · intentional NC,intentional no-connect,intentional_no_connect,,1,,GPIO/multifunction VREF alias; selected LVCMOS15/LVDS_25/1.8V configuration interface needs no external VREF here. The schematic NC marker documents intent; the bitstream must also set its unused-pin behavior.
U1.D14,U1,D14,IO_L1P_T0_AD0P_15,15,1.5 V,Unused · intentional NC,intentional no-connect,intentional_no_connect,,1,,No function or physical net in this revision; no boot/power pin removed. The schematic NC marker documents intent; the bitstream must also set its unused-pin behavior.
U1.D15,U1,D15,IO_L12P_T1_MRCC_15,15,1.5 V,Unused · intentional NC,intentional no-connect,intentional_no_connect,,1,,No function or physical net in this revision; no boot/power pin removed. The schematic NC marker documents intent; the bitstream must also set its unused-pin behavior.
U1.D17,U1,D17,IO_L16N_T2_A27_15,15,1.5 V,Unused · intentional NC,intentional no-connect,intentional_no_connect,,1,,No function or physical net in this revision; no boot/power pin removed. The schematic NC marker documents intent; the bitstream must also set its unused-pin behavior.
U1.D18,U1,D18,IO_L21N_T3_DQS_A18_15,15,1.5 V,Unused · intentional NC,intentional no-connect,intentional_no_connect,,1,,No function or physical net in this revision; no boot/power pin removed. The schematic NC marker documents intent; the bitstream must also set its unused-pin behavior.
U1.D2,U1,D2,IO_L14N_T2_SRCC_35,35,1.5 V,Unused · intentional NC,intentional no-connect,intentional_no_connect,,1,,Unused N mate of single-ended LVCMOS15 returned-clock P ball E2; no differential receiver instantiated. The schematic NC marker documents intent; the bitstream must also set its unused-pin behavior.
U1.D3,U1,D3,IO_L12N_T1_MRCC_35,35,1.5 V,Unused · intentional NC,intentional no-connect,intentional_no_connect,,1,,Unused N mate of single-ended LVCMOS15 returned-clock P ball E3; no differential receiver instantiated. The schematic NC marker documents intent; the bitstream must also set its unused-pin behavior.
U1.D4,U1,D4,IO_L11N_T1_SRCC_35,35,1.5 V,Unused · intentional NC,intentional no-connect,intentional_no_connect,,1,,Unused N mate of single-ended LVCMOS15 returned-clock P ball D5; no differential receiver instantiated. The schematic NC marker documents intent; the bitstream must also set its unused-pin behavior.
U1.D7,U1,D7,IO_L6N_T0_VREF_35,35,1.5 V,Unused · intentional NC,intentional no-connect,intentional_no_connect,,1,,GPIO/multifunction VREF alias; selected LVCMOS15/LVDS_25/1.8V configuration interface needs no external VREF here. The schematic NC marker documents intent; the bitstream must also set its unused-pin behavior.
U1.D9,U1,D9,IO_L6N_T0_VREF_16,16,2.5 V,Unused · intentional NC,intentional no-connect,intentional_no_connect,,1,,GPIO/multifunction VREF alias; selected LVCMOS15/LVDS_25/1.8V configuration interface needs no external VREF here. The schematic NC marker documents intent; the bitstream must also set its unused-pin behavior.
U1.E15,U1,E15,IO_L11P_T1_SRCC_15,15,1.5 V,Unused · intentional NC,intentional no-connect,intentional_no_connect,,1,,No function or physical net in this revision; no boot/power pin removed. The schematic NC marker documents intent; the bitstream must also set its unused-pin behavior.
U1.E16,U1,E16,IO_L11N_T1_SRCC_15,15,1.5 V,Unused · intentional NC,intentional no-connect,intentional_no_connect,,1,,No function or physical net in this revision; no boot/power pin removed. The schematic NC marker documents intent; the bitstream must also set its unused-pin behavior.
U1.E17,U1,E17,IO_L16P_T2_A28_15,15,1.5 V,Unused · intentional NC,intentional no-connect,intentional_no_connect,,1,,No function or physical net in this revision; no boot/power pin removed. The schematic NC marker documents intent; the bitstream must also set its unused-pin behavior.
U1.E18,U1,E18,IO_L21P_T3_DQS_15,15,1.5 V,Unused · intentional NC,intentional no-connect,intentional_no_connect,,1,,No function or physical net in this revision; no boot/power pin removed. The schematic NC marker documents intent; the bitstream must also set its unused-pin behavior.
U1.F13,U1,F13,IO_L5P_T0_AD9P_15,15,1.5 V,Unused · intentional NC,intentional no-connect,intentional_no_connect,,1,,No function or physical net in this revision; no boot/power pin removed. The schematic NC marker documents intent; the bitstream must also set its unused-pin behavior.
U1.F14,U1,F14,IO_L5N_T0_AD9N_15,15,1.5 V,Unused · intentional NC,intentional no-connect,intentional_no_connect,,1,,No function or physical net in this revision; no boot/power pin removed. The schematic NC marker documents intent; the bitstream must also set its unused-pin behavior.
U1.F15,U1,F15,IO_L14P_T2_SRCC_15,15,1.5 V,Unused · intentional NC,intentional no-connect,intentional_no_connect,,1,,No function or physical net in this revision; no boot/power pin removed. The schematic NC marker documents intent; the bitstream must also set its unused-pin behavior.
U1.F16,U1,F16,IO_L14N_T2_SRCC_15,15,1.5 V,Unused · intentional NC,intentional no-connect,intentional_no_connect,,1,,No function or physical net in this revision; no boot/power pin removed. The schematic NC marker documents intent; the bitstream must also set its unused-pin behavior.
U1.F18,U1,F18,IO_L22N_T3_A16_15,15,1.5 V,Unused · intentional NC,intentional no-connect,intentional_no_connect,,1,,No function or physical net in this revision; no boot/power pin removed. The schematic NC marker documents intent; the bitstream must also set its unused-pin behavior.
U1.F3,U1,F3,IO_L13N_T2_MRCC_35,35,1.5 V,Unused · intentional NC,intentional no-connect,intentional_no_connect,,1,,Unused N mate of single-ended LVCMOS15 returned-clock P ball F4; no differential receiver instantiated. The schematic NC marker documents intent; the bitstream must also set its unused-pin behavior.
U1.F6,U1,F6,IO_L19N_T3_VREF_35,35,1.5 V,Unused · intentional NC,intentional no-connect,intentional_no_connect,,1,,GPIO/multifunction VREF alias; selected LVCMOS15/LVDS_25/1.8V configuration interface needs no external VREF here. The schematic NC marker documents intent; the bitstream must also set its unused-pin behavior.
U1.G13,U1,G13,IO_0_15,15,1.5 V,Unused · intentional NC,intentional no-connect,intentional_no_connect,,1,,No function or physical net in this revision; no boot/power pin removed. The schematic NC marker documents intent; the bitstream must also set its unused-pin behavior.
U1.G16,U1,G16,IO_L13N_T2_MRCC_15,15,1.5 V,Unused · intentional NC,intentional no-connect,intentional_no_connect,,1,,No function or physical net in this revision; no boot/power pin removed. The schematic NC marker documents intent; the bitstream must also set its unused-pin behavior.
U1.H15,U1,H15,IO_L19N_T3_A21_VREF_15,15,1.5 V,Unused · intentional NC,intentional no-connect,intentional_no_connect,,1,,GPIO/multifunction VREF alias; selected LVCMOS15/LVDS_25/1.8V configuration interface needs no external VREF here. The schematic NC marker documents intent; the bitstream must also set its unused-pin behavior.
U1.H16,U1,H16,IO_L13P_T2_MRCC_15,15,1.5 V,Unused · intentional NC,intentional no-connect,intentional_no_connect,,1,,No function or physical net in this revision; no boot/power pin removed. The schematic NC marker documents intent; the bitstream must also set its unused-pin behavior.
U1.L14,U1,L14,IO_L2P_T0_D02_14,14,1.8 V,Unused · intentional NC,intentional no-connect,intentional_no_connect,,1,,"Unused optional quad-SPI configuration data pin. The selected Master SPI x1 boot uses CS, CCLK, DQ0 and DQ1. R106/R107 are removed; flash WP# and RESET# retain their separate pull-ups. The schematic NC marker documents intent; the bitstream must also set its unused-pin behavior."
U1.L16,U1,L16,IO_L3N_T0_DQS_EMCCLK_14,14,1.8 V,Unused · intentional NC,intentional no-connect,intentional_no_connect,,1,,EMCCLK is unused; master SPI uses internal CCLK. Keep EXTMASTERCCLK_EN disabled. The schematic NC marker documents intent; the bitstream must also set its unused-pin behavior.
U1.L18,U1,L18,IO_L4P_T0_D04_14,14,1.8 V,Unused · intentional NC,intentional no-connect,intentional_no_connect,,1,,No function or physical net in this revision; no boot/power pin removed. The schematic NC marker documents intent; the bitstream must also set its unused-pin behavior.
U1.L5,U1,L5,IO_L6N_T0_VREF_34,34,1.5 V,Unused · intentional NC,intentional no-connect,intentional_no_connect,,1,,GPIO/multifunction VREF alias; selected LVCMOS15/LVDS_25/1.8V configuration interface needs no external VREF here. The schematic NC marker documents intent; the bitstream must also set its unused-pin behavior.
U1.M13,U1,M13,IO_L6N_T0_D08_VREF_14,14,1.8 V,Unused · intentional NC,intentional no-connect,intentional_no_connect,,1,,GPIO/multifunction VREF alias; selected LVCMOS15/LVDS_25/1.8V configuration interface needs no external VREF here. The schematic NC marker documents intent; the bitstream must also set its unused-pin behavior.
U1.M14,U1,M14,IO_L2N_T0_D03_14,14,1.8 V,Unused · intentional NC,intentional no-connect,intentional_no_connect,,1,,"Unused optional quad-SPI configuration data pin. The selected Master SPI x1 boot uses CS, CCLK, DQ0 and DQ1. R106/R107 are removed; flash WP# and RESET# retain their separate pull-ups. The schematic NC marker documents intent; the bitstream must also set its unused-pin behavior."
U1.M16,U1,M16,IO_L10P_T1_D14_14,14,1.8 V,Unused · intentional NC,intentional no-connect,intentional_no_connect,,1,,No function or physical net in this revision; no boot/power pin removed. The schematic NC marker documents intent; the bitstream must also set its unused-pin behavior.
U1.M17,U1,M17,IO_L10N_T1_D15_14,14,1.8 V,Unused · intentional NC,intentional no-connect,intentional_no_connect,,1,,No function or physical net in this revision; no boot/power pin removed. The schematic NC marker documents intent; the bitstream must also set its unused-pin behavior.
U1.M18,U1,M18,IO_L4N_T0_D05_14,14,1.8 V,Unused · intentional NC,intentional no-connect,intentional_no_connect,,1,,No function or physical net in this revision; no boot/power pin removed. The schematic NC marker documents intent; the bitstream must also set its unused-pin behavior.
U1.N14,U1,N14,IO_L8P_T1_D11_14,14,1.8 V,Unused · intentional NC,intentional no-connect,intentional_no_connect,,1,,No function or physical net in this revision; no boot/power pin removed. The schematic NC marker documents intent; the bitstream must also set its unused-pin behavior.
U1.N15,U1,N15,IO_L11P_T1_SRCC_14,14,1.8 V,Unused · intentional NC,intentional no-connect,intentional_no_connect,,1,,No function or physical net in this revision; no boot/power pin removed. The schematic NC marker documents intent; the bitstream must also set its unused-pin behavior.
U1.N16,U1,N16,IO_L11N_T1_SRCC_14,14,1.8 V,Unused · intentional NC,intentional no-connect,intentional_no_connect,,1,,No function or physical net in this revision; no boot/power pin removed. The schematic NC marker documents intent; the bitstream must also set its unused-pin behavior.
U1.N17,U1,N17,IO_L9P_T1_DQS_14,14,1.8 V,Unused · intentional NC,intentional no-connect,intentional_no_connect,,1,,No function or physical net in this revision; no boot/power pin removed. The schematic NC marker documents intent; the bitstream must also set its unused-pin behavior.
U1.P14,U1,P14,IO_L8N_T1_D12_14,14,1.8 V,Unused · intentional NC,intentional no-connect,intentional_no_connect,,1,,No function or physical net in this revision; no boot/power pin removed. The schematic NC marker documents intent; the bitstream must also set its unused-pin behavior.
U1.P15,U1,P15,IO_L13P_T2_MRCC_14,14,1.8 V,Unused · intentional NC,intentional no-connect,intentional_no_connect,,1,,No function or physical net in this revision; no boot/power pin removed. The schematic NC marker documents intent; the bitstream must also set its unused-pin behavior.
U1.P18,U1,P18,IO_L9N_T1_DQS_D13_14,14,1.8 V,Unused · intentional NC,intentional no-connect,intentional_no_connect,,1,,No function or physical net in this revision; no boot/power pin removed. The schematic NC marker documents intent; the bitstream must also set its unused-pin behavior.
U1.P3,U1,P3,IO_L14N_T2_SRCC_34,34,1.5 V,Unused · intentional NC,intentional no-connect,intentional_no_connect,,1,,Unused N mate of single-ended LVCMOS15 returned-clock P ball P4; no differential receiver instantiated. The schematic NC marker documents intent; the bitstream must also set its unused-pin behavior.
U1.P5,U1,P5,IO_L13N_T2_MRCC_34,34,1.5 V,Unused · intentional NC,intentional no-connect,intentional_no_connect,,1,,Unused N mate of single-ended LVCMOS15 returned-clock P ball N5; no differential receiver instantiated. The schematic NC marker documents intent; the bitstream must also set its unused-pin behavior.
U1.R10,U1,R10,IO_25_14,14,1.8 V,Unused · intentional NC,intentional no-connect,intentional_no_connect,,1,,No function or physical net in this revision; no boot/power pin removed. The schematic NC marker documents intent; the bitstream must also set its unused-pin behavior.
U1.R11,U1,R11,IO_0_14,14,1.8 V,Unused · intentional NC,intentional no-connect,intentional_no_connect,,1,,No function or physical net in this revision; no boot/power pin removed. The schematic NC marker documents intent; the bitstream must also set its unused-pin behavior.
U1.R12,U1,R12,IO_L5P_T0_D06_14,14,1.8 V,Unused · intentional NC,intentional no-connect,intentional_no_connect,,1,,No function or physical net in this revision; no boot/power pin removed. The schematic NC marker documents intent; the bitstream must also set its unused-pin behavior.
U1.R13,U1,R13,IO_L5N_T0_D07_14,14,1.8 V,Unused · intentional NC,intentional no-connect,intentional_no_connect,,1,,No function or physical net in this revision; no boot/power pin removed. The schematic NC marker documents intent; the bitstream must also set its unused-pin behavior.
U1.R15,U1,R15,IO_L13N_T2_MRCC_14,14,1.8 V,Unused · intentional NC,intentional no-connect,intentional_no_connect,,1,,No function or physical net in this revision; no boot/power pin removed. The schematic NC marker documents intent; the bitstream must also set its unused-pin behavior.
U1.R16,U1,R16,IO_L15P_T2_DQS_RDWR_B_14,14,1.8 V,Unused · intentional NC,intentional no-connect,intentional_no_connect,,1,,No function or physical net in this revision; no boot/power pin removed. The schematic NC marker documents intent; the bitstream must also set its unused-pin behavior.
U1.R17,U1,R17,IO_L12N_T1_MRCC_14,14,1.8 V,Unused · intentional NC,intentional no-connect,intentional_no_connect,,1,,Unused N mate of single-ended oscillator P17. The schematic NC marker documents intent; the bitstream must also set its unused-pin behavior.
U1.R18,U1,R18,IO_L7P_T1_D09_14,14,1.8 V,Unused · intentional NC,intentional no-connect,intentional_no_connect,,1,,No function or physical net in this revision; no boot/power pin removed. The schematic NC marker documents intent; the bitstream must also set its unused-pin behavior.
U1.R5,U1,R5,IO_L19N_T3_VREF_34,34,1.5 V,Unused · intentional NC,intentional no-connect,intentional_no_connect,,1,,GPIO/multifunction VREF alias; selected LVCMOS15/LVDS_25/1.8V configuration interface needs no external VREF here. The schematic NC marker documents intent; the bitstream must also set its unused-pin behavior.
U1.T10,U1,T10,IO_L24N_T3_A00_D16_14,14,1.8 V,Unused · intentional NC,intentional no-connect,intentional_no_connect,,1,,No function or physical net in this revision; no boot/power pin removed. The schematic NC marker documents intent; the bitstream must also set its unused-pin behavior.
U1.T11,U1,T11,IO_L19P_T3_A10_D26_14,14,1.8 V,Unused · intentional NC,intentional no-connect,intentional_no_connect,,1,,No function or physical net in this revision; no boot/power pin removed. The schematic NC marker documents intent; the bitstream must also set its unused-pin behavior.
U1.T13,U1,T13,IO_L23P_T3_A03_D19_14,14,1.8 V,Unused · intentional NC,intentional no-connect,intentional_no_connect,,1,,No function or physical net in this revision; no boot/power pin removed. The schematic NC marker documents intent; the bitstream must also set its unused-pin behavior.
U1.T14,U1,T14,IO_L14P_T2_SRCC_14,14,1.8 V,Unused · intentional NC,intentional no-connect,intentional_no_connect,,1,,No function or physical net in this revision; no boot/power pin removed. The schematic NC marker documents intent; the bitstream must also set its unused-pin behavior.
U1.T15,U1,T15,IO_L14N_T2_SRCC_14,14,1.8 V,Unused · intentional NC,intentional no-connect,intentional_no_connect,,1,,No function or physical net in this revision; no boot/power pin removed. The schematic NC marker documents intent; the bitstream must also set its unused-pin behavior.
U1.T16,U1,T16,IO_L15N_T2_DQS_DOUT_CSO_B_14,14,1.8 V,Unused · intentional NC,intentional no-connect,intentional_no_connect,,1,,No function or physical net in this revision; no boot/power pin removed. The schematic NC marker documents intent; the bitstream must also set its unused-pin behavior.
U1.T18,U1,T18,IO_L7N_T1_D10_14,14,1.8 V,Unused · intentional NC,intentional no-connect,intentional_no_connect,,1,,No function or physical net in this revision; no boot/power pin removed. The schematic NC marker documents intent; the bitstream must also set its unused-pin behavior.
U1.T3,U1,T3,IO_L11N_T1_SRCC_34,34,1.5 V,Unused · intentional NC,intentional no-connect,intentional_no_connect,,1,,Unused N mate of single-ended LVCMOS15 returned-clock P ball R3; no differential receiver instantiated. The schematic NC marker documents intent; the bitstream must also set its unused-pin behavior.
U1.T4,U1,T4,IO_L12N_T1_MRCC_34,34,1.5 V,Unused · intentional NC,intentional no-connect,intentional_no_connect,,1,,Unused N mate of single-ended LVCMOS15 returned-clock P ball T5; no differential receiver instantiated. The schematic NC marker documents intent; the bitstream must also set its unused-pin behavior.
U1.T9,U1,T9,IO_L24P_T3_A01_D17_14,14,1.8 V,Unused · intentional NC,intentional no-connect,intentional_no_connect,,1,,No function or physical net in this revision; no boot/power pin removed. The schematic NC marker documents intent; the bitstream must also set its unused-pin behavior.
U1.U11,U1,U11,IO_L19N_T3_A09_D25_VREF_14,14,1.8 V,Unused · intentional NC,intentional no-connect,intentional_no_connect,,1,,GPIO/multifunction VREF alias; selected LVCMOS15/LVDS_25/1.8V configuration interface needs no external VREF here. The schematic NC marker documents intent; the bitstream must also set its unused-pin behavior.
U1.U12,U1,U12,IO_L20P_T3_A08_D24_14,14,1.8 V,Unused · intentional NC,intentional no-connect,intentional_no_connect,,1,,No function or physical net in this revision; no boot/power pin removed. The schematic NC marker documents intent; the bitstream must also set its unused-pin behavior.
U1.U13,U1,U13,IO_L23N_T3_A02_D18_14,14,1.8 V,Unused · intentional NC,intentional no-connect,intentional_no_connect,,1,,No function or physical net in this revision; no boot/power pin removed. The schematic NC marker documents intent; the bitstream must also set its unused-pin behavior.
U1.U14,U1,U14,IO_L22P_T3_A05_D21_14,14,1.8 V,Unused · intentional NC,intentional no-connect,intentional_no_connect,,1,,No function or physical net in this revision; no boot/power pin removed. The schematic NC marker documents intent; the bitstream must also set its unused-pin behavior.
U1.U16,U1,U16,IO_L18P_T2_A12_D28_14,14,1.8 V,Unused · intentional NC,intentional no-connect,intentional_no_connect,,1,,No function or physical net in this revision; no boot/power pin removed. The schematic NC marker documents intent; the bitstream must also set its unused-pin behavior.
U1.U17,U1,U17,IO_L17P_T2_A14_D30_14,14,1.8 V,Unused · intentional NC,intentional no-connect,intentional_no_connect,,1,,No function or physical net in this revision; no boot/power pin removed. The schematic NC marker documents intent; the bitstream must also set its unused-pin behavior.
U1.U18,U1,U18,IO_L17N_T2_A13_D29_14,14,1.8 V,Unused · intentional NC,intentional no-connect,intentional_no_connect,,1,,No function or physical net in this revision; no boot/power pin removed. The schematic NC marker documents intent; the bitstream must also set its unused-pin behavior.
U1.V10,U1,V10,IO_L21P_T3_DQS_14,14,1.8 V,Unused · intentional NC,intentional no-connect,intentional_no_connect,,1,,No function or physical net in this revision; no boot/power pin removed. The schematic NC marker documents intent; the bitstream must also set its unused-pin behavior.
U1.V11,U1,V11,IO_L21N_T3_DQS_A06_D22_14,14,1.8 V,Unused · intentional NC,intentional no-connect,intentional_no_connect,,1,,No function or physical net in this revision; no boot/power pin removed. The schematic NC marker documents intent; the bitstream must also set its unused-pin behavior.
U1.V12,U1,V12,IO_L20N_T3_A07_D23_14,14,1.8 V,Unused · intentional NC,intentional no-connect,intentional_no_connect,,1,,No function or physical net in this revision; no boot/power pin removed. The schematic NC marker documents intent; the bitstream must also set its unused-pin behavior.
U1.V14,U1,V14,IO_L22N_T3_A04_D20_14,14,1.8 V,Unused · intentional NC,intentional no-connect,intentional_no_connect,,1,,No function or physical net in this revision; no boot/power pin removed. The schematic NC marker documents intent; the bitstream must also set its unused-pin behavior.
U1.V15,U1,V15,IO_L16P_T2_CSI_B_14,14,1.8 V,Unused · intentional NC,intentional no-connect,intentional_no_connect,,1,,No function or physical net in this revision; no boot/power pin removed. The schematic NC marker documents intent; the bitstream must also set its unused-pin behavior.
U1.V16,U1,V16,IO_L16N_T2_A15_D31_14,14,1.8 V,Unused · intentional NC,intentional no-connect,intentional_no_connect,,1,,No function or physical net in this revision; no boot/power pin removed. The schematic NC marker documents intent; the bitstream must also set its unused-pin behavior.
U1.V17,U1,V17,IO_L18N_T2_A11_D27_14,14,1.8 V,Unused · intentional NC,intentional no-connect,intentional_no_connect,,1,,No function or physical net in this revision; no boot/power pin removed. The schematic NC marker documents intent; the bitstream must also set its unused-pin behavior.
U4.7,U4,7,PG,,,Unused · intentional NC,intentional no-connect,intentional_no_connect,,1,,Unused open-drain power-good output. Its shared status branch and R12 were removed because no circuit consumed the signal. TI permits unused PG to be left open.
U5.7,U5,7,PG,,,Unused · intentional NC,intentional no-connect,intentional_no_connect,,1,,Unused open-drain power-good output. Its shared status branch and R12 were removed because no circuit consumed the signal. TI permits unused PG to be left open.
