cable_TypeD_contact,function,direction_at_custom_FPGA,custom_FPGA_ball,custom_board_series_part,adapter_socket,adapter_destination,XEM_connector_contact,XEM_FPGA_ball,status
1,VTREF_1V8,sense,,,J2.1,J4.1 generic target JTAG header,,,Probe electrical/loading qualification pending; not vendor plug-compatible
2,JTAG_TMS,input,R8,,J2.2,J4.2 generic target JTAG header,,,Probe electrical/loading qualification pending; not vendor plug-compatible
3,RECORD_TX0_P,output,H2,C137,J2.3,J1.41,MC3.41,M2,Verified contact proposal; cable continuity still required
4,GND,return,,,J2.4,GND plane,,,Board connection specified; cable ground/return qualification pending
5,RECORD_TX0_N,output,H1,C138,J2.5,J1.43,MC3.43,M1,Verified contact proposal; cable continuity still required
6,RECORD_TX1_P,output,F2,C139,J2.6,J1.45,MC3.45,K2,Verified contact proposal; cable continuity still required
7,GND,return,,,J2.7,GND plane,,,Board connection specified; cable ground/return qualification pending
8,RECORD_TX1_N,output,F1,C140,J2.8,J1.47,MC3.47,K1,Verified contact proposal; cable continuity still required
9,RECORD_TX2_P,output,D2,C141,J2.9,J1.49,MC3.49,H2,Verified contact proposal; cable continuity still required
10,GND,return,,,J2.10,GND plane,,,Board connection specified; cable ground/return qualification pending
11,RECORD_TX2_N,output,D1,C142,J2.11,J1.51,MC3.51,H1,Verified contact proposal; cable continuity still required
12,CONTROL_RX1_P,input,A4,C143,J2.12,J1.42,MC3.42,N5,Verified contact proposal; cable continuity still required
13,GND,return,,,J2.13,GND plane,,,Board connection specified; cable ground/return qualification pending
14,CONTROL_RX1_N,input,A3,C144,J2.14,J1.44,MC3.44,N4,Verified contact proposal; cable continuity still required
15,JTAG_TDI,input,T9,,J2.15,J4.3 generic target JTAG header,,,Probe electrical/loading qualification pending; not vendor plug-compatible
16,GND,return,,,J2.16,GND plane,,,Board connection specified; cable ground/return qualification pending
17,JTAG_TCK,input,F8,,J2.17,J4.4 generic target JTAG header,,,Probe electrical/loading qualification pending; not vendor plug-compatible
18,JTAG_TDO,output,T8,R118,J2.18,J4.5 generic target JTAG header,,,Probe electrical/loading qualification pending; not vendor plug-compatible
19,CABLE_12V_RESERVED,input,,,J2.19,Selected 12 V feed; source/protection not yet connected,,,12 V selected by Howard; full FPGA + routing + ASIC supply required; current/protection/cable qualification pending
SH,SHELL_GND,shield,,,J2.SH,GND plane,,,Board connection specified; cable ground/return qualification pending
